INSERT INTO user ( user_id, email, name, profile_image, role ) VALUES ( 1, '07ily@naver.com', '현학 김', 'https://file.notion.so/f/f/78c823ce-7bdc-411a-a0f8-d7c30213f51e/3d3e8e46-a9c3-4368-9dcc-8f9875624ffe/Untitled.png?id=674782df-5ddd-48f4-8b4c-6af80a95719b&table=block&spaceId=78c823ce-7bdc-411a-a0f8-d7c30213f51e&expirationTimestamp=1698912000000&signature=nnduEQulkGQF8cLQLGLevmBRfpsGFAiZYNmMSv0cdvc&downloadName=Untitled.png', 'USER');
INSERT INTO user ( user_id, email, name, profile_image, role ) VALUES ( 2, 'user2@naver.com', '우진 김', 'https://file.notion.so/f/f/78c823ce-7bdc-411a-a0f8-d7c30213f51e/3d3e8e46-a9c3-4368-9dcc-8f9875624ffe/Untitled.png?id=674782df-5ddd-48f4-8b4c-6af80a95719b&table=block&spaceId=78c823ce-7bdc-411a-a0f8-d7c30213f51e&expirationTimestamp=1698912000000&signature=nnduEQulkGQF8cLQLGLevmBRfpsGFAiZYNmMSv0cdvc&downloadName=Untitled.png', 'USER');
INSERT INTO user ( user_id, email, name, profile_image, role ) VALUES ( 3, 'user3@naver.com', '주희 이', 'https://file.notion.so/f/f/78c823ce-7bdc-411a-a0f8-d7c30213f51e/3d3e8e46-a9c3-4368-9dcc-8f9875624ffe/Untitled.png?id=674782df-5ddd-48f4-8b4c-6af80a95719b&table=block&spaceId=78c823ce-7bdc-411a-a0f8-d7c30213f51e&expirationTimestamp=1698912000000&signature=nnduEQulkGQF8cLQLGLevmBRfpsGFAiZYNmMSv0cdvc&downloadName=Untitled.png', 'USER');
INSERT INTO user ( user_id, email, name, profile_image, role ) VALUES ( 4, 'user4@naver.com', '승효 조', 'https://file.notion.so/f/f/78c823ce-7bdc-411a-a0f8-d7c30213f51e/3d3e8e46-a9c3-4368-9dcc-8f9875624ffe/Untitled.png?id=674782df-5ddd-48f4-8b4c-6af80a95719b&table=block&spaceId=78c823ce-7bdc-411a-a0f8-d7c30213f51e&expirationTimestamp=1698912000000&signature=nnduEQulkGQF8cLQLGLevmBRfpsGFAiZYNmMSv0cdvc&downloadName=Untitled.png', 'USER');
INSERT INTO user ( user_id, email, name, profile_image, role ) VALUES ( 5, 'user5@naver.com', '태민 장', 'https://file.notion.so/f/f/78c823ce-7bdc-411a-a0f8-d7c30213f51e/3d3e8e46-a9c3-4368-9dcc-8f9875624ffe/Untitled.png?id=674782df-5ddd-48f4-8b4c-6af80a95719b&table=block&spaceId=78c823ce-7bdc-411a-a0f8-d7c30213f51e&expirationTimestamp=1698912000000&signature=nnduEQulkGQF8cLQLGLevmBRfpsGFAiZYNmMSv0cdvc&downloadName=Untitled.png', 'USER');
INSERT INTO user ( user_id, email, name, profile_image, role ) VALUES ( 6, 'user6@naver.com', '승재 현', 'https://file.notion.so/f/f/78c823ce-7bdc-411a-a0f8-d7c30213f51e/3d3e8e46-a9c3-4368-9dcc-8f9875624ffe/Untitled.png?id=674782df-5ddd-48f4-8b4c-6af80a95719b&table=block&spaceId=78c823ce-7bdc-411a-a0f8-d7c30213f51e&expirationTimestamp=1698912000000&signature=nnduEQulkGQF8cLQLGLevmBRfpsGFAiZYNmMSv0cdvc&downloadName=Untitled.png', 'USER');
INSERT INTO user ( user_id, email, name, profile_image, role ) VALUES ( 7, 'user7@naver.com', 'John Smith', 'https://file.notion.so/f/f/78c823ce-7bdc-411a-a0f8-d7c30213f51e/3d3e8e46-a9c3-4368-9dcc-8f9875624ffe/Untitled.png?id=674782df-5ddd-48f4-8b4c-6af80a95719b&table=block&spaceId=78c823ce-7bdc-411a-a0f8-d7c30213f51e&expirationTimestamp=1698912000000&signature=nnduEQulkGQF8cLQLGLevmBRfpsGFAiZYNmMSv0cdvc&downloadName=Untitled.png', 'USER');
INSERT INTO user ( user_id, email, name, profile_image, role ) VALUES ( 8, 'user8@naver.com', 'Lena Kim', 'https://file.notion.so/f/f/78c823ce-7bdc-411a-a0f8-d7c30213f51e/3d3e8e46-a9c3-4368-9dcc-8f9875624ffe/Untitled.png?id=674782df-5ddd-48f4-8b4c-6af80a95719b&table=block&spaceId=78c823ce-7bdc-411a-a0f8-d7c30213f51e&expirationTimestamp=1698912000000&signature=nnduEQulkGQF8cLQLGLevmBRfpsGFAiZYNmMSv1cdvc&downloadName=Untitled.png', 'USER');
INSERT INTO user ( user_id, email, name, profile_image, role ) VALUES ( 9, 'user9@naver.com', 'Steve Jobs', 'https://file.notion.so/f/f/78c823ce-7bdc-411a-a0f8-d7c30213f51e/3d3e8e46-a9c3-4368-9dcc-8f9875624ffe/Untitled.png?id=674782df-5ddd-48f4-8b4c-6af80a95719b&table=block&spaceId=78c823ce-7bdc-411a-a0f8-d7c30213f51e&expirationTimestamp=1698912000000&signature=nnduEQulkGQF8cLQLGLevmBRfpsGFAiZYNmMSv2cdvc&downloadName=Untitled.png', 'USER');
INSERT INTO user ( user_id, email, name, profile_image, role ) VALUES ( 10, 'user10@naver.com', 'Michael Jordan', 'https://file.notion.so/f/f/78c823ce-7bdc-411a-a0f8-d7c30213f51e/3d3e8e46-a9c3-4368-9dcc-8f9875624ffe/Untitled.png?id=674782df-5ddd-48f4-8b4c-6af80a95719b&table=block&spaceId=78c823ce-7bdc-411a-a0f8-d7c30213f51e&expirationTimestamp=1698912000000&signature=nnduEQulkGQF8cLQLGLevmBRfpsGFAiZYNmMSv3cdvc&downloadName=Untitled.png', 'USER');
INSERT INTO user ( user_id, email, name, profile_image, role ) VALUES ( 11, 'user11@naver.com', 'Gaius Julius Caesar', 'https://file.notion.so/f/f/78c823ce-7bdc-411a-a0f8-d7c30213f51e/3d3e8e46-a9c3-4368-9dcc-8f9875624ffe/Untitled.png?id=674782df-5ddd-48f4-8b4c-6af80a95719b&table=block&spaceId=78c823ce-7bdc-411a-a0f8-d7c30213f51e&expirationTimestamp=1698912000000&signature=nnduEQulkGQF8cLQLGLevmBRfpsGFAiZYNmMSv4cdvc&downloadName=Untitled.png', 'USER');
INSERT INTO user ( user_id, email, name, profile_image, role ) VALUES ( 12, 'user12@naver.com', 'John Fitzgerald Kennedy', 'https://file.notion.so/f/f/78c823ce-7bdc-411a-a0f8-d7c30213f51e/3d3e8e46-a9c3-4368-9dcc-8f9875624ffe/Untitled.png?id=674782df-5ddd-48f4-8b4c-6af80a95719b&table=block&spaceId=78c823ce-7bdc-411a-a0f8-d7c30213f51e&expirationTimestamp=1698912000000&signature=nnduEQulkGQF8cLQLGLevmBRfpsGFAiZYNmMSv5cdvc&downloadName=Untitled.png', 'USER');
INSERT INTO user ( user_id, email, name, profile_image, role ) VALUES ( 13, 'user13@naver.com', '길동 홍', 'https://file.notion.so/f/f/78c823ce-7bdc-411a-a0f8-d7c30213f51e/3d3e8e46-a9c3-4368-9dcc-8f9875624ffe/Untitled.png?id=674782df-5ddd-48f4-8b4c-6af80a95719b&table=block&spaceId=78c823ce-7bdc-411a-a0f8-d7c30213f51e&expirationTimestamp=1698912000000&signature=nnduEQulkGQF8cLQLGLevmBRfpsGFAiZYNmMSv6cdvc&downloadName=Untitled.png', 'USER');
INSERT INTO user ( user_id, email, name, profile_image, role ) VALUES ( 14, 'user14@naver.com', '길동 홍', 'https://file.notion.so/f/f/78c823ce-7bdc-411a-a0f8-d7c30213f51e/3d3e8e46-a9c3-4368-9dcc-8f9875624ffe/Untitled.png?id=674782df-5ddd-48f4-8b4c-6af80a95719b&table=block&spaceId=78c823ce-7bdc-411a-a0f8-d7c30213f51e&expirationTimestamp=1698912000000&signature=nnduEQulkGQF8cLQLGLevmBRfpsGFAiZYNmMSv7cdvc&downloadName=Untitled.png', 'USER');
INSERT INTO user ( user_id, email, name, profile_image, role ) VALUES ( 15, 'user15@naver.com', '길동 홍', 'https://file.notion.so/f/f/78c823ce-7bdc-411a-a0f8-d7c30213f51e/3d3e8e46-a9c3-4368-9dcc-8f9875624ffe/Untitled.png?id=674782df-5ddd-48f4-8b4c-6af80a95719b&table=block&spaceId=78c823ce-7bdc-411a-a0f8-d7c30213f51e&expirationTimestamp=1698912000000&signature=nnduEQulkGQF8cLQLGLevmBRfpsGFAiZYNmMSv8cdvc&downloadName=Untitled.png', 'USER');
INSERT INTO user ( user_id, email, name, profile_image, role ) VALUES ( 16, 'user16@naver.com', '길동 홍', 'https://file.notion.so/f/f/78c823ce-7bdc-411a-a0f8-d7c30213f51e/3d3e8e46-a9c3-4368-9dcc-8f9875624ffe/Untitled.png?id=674782df-5ddd-48f4-8b4c-6af80a95719b&table=block&spaceId=78c823ce-7bdc-411a-a0f8-d7c30213f51e&expirationTimestamp=1698912000000&signature=nnduEQulkGQF8cLQLGLevmBRfpsGFAiZYNmMSv9cdvc&downloadName=Untitled.png', 'USER');
INSERT INTO user ( user_id, email, name, profile_image, role ) VALUES ( 17, 'user17@naver.com', '길동 홍', 'https://file.notion.so/f/f/78c823ce-7bdc-411a-a0f8-d7c30213f51e/3d3e8e46-a9c3-4368-9dcc-8f9875624ffe/Untitled.png?id=674782df-5ddd-48f4-8b4c-6af80a95719b&table=block&spaceId=78c823ce-7bdc-411a-a0f8-d7c30213f51e&expirationTimestamp=1698912000000&signature=nnduEQulkGQF8cLQLGLevmBRfpsGFAiZYNmMSv10cdvc&downloadName=Untitled.png', 'USER');
INSERT INTO user ( user_id, email, name, profile_image, role ) VALUES ( 18, 'user18@naver.com', '길동 홍', 'https://file.notion.so/f/f/78c823ce-7bdc-411a-a0f8-d7c30213f51e/3d3e8e46-a9c3-4368-9dcc-8f9875624ffe/Untitled.png?id=674782df-5ddd-48f4-8b4c-6af80a95719b&table=block&spaceId=78c823ce-7bdc-411a-a0f8-d7c30213f51e&expirationTimestamp=1698912000000&signature=nnduEQulkGQF8cLQLGLevmBRfpsGFAiZYNmMSv11cdvc&downloadName=Untitled.png', 'USER');
INSERT INTO user ( user_id, email, name, profile_image, role ) VALUES ( 19, 'user19@naver.com', '길동 홍', 'https://file.notion.so/f/f/78c823ce-7bdc-411a-a0f8-d7c30213f51e/3d3e8e46-a9c3-4368-9dcc-8f9875624ffe/Untitled.png?id=674782df-5ddd-48f4-8b4c-6af80a95719b&table=block&spaceId=78c823ce-7bdc-411a-a0f8-d7c30213f51e&expirationTimestamp=1698912000000&signature=nnduEQulkGQF8cLQLGLevmBRfpsGFAiZYNmMSv12cdvc&downloadName=Untitled.png', 'USER');
INSERT INTO user ( user_id, email, name, profile_image, role ) VALUES ( 20, 'user20@naver.com', '길동 홍', 'https://file.notion.so/f/f/78c823ce-7bdc-411a-a0f8-d7c30213f51e/3d3e8e46-a9c3-4368-9dcc-8f9875624ffe/Untitled.png?id=674782df-5ddd-48f4-8b4c-6af80a95719b&table=block&spaceId=78c823ce-7bdc-411a-a0f8-d7c30213f51e&expirationTimestamp=1698912000000&signature=nnduEQulkGQF8cLQLGLevmBRfpsGFAiZYNmMSv13cdvc&downloadName=Untitled.png', 'USER');
INSERT INTO user ( user_id, email, name, profile_image, role ) VALUES ( 21, 'user21@naver.com', '길동 홍', 'https://file.notion.so/f/f/78c823ce-7bdc-411a-a0f8-d7c30213f51e/3d3e8e46-a9c3-4368-9dcc-8f9875624ffe/Untitled.png?id=674782df-5ddd-48f4-8b4c-6af80a95719b&table=block&spaceId=78c823ce-7bdc-411a-a0f8-d7c30213f51e&expirationTimestamp=1698912000000&signature=nnduEQulkGQF8cLQLGLevmBRfpsGFAiZYNmMSv14cdvc&downloadName=Untitled.png', 'USER');
INSERT INTO user ( user_id, email, name, profile_image, role ) VALUES ( 22, 'user22@naver.com', '길동 홍', 'https://file.notion.so/f/f/78c823ce-7bdc-411a-a0f8-d7c30213f51e/3d3e8e46-a9c3-4368-9dcc-8f9875624ffe/Untitled.png?id=674782df-5ddd-48f4-8b4c-6af80a95719b&table=block&spaceId=78c823ce-7bdc-411a-a0f8-d7c30213f51e&expirationTimestamp=1698912000000&signature=nnduEQulkGQF8cLQLGLevmBRfpsGFAiZYNmMSv15cdvc&downloadName=Untitled.png', 'USER');
INSERT INTO user ( user_id, email, name, profile_image, role ) VALUES ( 23, 'user23@naver.com', '길동 홍', 'https://file.notion.so/f/f/78c823ce-7bdc-411a-a0f8-d7c30213f51e/3d3e8e46-a9c3-4368-9dcc-8f9875624ffe/Untitled.png?id=674782df-5ddd-48f4-8b4c-6af80a95719b&table=block&spaceId=78c823ce-7bdc-411a-a0f8-d7c30213f51e&expirationTimestamp=1698912000000&signature=nnduEQulkGQF8cLQLGLevmBRfpsGFAiZYNmMSv16cdvc&downloadName=Untitled.png', 'USER');
INSERT INTO user ( user_id, email, name, profile_image, role ) VALUES ( 24, 'user24@naver.com', '길동 홍', 'https://file.notion.so/f/f/78c823ce-7bdc-411a-a0f8-d7c30213f51e/3d3e8e46-a9c3-4368-9dcc-8f9875624ffe/Untitled.png?id=674782df-5ddd-48f4-8b4c-6af80a95719b&table=block&spaceId=78c823ce-7bdc-411a-a0f8-d7c30213f51e&expirationTimestamp=1698912000000&signature=nnduEQulkGQF8cLQLGLevmBRfpsGFAiZYNmMSv17cdvc&downloadName=Untitled.png', 'USER');
INSERT INTO user ( user_id, email, name, profile_image, role ) VALUES ( 25, 'user25@naver.com', '길동 홍', 'https://file.notion.so/f/f/78c823ce-7bdc-411a-a0f8-d7c30213f51e/3d3e8e46-a9c3-4368-9dcc-8f9875624ffe/Untitled.png?id=674782df-5ddd-48f4-8b4c-6af80a95719b&table=block&spaceId=78c823ce-7bdc-411a-a0f8-d7c30213f51e&expirationTimestamp=1698912000000&signature=nnduEQulkGQF8cLQLGLevmBRfpsGFAiZYNmMSv18cdvc&downloadName=Untitled.png', 'USER');
INSERT INTO user ( user_id, email, name, profile_image, role ) VALUES ( 26, 'user26@naver.com', '길동 홍', 'https://file.notion.so/f/f/78c823ce-7bdc-411a-a0f8-d7c30213f51e/3d3e8e46-a9c3-4368-9dcc-8f9875624ffe/Untitled.png?id=674782df-5ddd-48f4-8b4c-6af80a95719b&table=block&spaceId=78c823ce-7bdc-411a-a0f8-d7c30213f51e&expirationTimestamp=1698912000000&signature=nnduEQulkGQF8cLQLGLevmBRfpsGFAiZYNmMSv19cdvc&downloadName=Untitled.png', 'USER');
INSERT INTO user ( user_id, email, name, profile_image, role ) VALUES ( 27, 'user27@naver.com', '길동 홍', 'https://file.notion.so/f/f/78c823ce-7bdc-411a-a0f8-d7c30213f51e/3d3e8e46-a9c3-4368-9dcc-8f9875624ffe/Untitled.png?id=674782df-5ddd-48f4-8b4c-6af80a95719b&table=block&spaceId=78c823ce-7bdc-411a-a0f8-d7c30213f51e&expirationTimestamp=1698912000000&signature=nnduEQulkGQF8cLQLGLevmBRfpsGFAiZYNmMSv20cdvc&downloadName=Untitled.png', 'USER');
INSERT INTO user ( user_id, email, name, profile_image, role ) VALUES ( 28, 'user28@naver.com', '길동 홍', 'https://file.notion.so/f/f/78c823ce-7bdc-411a-a0f8-d7c30213f51e/3d3e8e46-a9c3-4368-9dcc-8f9875624ffe/Untitled.png?id=674782df-5ddd-48f4-8b4c-6af80a95719b&table=block&spaceId=78c823ce-7bdc-411a-a0f8-d7c30213f51e&expirationTimestamp=1698912000000&signature=nnduEQulkGQF8cLQLGLevmBRfpsGFAiZYNmMSv21cdvc&downloadName=Untitled.png', 'USER');
INSERT INTO user ( user_id, email, name, profile_image, role ) VALUES ( 29, 'user29@naver.com', '길동 홍', 'https://file.notion.so/f/f/78c823ce-7bdc-411a-a0f8-d7c30213f51e/3d3e8e46-a9c3-4368-9dcc-8f9875624ffe/Untitled.png?id=674782df-5ddd-48f4-8b4c-6af80a95719b&table=block&spaceId=78c823ce-7bdc-411a-a0f8-d7c30213f51e&expirationTimestamp=1698912000000&signature=nnduEQulkGQF8cLQLGLevmBRfpsGFAiZYNmMSv22cdvc&downloadName=Untitled.png', 'USER');
INSERT INTO user ( user_id, email, name, profile_image, role ) VALUES ( 30, 'user30@naver.com', '길동 홍', 'https://file.notion.so/f/f/78c823ce-7bdc-411a-a0f8-d7c30213f51e/3d3e8e46-a9c3-4368-9dcc-8f9875624ffe/Untitled.png?id=674782df-5ddd-48f4-8b4c-6af80a95719b&table=block&spaceId=78c823ce-7bdc-411a-a0f8-d7c30213f51e&expirationTimestamp=1698912000000&signature=nnduEQulkGQF8cLQLGLevmBRfpsGFAiZYNmMSv23cdvc&downloadName=Untitled.png', 'USER');
INSERT INTO user ( user_id, email, name, profile_image, role ) VALUES ( 31, 'user31@naver.com', '길동 홍', 'https://file.notion.so/f/f/78c823ce-7bdc-411a-a0f8-d7c30213f51e/3d3e8e46-a9c3-4368-9dcc-8f9875624ffe/Untitled.png?id=674782df-5ddd-48f4-8b4c-6af80a95719b&table=block&spaceId=78c823ce-7bdc-411a-a0f8-d7c30213f51e&expirationTimestamp=1698912000000&signature=nnduEQulkGQF8cLQLGLevmBRfpsGFAiZYNmMSv24cdvc&downloadName=Untitled.png', 'USER');
INSERT INTO user ( user_id, email, name, profile_image, role ) VALUES ( 32, 'user32@naver.com', '길동 홍', 'https://file.notion.so/f/f/78c823ce-7bdc-411a-a0f8-d7c30213f51e/3d3e8e46-a9c3-4368-9dcc-8f9875624ffe/Untitled.png?id=674782df-5ddd-48f4-8b4c-6af80a95719b&table=block&spaceId=78c823ce-7bdc-411a-a0f8-d7c30213f51e&expirationTimestamp=1698912000000&signature=nnduEQulkGQF8cLQLGLevmBRfpsGFAiZYNmMSv25cdvc&downloadName=Untitled.png', 'USER');
INSERT INTO user ( user_id, email, name, profile_image, role ) VALUES ( 33, 'user33@naver.com', '길동 홍', 'https://file.notion.so/f/f/78c823ce-7bdc-411a-a0f8-d7c30213f51e/3d3e8e46-a9c3-4368-9dcc-8f9875624ffe/Untitled.png?id=674782df-5ddd-48f4-8b4c-6af80a95719b&table=block&spaceId=78c823ce-7bdc-411a-a0f8-d7c30213f51e&expirationTimestamp=1698912000000&signature=nnduEQulkGQF8cLQLGLevmBRfpsGFAiZYNmMSv26cdvc&downloadName=Untitled.png', 'USER');
INSERT INTO user ( user_id, email, name, profile_image, role ) VALUES ( 34, 'user34@naver.com', '길동 홍', 'https://file.notion.so/f/f/78c823ce-7bdc-411a-a0f8-d7c30213f51e/3d3e8e46-a9c3-4368-9dcc-8f9875624ffe/Untitled.png?id=674782df-5ddd-48f4-8b4c-6af80a95719b&table=block&spaceId=78c823ce-7bdc-411a-a0f8-d7c30213f51e&expirationTimestamp=1698912000000&signature=nnduEQulkGQF8cLQLGLevmBRfpsGFAiZYNmMSv27cdvc&downloadName=Untitled.png', 'USER');
INSERT INTO user ( user_id, email, name, profile_image, role ) VALUES ( 35, 'user35@naver.com', '길동 홍', 'https://file.notion.so/f/f/78c823ce-7bdc-411a-a0f8-d7c30213f51e/3d3e8e46-a9c3-4368-9dcc-8f9875624ffe/Untitled.png?id=674782df-5ddd-48f4-8b4c-6af80a95719b&table=block&spaceId=78c823ce-7bdc-411a-a0f8-d7c30213f51e&expirationTimestamp=1698912000000&signature=nnduEQulkGQF8cLQLGLevmBRfpsGFAiZYNmMSv28cdvc&downloadName=Untitled.png', 'USER');
INSERT INTO user ( user_id, email, name, profile_image, role ) VALUES ( 36, 'user36@naver.com', '길동 홍', 'https://file.notion.so/f/f/78c823ce-7bdc-411a-a0f8-d7c30213f51e/3d3e8e46-a9c3-4368-9dcc-8f9875624ffe/Untitled.png?id=674782df-5ddd-48f4-8b4c-6af80a95719b&table=block&spaceId=78c823ce-7bdc-411a-a0f8-d7c30213f51e&expirationTimestamp=1698912000000&signature=nnduEQulkGQF8cLQLGLevmBRfpsGFAiZYNmMSv29cdvc&downloadName=Untitled.png', 'USER');
INSERT INTO user ( user_id, email, name, profile_image, role ) VALUES ( 37, 'user37@naver.com', '길동 홍', 'https://file.notion.so/f/f/78c823ce-7bdc-411a-a0f8-d7c30213f51e/3d3e8e46-a9c3-4368-9dcc-8f9875624ffe/Untitled.png?id=674782df-5ddd-48f4-8b4c-6af80a95719b&table=block&spaceId=78c823ce-7bdc-411a-a0f8-d7c30213f51e&expirationTimestamp=1698912000000&signature=nnduEQulkGQF8cLQLGLevmBRfpsGFAiZYNmMSv30cdvc&downloadName=Untitled.png', 'USER');
INSERT INTO user ( user_id, email, name, profile_image, role ) VALUES ( 38, 'user38@naver.com', '길동 홍', 'https://file.notion.so/f/f/78c823ce-7bdc-411a-a0f8-d7c30213f51e/3d3e8e46-a9c3-4368-9dcc-8f9875624ffe/Untitled.png?id=674782df-5ddd-48f4-8b4c-6af80a95719b&table=block&spaceId=78c823ce-7bdc-411a-a0f8-d7c30213f51e&expirationTimestamp=1698912000000&signature=nnduEQulkGQF8cLQLGLevmBRfpsGFAiZYNmMSv31cdvc&downloadName=Untitled.png', 'USER');
INSERT INTO user ( user_id, email, name, profile_image, role ) VALUES ( 39, 'user39@naver.com', '길동 홍', 'https://file.notion.so/f/f/78c823ce-7bdc-411a-a0f8-d7c30213f51e/3d3e8e46-a9c3-4368-9dcc-8f9875624ffe/Untitled.png?id=674782df-5ddd-48f4-8b4c-6af80a95719b&table=block&spaceId=78c823ce-7bdc-411a-a0f8-d7c30213f51e&expirationTimestamp=1698912000000&signature=nnduEQulkGQF8cLQLGLevmBRfpsGFAiZYNmMSv32cdvc&downloadName=Untitled.png', 'USER');
INSERT INTO user ( user_id, email, name, profile_image, role ) VALUES ( 40, 'user40@naver.com', '길동 홍', 'https://file.notion.so/f/f/78c823ce-7bdc-411a-a0f8-d7c30213f51e/3d3e8e46-a9c3-4368-9dcc-8f9875624ffe/Untitled.png?id=674782df-5ddd-48f4-8b4c-6af80a95719b&table=block&spaceId=78c823ce-7bdc-411a-a0f8-d7c30213f51e&expirationTimestamp=1698912000000&signature=nnduEQulkGQF8cLQLGLevmBRfpsGFAiZYNmMSv33cdvc&downloadName=Untitled.png', 'USER');
INSERT INTO user ( user_id, email, name, profile_image, role ) VALUES ( 41, 'user41@naver.com', '길동 홍', 'https://file.notion.so/f/f/78c823ce-7bdc-411a-a0f8-d7c30213f51e/3d3e8e46-a9c3-4368-9dcc-8f9875624ffe/Untitled.png?id=674782df-5ddd-48f4-8b4c-6af80a95719b&table=block&spaceId=78c823ce-7bdc-411a-a0f8-d7c30213f51e&expirationTimestamp=1698912000000&signature=nnduEQulkGQF8cLQLGLevmBRfpsGFAiZYNmMSv34cdvc&downloadName=Untitled.png', 'USER');
INSERT INTO user ( user_id, email, name, profile_image, role ) VALUES ( 42, 'user42@naver.com', '길동 홍', 'https://file.notion.so/f/f/78c823ce-7bdc-411a-a0f8-d7c30213f51e/3d3e8e46-a9c3-4368-9dcc-8f9875624ffe/Untitled.png?id=674782df-5ddd-48f4-8b4c-6af80a95719b&table=block&spaceId=78c823ce-7bdc-411a-a0f8-d7c30213f51e&expirationTimestamp=1698912000000&signature=nnduEQulkGQF8cLQLGLevmBRfpsGFAiZYNmMSv35cdvc&downloadName=Untitled.png', 'USER');
INSERT INTO user ( user_id, email, name, profile_image, role ) VALUES ( 43, 'user43@naver.com', '길동 홍', 'https://file.notion.so/f/f/78c823ce-7bdc-411a-a0f8-d7c30213f51e/3d3e8e46-a9c3-4368-9dcc-8f9875624ffe/Untitled.png?id=674782df-5ddd-48f4-8b4c-6af80a95719b&table=block&spaceId=78c823ce-7bdc-411a-a0f8-d7c30213f51e&expirationTimestamp=1698912000000&signature=nnduEQulkGQF8cLQLGLevmBRfpsGFAiZYNmMSv36cdvc&downloadName=Untitled.png', 'USER');
INSERT INTO user ( user_id, email, name, profile_image, role ) VALUES ( 44, 'user44@naver.com', '길동 홍', 'https://file.notion.so/f/f/78c823ce-7bdc-411a-a0f8-d7c30213f51e/3d3e8e46-a9c3-4368-9dcc-8f9875624ffe/Untitled.png?id=674782df-5ddd-48f4-8b4c-6af80a95719b&table=block&spaceId=78c823ce-7bdc-411a-a0f8-d7c30213f51e&expirationTimestamp=1698912000000&signature=nnduEQulkGQF8cLQLGLevmBRfpsGFAiZYNmMSv37cdvc&downloadName=Untitled.png', 'USER');
INSERT INTO user ( user_id, email, name, profile_image, role ) VALUES ( 45, 'user45@naver.com', '길동 홍', 'https://file.notion.so/f/f/78c823ce-7bdc-411a-a0f8-d7c30213f51e/3d3e8e46-a9c3-4368-9dcc-8f9875624ffe/Untitled.png?id=674782df-5ddd-48f4-8b4c-6af80a95719b&table=block&spaceId=78c823ce-7bdc-411a-a0f8-d7c30213f51e&expirationTimestamp=1698912000000&signature=nnduEQulkGQF8cLQLGLevmBRfpsGFAiZYNmMSv38cdvc&downloadName=Untitled.png', 'USER');
INSERT INTO user ( user_id, email, name, profile_image, role ) VALUES ( 46, 'user46@naver.com', '길동 홍', 'https://file.notion.so/f/f/78c823ce-7bdc-411a-a0f8-d7c30213f51e/3d3e8e46-a9c3-4368-9dcc-8f9875624ffe/Untitled.png?id=674782df-5ddd-48f4-8b4c-6af80a95719b&table=block&spaceId=78c823ce-7bdc-411a-a0f8-d7c30213f51e&expirationTimestamp=1698912000000&signature=nnduEQulkGQF8cLQLGLevmBRfpsGFAiZYNmMSv39cdvc&downloadName=Untitled.png', 'USER');
INSERT INTO user ( user_id, email, name, profile_image, role ) VALUES ( 47, 'user47@naver.com', '길동 홍', 'https://file.notion.so/f/f/78c823ce-7bdc-411a-a0f8-d7c30213f51e/3d3e8e46-a9c3-4368-9dcc-8f9875624ffe/Untitled.png?id=674782df-5ddd-48f4-8b4c-6af80a95719b&table=block&spaceId=78c823ce-7bdc-411a-a0f8-d7c30213f51e&expirationTimestamp=1698912000000&signature=nnduEQulkGQF8cLQLGLevmBRfpsGFAiZYNmMSv40cdvc&downloadName=Untitled.png', 'USER');
INSERT INTO user ( user_id, email, name, profile_image, role ) VALUES ( 48, 'user48@naver.com', '길동 홍', 'https://file.notion.so/f/f/78c823ce-7bdc-411a-a0f8-d7c30213f51e/3d3e8e46-a9c3-4368-9dcc-8f9875624ffe/Untitled.png?id=674782df-5ddd-48f4-8b4c-6af80a95719b&table=block&spaceId=78c823ce-7bdc-411a-a0f8-d7c30213f51e&expirationTimestamp=1698912000000&signature=nnduEQulkGQF8cLQLGLevmBRfpsGFAiZYNmMSv41cdvc&downloadName=Untitled.png', 'USER');
INSERT INTO user ( user_id, email, name, profile_image, role ) VALUES ( 49, 'user49@naver.com', '길동 홍', 'https://file.notion.so/f/f/78c823ce-7bdc-411a-a0f8-d7c30213f51e/3d3e8e46-a9c3-4368-9dcc-8f9875624ffe/Untitled.png?id=674782df-5ddd-48f4-8b4c-6af80a95719b&table=block&spaceId=78c823ce-7bdc-411a-a0f8-d7c30213f51e&expirationTimestamp=1698912000000&signature=nnduEQulkGQF8cLQLGLevmBRfpsGFAiZYNmMSv42cdvc&downloadName=Untitled.png', 'USER');
INSERT INTO user ( user_id, email, name, profile_image, role ) VALUES ( 50, 'user50@naver.com', '길동 홍', 'https://file.notion.so/f/f/78c823ce-7bdc-411a-a0f8-d7c30213f51e/3d3e8e46-a9c3-4368-9dcc-8f9875624ffe/Untitled.png?id=674782df-5ddd-48f4-8b4c-6af80a95719b&table=block&spaceId=78c823ce-7bdc-411a-a0f8-d7c30213f51e&expirationTimestamp=1698912000000&signature=nnduEQulkGQF8cLQLGLevmBRfpsGFAiZYNmMSv43cdvc&downloadName=Untitled.png', 'USER');
INSERT INTO user ( user_id, email, name, profile_image, role ) VALUES ( 51, 'user51@naver.com', '길동 홍', 'https://file.notion.so/f/f/78c823ce-7bdc-411a-a0f8-d7c30213f51e/3d3e8e46-a9c3-4368-9dcc-8f9875624ffe/Untitled.png?id=674782df-5ddd-48f4-8b4c-6af80a95719b&table=block&spaceId=78c823ce-7bdc-411a-a0f8-d7c30213f51e&expirationTimestamp=1698912000000&signature=nnduEQulkGQF8cLQLGLevmBRfpsGFAiZYNmMSv44cdvc&downloadName=Untitled.png', 'RECRUITER');
INSERT INTO user ( user_id, email, name, profile_image, role ) VALUES ( 52, 'user52@naver.com', '길동 홍', 'https://file.notion.so/f/f/78c823ce-7bdc-411a-a0f8-d7c30213f51e/3d3e8e46-a9c3-4368-9dcc-8f9875624ffe/Untitled.png?id=674782df-5ddd-48f4-8b4c-6af80a95719b&table=block&spaceId=78c823ce-7bdc-411a-a0f8-d7c30213f51e&expirationTimestamp=1698912000000&signature=nnduEQulkGQF8cLQLGLevmBRfpsGFAiZYNmMSv45cdvc&downloadName=Untitled.png', 'RECRUITER');
INSERT INTO user ( user_id, email, name, profile_image, role ) VALUES ( 53, 'user53@naver.com', '길동 홍', 'https://file.notion.so/f/f/78c823ce-7bdc-411a-a0f8-d7c30213f51e/3d3e8e46-a9c3-4368-9dcc-8f9875624ffe/Untitled.png?id=674782df-5ddd-48f4-8b4c-6af80a95719b&table=block&spaceId=78c823ce-7bdc-411a-a0f8-d7c30213f51e&expirationTimestamp=1698912000000&signature=nnduEQulkGQF8cLQLGLevmBRfpsGFAiZYNmMSv46cdvc&downloadName=Untitled.png', 'RECRUITER');
INSERT INTO user ( user_id, email, name, profile_image, role ) VALUES ( 54, 'user54@naver.com', '길동 홍', 'https://file.notion.so/f/f/78c823ce-7bdc-411a-a0f8-d7c30213f51e/3d3e8e46-a9c3-4368-9dcc-8f9875624ffe/Untitled.png?id=674782df-5ddd-48f4-8b4c-6af80a95719b&table=block&spaceId=78c823ce-7bdc-411a-a0f8-d7c30213f51e&expirationTimestamp=1698912000000&signature=nnduEQulkGQF8cLQLGLevmBRfpsGFAiZYNmMSv47cdvc&downloadName=Untitled.png', 'RECRUITER');
INSERT INTO user ( user_id, email, name, profile_image, role ) VALUES ( 55, 'user55@naver.com', '길동 홍', 'https://file.notion.so/f/f/78c823ce-7bdc-411a-a0f8-d7c30213f51e/3d3e8e46-a9c3-4368-9dcc-8f9875624ffe/Untitled.png?id=674782df-5ddd-48f4-8b4c-6af80a95719b&table=block&spaceId=78c823ce-7bdc-411a-a0f8-d7c30213f51e&expirationTimestamp=1698912000000&signature=nnduEQulkGQF8cLQLGLevmBRfpsGFAiZYNmMSv48cdvc&downloadName=Untitled.png', 'RECRUITER');
INSERT INTO user ( user_id, email, name, profile_image, role ) VALUES ( 56, 'user56@naver.com', '길동 홍', 'https://file.notion.so/f/f/78c823ce-7bdc-411a-a0f8-d7c30213f51e/3d3e8e46-a9c3-4368-9dcc-8f9875624ffe/Untitled.png?id=674782df-5ddd-48f4-8b4c-6af80a95719b&table=block&spaceId=78c823ce-7bdc-411a-a0f8-d7c30213f51e&expirationTimestamp=1698912000000&signature=nnduEQulkGQF8cLQLGLevmBRfpsGFAiZYNmMSv49cdvc&downloadName=Untitled.png', 'RECRUITER');
INSERT INTO user ( user_id, email, name, profile_image, role ) VALUES ( 57, 'user57@naver.com', '길동 홍', 'https://file.notion.so/f/f/78c823ce-7bdc-411a-a0f8-d7c30213f51e/3d3e8e46-a9c3-4368-9dcc-8f9875624ffe/Untitled.png?id=674782df-5ddd-48f4-8b4c-6af80a95719b&table=block&spaceId=78c823ce-7bdc-411a-a0f8-d7c30213f51e&expirationTimestamp=1698912000000&signature=nnduEQulkGQF8cLQLGLevmBRfpsGFAiZYNmMSv50cdvc&downloadName=Untitled.png', 'RECRUITER');
INSERT INTO user ( user_id, email, name, profile_image, role ) VALUES ( 58, 'user58@naver.com', '길동 홍', 'https://file.notion.so/f/f/78c823ce-7bdc-411a-a0f8-d7c30213f51e/3d3e8e46-a9c3-4368-9dcc-8f9875624ffe/Untitled.png?id=674782df-5ddd-48f4-8b4c-6af80a95719b&table=block&spaceId=78c823ce-7bdc-411a-a0f8-d7c30213f51e&expirationTimestamp=1698912000000&signature=nnduEQulkGQF8cLQLGLevmBRfpsGFAiZYNmMSv51cdvc&downloadName=Untitled.png', 'RECRUITER');
INSERT INTO user ( user_id, email, name, profile_image, role ) VALUES ( 59, 'user59@naver.com', '길동 홍', 'https://file.notion.so/f/f/78c823ce-7bdc-411a-a0f8-d7c30213f51e/3d3e8e46-a9c3-4368-9dcc-8f9875624ffe/Untitled.png?id=674782df-5ddd-48f4-8b4c-6af80a95719b&table=block&spaceId=78c823ce-7bdc-411a-a0f8-d7c30213f51e&expirationTimestamp=1698912000000&signature=nnduEQulkGQF8cLQLGLevmBRfpsGFAiZYNmMSv52cdvc&downloadName=Untitled.png', 'RECRUITER');
INSERT INTO user ( user_id, email, name, profile_image, role ) VALUES ( 60, 'user60@naver.com', '길동 홍', 'https://file.notion.so/f/f/78c823ce-7bdc-411a-a0f8-d7c30213f51e/3d3e8e46-a9c3-4368-9dcc-8f9875624ffe/Untitled.png?id=674782df-5ddd-48f4-8b4c-6af80a95719b&table=block&spaceId=78c823ce-7bdc-411a-a0f8-d7c30213f51e&expirationTimestamp=1698912000000&signature=nnduEQulkGQF8cLQLGLevmBRfpsGFAiZYNmMSv53cdvc&downloadName=Untitled.png', 'RECRUITER');
INSERT INTO user ( user_id, email, name, profile_image, role ) VALUES ( 61, 'user61@naver.com', '길동 홍', 'https://file.notion.so/f/f/78c823ce-7bdc-411a-a0f8-d7c30213f51e/3d3e8e46-a9c3-4368-9dcc-8f9875624ffe/Untitled.png?id=674782df-5ddd-48f4-8b4c-6af80a95719b&table=block&spaceId=78c823ce-7bdc-411a-a0f8-d7c30213f51e&expirationTimestamp=1698912000000&signature=nnduEQulkGQF8cLQLGLevmBRfpsGFAiZYNmMSv54cdvc&downloadName=Untitled.png', 'RECRUITER');
INSERT INTO user ( user_id, email, name, profile_image, role ) VALUES ( 62, 'user62@naver.com', '길동 홍', 'https://file.notion.so/f/f/78c823ce-7bdc-411a-a0f8-d7c30213f51e/3d3e8e46-a9c3-4368-9dcc-8f9875624ffe/Untitled.png?id=674782df-5ddd-48f4-8b4c-6af80a95719b&table=block&spaceId=78c823ce-7bdc-411a-a0f8-d7c30213f51e&expirationTimestamp=1698912000000&signature=nnduEQulkGQF8cLQLGLevmBRfpsGFAiZYNmMSv55cdvc&downloadName=Untitled.png', 'RECRUITER');
INSERT INTO user ( user_id, email, name, profile_image, role ) VALUES ( 63, 'user63@naver.com', '길동 홍', 'https://file.notion.so/f/f/78c823ce-7bdc-411a-a0f8-d7c30213f51e/3d3e8e46-a9c3-4368-9dcc-8f9875624ffe/Untitled.png?id=674782df-5ddd-48f4-8b4c-6af80a95719b&table=block&spaceId=78c823ce-7bdc-411a-a0f8-d7c30213f51e&expirationTimestamp=1698912000000&signature=nnduEQulkGQF8cLQLGLevmBRfpsGFAiZYNmMSv56cdvc&downloadName=Untitled.png', 'RECRUITER');
INSERT INTO user ( user_id, email, name, profile_image, role ) VALUES ( 64, 'user64@naver.com', '길동 홍', 'https://file.notion.so/f/f/78c823ce-7bdc-411a-a0f8-d7c30213f51e/3d3e8e46-a9c3-4368-9dcc-8f9875624ffe/Untitled.png?id=674782df-5ddd-48f4-8b4c-6af80a95719b&table=block&spaceId=78c823ce-7bdc-411a-a0f8-d7c30213f51e&expirationTimestamp=1698912000000&signature=nnduEQulkGQF8cLQLGLevmBRfpsGFAiZYNmMSv57cdvc&downloadName=Untitled.png', 'RECRUITER');
INSERT INTO user ( user_id, email, name, profile_image, role ) VALUES ( 65, 'user65@naver.com', '길동 홍', 'https://file.notion.so/f/f/78c823ce-7bdc-411a-a0f8-d7c30213f51e/3d3e8e46-a9c3-4368-9dcc-8f9875624ffe/Untitled.png?id=674782df-5ddd-48f4-8b4c-6af80a95719b&table=block&spaceId=78c823ce-7bdc-411a-a0f8-d7c30213f51e&expirationTimestamp=1698912000000&signature=nnduEQulkGQF8cLQLGLevmBRfpsGFAiZYNmMSv58cdvc&downloadName=Untitled.png', 'RECRUITER');
INSERT INTO user ( user_id, email, name, profile_image, role ) VALUES ( 66, 'user66@naver.com', '길동 홍', 'https://file.notion.so/f/f/78c823ce-7bdc-411a-a0f8-d7c30213f51e/3d3e8e46-a9c3-4368-9dcc-8f9875624ffe/Untitled.png?id=674782df-5ddd-48f4-8b4c-6af80a95719b&table=block&spaceId=78c823ce-7bdc-411a-a0f8-d7c30213f51e&expirationTimestamp=1698912000000&signature=nnduEQulkGQF8cLQLGLevmBRfpsGFAiZYNmMSv59cdvc&downloadName=Untitled.png', 'RECRUITER');
INSERT INTO user ( user_id, email, name, profile_image, role ) VALUES ( 67, 'user67@naver.com', '길동 홍', 'https://file.notion.so/f/f/78c823ce-7bdc-411a-a0f8-d7c30213f51e/3d3e8e46-a9c3-4368-9dcc-8f9875624ffe/Untitled.png?id=674782df-5ddd-48f4-8b4c-6af80a95719b&table=block&spaceId=78c823ce-7bdc-411a-a0f8-d7c30213f51e&expirationTimestamp=1698912000000&signature=nnduEQulkGQF8cLQLGLevmBRfpsGFAiZYNmMSv60cdvc&downloadName=Untitled.png', 'RECRUITER');
INSERT INTO user ( user_id, email, name, profile_image, role ) VALUES ( 68, 'user68@naver.com', '길동 홍', 'https://file.notion.so/f/f/78c823ce-7bdc-411a-a0f8-d7c30213f51e/3d3e8e46-a9c3-4368-9dcc-8f9875624ffe/Untitled.png?id=674782df-5ddd-48f4-8b4c-6af80a95719b&table=block&spaceId=78c823ce-7bdc-411a-a0f8-d7c30213f51e&expirationTimestamp=1698912000000&signature=nnduEQulkGQF8cLQLGLevmBRfpsGFAiZYNmMSv61cdvc&downloadName=Untitled.png', 'RECRUITER');
INSERT INTO user ( user_id, email, name, profile_image, role ) VALUES ( 69, 'user69@naver.com', '길동 홍', 'https://file.notion.so/f/f/78c823ce-7bdc-411a-a0f8-d7c30213f51e/3d3e8e46-a9c3-4368-9dcc-8f9875624ffe/Untitled.png?id=674782df-5ddd-48f4-8b4c-6af80a95719b&table=block&spaceId=78c823ce-7bdc-411a-a0f8-d7c30213f51e&expirationTimestamp=1698912000000&signature=nnduEQulkGQF8cLQLGLevmBRfpsGFAiZYNmMSv62cdvc&downloadName=Untitled.png', 'RECRUITER');
INSERT INTO user ( user_id, email, name, profile_image, role ) VALUES ( 70, 'user70@naver.com', '길동 홍', 'https://file.notion.so/f/f/78c823ce-7bdc-411a-a0f8-d7c30213f51e/3d3e8e46-a9c3-4368-9dcc-8f9875624ffe/Untitled.png?id=674782df-5ddd-48f4-8b4c-6af80a95719b&table=block&spaceId=78c823ce-7bdc-411a-a0f8-d7c30213f51e&expirationTimestamp=1698912000000&signature=nnduEQulkGQF8cLQLGLevmBRfpsGFAiZYNmMSv63cdvc&downloadName=Untitled.png', 'RECRUITER');
INSERT INTO user ( user_id, email, name, profile_image, role ) VALUES ( 71, 'user71@naver.com', '길동 홍', 'https://file.notion.so/f/f/78c823ce-7bdc-411a-a0f8-d7c30213f51e/3d3e8e46-a9c3-4368-9dcc-8f9875624ffe/Untitled.png?id=674782df-5ddd-48f4-8b4c-6af80a95719b&table=block&spaceId=78c823ce-7bdc-411a-a0f8-d7c30213f51e&expirationTimestamp=1698912000000&signature=nnduEQulkGQF8cLQLGLevmBRfpsGFAiZYNmMSv64cdvc&downloadName=Untitled.png', 'RECRUITER');
INSERT INTO user ( user_id, email, name, profile_image, role ) VALUES ( 72, 'user72@naver.com', '길동 홍', 'https://file.notion.so/f/f/78c823ce-7bdc-411a-a0f8-d7c30213f51e/3d3e8e46-a9c3-4368-9dcc-8f9875624ffe/Untitled.png?id=674782df-5ddd-48f4-8b4c-6af80a95719b&table=block&spaceId=78c823ce-7bdc-411a-a0f8-d7c30213f51e&expirationTimestamp=1698912000000&signature=nnduEQulkGQF8cLQLGLevmBRfpsGFAiZYNmMSv65cdvc&downloadName=Untitled.png', 'RECRUITER');
INSERT INTO user ( user_id, email, name, profile_image, role ) VALUES ( 73, 'user73@naver.com', '길동 홍', 'https://file.notion.so/f/f/78c823ce-7bdc-411a-a0f8-d7c30213f51e/3d3e8e46-a9c3-4368-9dcc-8f9875624ffe/Untitled.png?id=674782df-5ddd-48f4-8b4c-6af80a95719b&table=block&spaceId=78c823ce-7bdc-411a-a0f8-d7c30213f51e&expirationTimestamp=1698912000000&signature=nnduEQulkGQF8cLQLGLevmBRfpsGFAiZYNmMSv66cdvc&downloadName=Untitled.png', 'RECRUITER');
INSERT INTO user ( user_id, email, name, profile_image, role ) VALUES ( 74, 'user74@naver.com', '길동 홍', 'https://file.notion.so/f/f/78c823ce-7bdc-411a-a0f8-d7c30213f51e/3d3e8e46-a9c3-4368-9dcc-8f9875624ffe/Untitled.png?id=674782df-5ddd-48f4-8b4c-6af80a95719b&table=block&spaceId=78c823ce-7bdc-411a-a0f8-d7c30213f51e&expirationTimestamp=1698912000000&signature=nnduEQulkGQF8cLQLGLevmBRfpsGFAiZYNmMSv67cdvc&downloadName=Untitled.png', 'RECRUITER');
INSERT INTO user ( user_id, email, name, profile_image, role ) VALUES ( 75, 'user75@naver.com', '길동 홍', 'https://file.notion.so/f/f/78c823ce-7bdc-411a-a0f8-d7c30213f51e/3d3e8e46-a9c3-4368-9dcc-8f9875624ffe/Untitled.png?id=674782df-5ddd-48f4-8b4c-6af80a95719b&table=block&spaceId=78c823ce-7bdc-411a-a0f8-d7c30213f51e&expirationTimestamp=1698912000000&signature=nnduEQulkGQF8cLQLGLevmBRfpsGFAiZYNmMSv68cdvc&downloadName=Untitled.png', 'RECRUITER');
INSERT INTO user ( user_id, email, name, profile_image, role ) VALUES ( 76, 'user76@naver.com', '길동 홍', 'https://file.notion.so/f/f/78c823ce-7bdc-411a-a0f8-d7c30213f51e/3d3e8e46-a9c3-4368-9dcc-8f9875624ffe/Untitled.png?id=674782df-5ddd-48f4-8b4c-6af80a95719b&table=block&spaceId=78c823ce-7bdc-411a-a0f8-d7c30213f51e&expirationTimestamp=1698912000000&signature=nnduEQulkGQF8cLQLGLevmBRfpsGFAiZYNmMSv69cdvc&downloadName=Untitled.png', 'RECRUITER');
INSERT INTO user ( user_id, email, name, profile_image, role ) VALUES ( 77, 'user77@naver.com', '길동 홍', 'https://file.notion.so/f/f/78c823ce-7bdc-411a-a0f8-d7c30213f51e/3d3e8e46-a9c3-4368-9dcc-8f9875624ffe/Untitled.png?id=674782df-5ddd-48f4-8b4c-6af80a95719b&table=block&spaceId=78c823ce-7bdc-411a-a0f8-d7c30213f51e&expirationTimestamp=1698912000000&signature=nnduEQulkGQF8cLQLGLevmBRfpsGFAiZYNmMSv70cdvc&downloadName=Untitled.png', 'RECRUITER');
INSERT INTO user ( user_id, email, name, profile_image, role ) VALUES ( 78, 'user78@naver.com', '길동 홍', 'https://file.notion.so/f/f/78c823ce-7bdc-411a-a0f8-d7c30213f51e/3d3e8e46-a9c3-4368-9dcc-8f9875624ffe/Untitled.png?id=674782df-5ddd-48f4-8b4c-6af80a95719b&table=block&spaceId=78c823ce-7bdc-411a-a0f8-d7c30213f51e&expirationTimestamp=1698912000000&signature=nnduEQulkGQF8cLQLGLevmBRfpsGFAiZYNmMSv71cdvc&downloadName=Untitled.png', 'RECRUITER');
INSERT INTO user ( user_id, email, name, profile_image, role ) VALUES ( 79, 'user79@naver.com', '길동 홍', 'https://file.notion.so/f/f/78c823ce-7bdc-411a-a0f8-d7c30213f51e/3d3e8e46-a9c3-4368-9dcc-8f9875624ffe/Untitled.png?id=674782df-5ddd-48f4-8b4c-6af80a95719b&table=block&spaceId=78c823ce-7bdc-411a-a0f8-d7c30213f51e&expirationTimestamp=1698912000000&signature=nnduEQulkGQF8cLQLGLevmBRfpsGFAiZYNmMSv72cdvc&downloadName=Untitled.png', 'RECRUITER');
INSERT INTO user ( user_id, email, name, profile_image, role ) VALUES ( 80, 'user80@naver.com', '길동 홍', 'https://file.notion.so/f/f/78c823ce-7bdc-411a-a0f8-d7c30213f51e/3d3e8e46-a9c3-4368-9dcc-8f9875624ffe/Untitled.png?id=674782df-5ddd-48f4-8b4c-6af80a95719b&table=block&spaceId=78c823ce-7bdc-411a-a0f8-d7c30213f51e&expirationTimestamp=1698912000000&signature=nnduEQulkGQF8cLQLGLevmBRfpsGFAiZYNmMSv73cdvc&downloadName=Untitled.png', 'RECRUITER');
INSERT INTO user ( user_id, email, name, profile_image, role ) VALUES ( 81, 'user81@naver.com', '길동 홍', 'https://file.notion.so/f/f/78c823ce-7bdc-411a-a0f8-d7c30213f51e/3d3e8e46-a9c3-4368-9dcc-8f9875624ffe/Untitled.png?id=674782df-5ddd-48f4-8b4c-6af80a95719b&table=block&spaceId=78c823ce-7bdc-411a-a0f8-d7c30213f51e&expirationTimestamp=1698912000000&signature=nnduEQulkGQF8cLQLGLevmBRfpsGFAiZYNmMSv74cdvc&downloadName=Untitled.png', 'RECRUITER');
INSERT INTO user ( user_id, email, name, profile_image, role ) VALUES ( 82, 'user82@naver.com', '길동 홍', 'https://file.notion.so/f/f/78c823ce-7bdc-411a-a0f8-d7c30213f51e/3d3e8e46-a9c3-4368-9dcc-8f9875624ffe/Untitled.png?id=674782df-5ddd-48f4-8b4c-6af80a95719b&table=block&spaceId=78c823ce-7bdc-411a-a0f8-d7c30213f51e&expirationTimestamp=1698912000000&signature=nnduEQulkGQF8cLQLGLevmBRfpsGFAiZYNmMSv75cdvc&downloadName=Untitled.png', 'RECRUITER');
INSERT INTO user ( user_id, email, name, profile_image, role ) VALUES ( 83, 'user83@naver.com', '길동 홍', 'https://file.notion.so/f/f/78c823ce-7bdc-411a-a0f8-d7c30213f51e/3d3e8e46-a9c3-4368-9dcc-8f9875624ffe/Untitled.png?id=674782df-5ddd-48f4-8b4c-6af80a95719b&table=block&spaceId=78c823ce-7bdc-411a-a0f8-d7c30213f51e&expirationTimestamp=1698912000000&signature=nnduEQulkGQF8cLQLGLevmBRfpsGFAiZYNmMSv76cdvc&downloadName=Untitled.png', 'RECRUITER');
INSERT INTO user ( user_id, email, name, profile_image, role ) VALUES ( 84, 'user84@naver.com', '길동 홍', 'https://file.notion.so/f/f/78c823ce-7bdc-411a-a0f8-d7c30213f51e/3d3e8e46-a9c3-4368-9dcc-8f9875624ffe/Untitled.png?id=674782df-5ddd-48f4-8b4c-6af80a95719b&table=block&spaceId=78c823ce-7bdc-411a-a0f8-d7c30213f51e&expirationTimestamp=1698912000000&signature=nnduEQulkGQF8cLQLGLevmBRfpsGFAiZYNmMSv77cdvc&downloadName=Untitled.png', 'RECRUITER');
INSERT INTO user ( user_id, email, name, profile_image, role ) VALUES ( 85, 'user85@naver.com', '길동 홍', 'https://file.notion.so/f/f/78c823ce-7bdc-411a-a0f8-d7c30213f51e/3d3e8e46-a9c3-4368-9dcc-8f9875624ffe/Untitled.png?id=674782df-5ddd-48f4-8b4c-6af80a95719b&table=block&spaceId=78c823ce-7bdc-411a-a0f8-d7c30213f51e&expirationTimestamp=1698912000000&signature=nnduEQulkGQF8cLQLGLevmBRfpsGFAiZYNmMSv78cdvc&downloadName=Untitled.png', 'RECRUITER');
INSERT INTO user ( user_id, email, name, profile_image, role ) VALUES ( 86, 'user86@naver.com', '길동 홍', 'https://file.notion.so/f/f/78c823ce-7bdc-411a-a0f8-d7c30213f51e/3d3e8e46-a9c3-4368-9dcc-8f9875624ffe/Untitled.png?id=674782df-5ddd-48f4-8b4c-6af80a95719b&table=block&spaceId=78c823ce-7bdc-411a-a0f8-d7c30213f51e&expirationTimestamp=1698912000000&signature=nnduEQulkGQF8cLQLGLevmBRfpsGFAiZYNmMSv79cdvc&downloadName=Untitled.png', 'RECRUITER');
INSERT INTO user ( user_id, email, name, profile_image, role ) VALUES ( 87, 'user87@naver.com', '길동 홍', 'https://file.notion.so/f/f/78c823ce-7bdc-411a-a0f8-d7c30213f51e/3d3e8e46-a9c3-4368-9dcc-8f9875624ffe/Untitled.png?id=674782df-5ddd-48f4-8b4c-6af80a95719b&table=block&spaceId=78c823ce-7bdc-411a-a0f8-d7c30213f51e&expirationTimestamp=1698912000000&signature=nnduEQulkGQF8cLQLGLevmBRfpsGFAiZYNmMSv80cdvc&downloadName=Untitled.png', 'RECRUITER');
INSERT INTO user ( user_id, email, name, profile_image, role ) VALUES ( 88, 'user88@naver.com', '길동 홍', 'https://file.notion.so/f/f/78c823ce-7bdc-411a-a0f8-d7c30213f51e/3d3e8e46-a9c3-4368-9dcc-8f9875624ffe/Untitled.png?id=674782df-5ddd-48f4-8b4c-6af80a95719b&table=block&spaceId=78c823ce-7bdc-411a-a0f8-d7c30213f51e&expirationTimestamp=1698912000000&signature=nnduEQulkGQF8cLQLGLevmBRfpsGFAiZYNmMSv81cdvc&downloadName=Untitled.png', 'RECRUITER');
INSERT INTO user ( user_id, email, name, profile_image, role ) VALUES ( 89, 'user89@naver.com', '길동 홍', 'https://file.notion.so/f/f/78c823ce-7bdc-411a-a0f8-d7c30213f51e/3d3e8e46-a9c3-4368-9dcc-8f9875624ffe/Untitled.png?id=674782df-5ddd-48f4-8b4c-6af80a95719b&table=block&spaceId=78c823ce-7bdc-411a-a0f8-d7c30213f51e&expirationTimestamp=1698912000000&signature=nnduEQulkGQF8cLQLGLevmBRfpsGFAiZYNmMSv82cdvc&downloadName=Untitled.png', 'RECRUITER');
INSERT INTO user ( user_id, email, name, profile_image, role ) VALUES ( 90, 'user90@naver.com', '길동 홍', 'https://file.notion.so/f/f/78c823ce-7bdc-411a-a0f8-d7c30213f51e/3d3e8e46-a9c3-4368-9dcc-8f9875624ffe/Untitled.png?id=674782df-5ddd-48f4-8b4c-6af80a95719b&table=block&spaceId=78c823ce-7bdc-411a-a0f8-d7c30213f51e&expirationTimestamp=1698912000000&signature=nnduEQulkGQF8cLQLGLevmBRfpsGFAiZYNmMSv83cdvc&downloadName=Untitled.png', 'RECRUITER');
INSERT INTO user ( user_id, email, name, profile_image, role ) VALUES ( 91, 'user91@naver.com', '길동 홍', 'https://file.notion.so/f/f/78c823ce-7bdc-411a-a0f8-d7c30213f51e/3d3e8e46-a9c3-4368-9dcc-8f9875624ffe/Untitled.png?id=674782df-5ddd-48f4-8b4c-6af80a95719b&table=block&spaceId=78c823ce-7bdc-411a-a0f8-d7c30213f51e&expirationTimestamp=1698912000000&signature=nnduEQulkGQF8cLQLGLevmBRfpsGFAiZYNmMSv84cdvc&downloadName=Untitled.png', 'RECRUITER');
INSERT INTO user ( user_id, email, name, profile_image, role ) VALUES ( 92, 'user92@naver.com', '길동 홍', 'https://file.notion.so/f/f/78c823ce-7bdc-411a-a0f8-d7c30213f51e/3d3e8e46-a9c3-4368-9dcc-8f9875624ffe/Untitled.png?id=674782df-5ddd-48f4-8b4c-6af80a95719b&table=block&spaceId=78c823ce-7bdc-411a-a0f8-d7c30213f51e&expirationTimestamp=1698912000000&signature=nnduEQulkGQF8cLQLGLevmBRfpsGFAiZYNmMSv85cdvc&downloadName=Untitled.png', 'RECRUITER');
INSERT INTO user ( user_id, email, name, profile_image, role ) VALUES ( 93, 'user93@naver.com', '길동 홍', 'https://file.notion.so/f/f/78c823ce-7bdc-411a-a0f8-d7c30213f51e/3d3e8e46-a9c3-4368-9dcc-8f9875624ffe/Untitled.png?id=674782df-5ddd-48f4-8b4c-6af80a95719b&table=block&spaceId=78c823ce-7bdc-411a-a0f8-d7c30213f51e&expirationTimestamp=1698912000000&signature=nnduEQulkGQF8cLQLGLevmBRfpsGFAiZYNmMSv86cdvc&downloadName=Untitled.png', 'RECRUITER');
INSERT INTO user ( user_id, email, name, profile_image, role ) VALUES ( 94, 'user94@naver.com', '길동 홍', 'https://file.notion.so/f/f/78c823ce-7bdc-411a-a0f8-d7c30213f51e/3d3e8e46-a9c3-4368-9dcc-8f9875624ffe/Untitled.png?id=674782df-5ddd-48f4-8b4c-6af80a95719b&table=block&spaceId=78c823ce-7bdc-411a-a0f8-d7c30213f51e&expirationTimestamp=1698912000000&signature=nnduEQulkGQF8cLQLGLevmBRfpsGFAiZYNmMSv87cdvc&downloadName=Untitled.png', 'RECRUITER');
INSERT INTO user ( user_id, email, name, profile_image, role ) VALUES ( 95, 'user95@naver.com', '길동 홍', 'https://file.notion.so/f/f/78c823ce-7bdc-411a-a0f8-d7c30213f51e/3d3e8e46-a9c3-4368-9dcc-8f9875624ffe/Untitled.png?id=674782df-5ddd-48f4-8b4c-6af80a95719b&table=block&spaceId=78c823ce-7bdc-411a-a0f8-d7c30213f51e&expirationTimestamp=1698912000000&signature=nnduEQulkGQF8cLQLGLevmBRfpsGFAiZYNmMSv88cdvc&downloadName=Untitled.png', 'RECRUITER');
INSERT INTO user ( user_id, email, name, profile_image, role ) VALUES ( 96, 'user96@naver.com', '길동 홍', 'https://file.notion.so/f/f/78c823ce-7bdc-411a-a0f8-d7c30213f51e/3d3e8e46-a9c3-4368-9dcc-8f9875624ffe/Untitled.png?id=674782df-5ddd-48f4-8b4c-6af80a95719b&table=block&spaceId=78c823ce-7bdc-411a-a0f8-d7c30213f51e&expirationTimestamp=1698912000000&signature=nnduEQulkGQF8cLQLGLevmBRfpsGFAiZYNmMSv89cdvc&downloadName=Untitled.png', 'RECRUITER');
INSERT INTO user ( user_id, email, name, profile_image, role ) VALUES ( 97, 'user97@naver.com', '길동 홍', 'https://file.notion.so/f/f/78c823ce-7bdc-411a-a0f8-d7c30213f51e/3d3e8e46-a9c3-4368-9dcc-8f9875624ffe/Untitled.png?id=674782df-5ddd-48f4-8b4c-6af80a95719b&table=block&spaceId=78c823ce-7bdc-411a-a0f8-d7c30213f51e&expirationTimestamp=1698912000000&signature=nnduEQulkGQF8cLQLGLevmBRfpsGFAiZYNmMSv90cdvc&downloadName=Untitled.png', 'RECRUITER');
INSERT INTO user ( user_id, email, name, profile_image, role ) VALUES ( 98, 'user98@naver.com', '길동 홍', 'https://file.notion.so/f/f/78c823ce-7bdc-411a-a0f8-d7c30213f51e/3d3e8e46-a9c3-4368-9dcc-8f9875624ffe/Untitled.png?id=674782df-5ddd-48f4-8b4c-6af80a95719b&table=block&spaceId=78c823ce-7bdc-411a-a0f8-d7c30213f51e&expirationTimestamp=1698912000000&signature=nnduEQulkGQF8cLQLGLevmBRfpsGFAiZYNmMSv91cdvc&downloadName=Untitled.png', 'RECRUITER');
INSERT INTO user ( user_id, email, name, profile_image, role ) VALUES ( 99, 'user99@naver.com', '길동 홍', 'https://file.notion.so/f/f/78c823ce-7bdc-411a-a0f8-d7c30213f51e/3d3e8e46-a9c3-4368-9dcc-8f9875624ffe/Untitled.png?id=674782df-5ddd-48f4-8b4c-6af80a95719b&table=block&spaceId=78c823ce-7bdc-411a-a0f8-d7c30213f51e&expirationTimestamp=1698912000000&signature=nnduEQulkGQF8cLQLGLevmBRfpsGFAiZYNmMSv92cdvc&downloadName=Untitled.png', 'RECRUITER');
INSERT INTO user ( user_id, email, name, profile_image, role ) VALUES ( 100, 'user100@naver.com', '길동 홍', 'https://file.notion.so/f/f/78c823ce-7bdc-411a-a0f8-d7c30213f51e/3d3e8e46-a9c3-4368-9dcc-8f9875624ffe/Untitled.png?id=674782df-5ddd-48f4-8b4c-6af80a95719b&table=block&spaceId=78c823ce-7bdc-411a-a0f8-d7c30213f51e&expirationTimestamp=1698912000000&signature=nnduEQulkGQF8cLQLGLevmBRfpsGFAiZYNmMSv93cdvc&downloadName=Untitled.png', 'RECRUITER');


INSERT INTO company ( company_id, user_id, business_code, name, employee_count, foreign_employee_count, phone, address, is_visa_transform ) VALUES ( 1, 51, '01100', '작물_1', 45, 31, '010-2305-9718', 'Seoul', TRUE );
INSERT INTO company ( company_id, user_id, business_code, name, employee_count, foreign_employee_count, phone, address, is_visa_transform ) VALUES ( 2, 52, '55101', '호텔_2', 74, 40, '010-0000-0000', 'Seoul', FALSE );
INSERT INTO company ( company_id, user_id, business_code, name, employee_count, foreign_employee_count, phone, address, is_visa_transform ) VALUES ( 3, 53, '55102', '여관_3', 14, 10, '010-0000-0001', 'Seoul', TRUE );
INSERT INTO company ( company_id, user_id, business_code, name, employee_count, foreign_employee_count, phone, address, is_visa_transform ) VALUES ( 4, 54, '56110', '한식_4', 98, 39, '010-0000-0002', 'Seoul', TRUE );
INSERT INTO company ( company_id, user_id, business_code, name, employee_count, foreign_employee_count, phone, address, is_visa_transform ) VALUES ( 5, 55, '56120', '외국_5', 61, 53, '010-0000-0003', 'Seoul', FALSE );
INSERT INTO company ( company_id, user_id, business_code, name, employee_count, foreign_employee_count, phone, address, is_visa_transform ) VALUES ( 6, 56, '56190', '기타_6', 7, 0, '010-0000-0004', 'Seoul', TRUE );
INSERT INTO company ( company_id, user_id, business_code, name, employee_count, foreign_employee_count, phone, address, is_visa_transform ) VALUES ( 7, 57, '58100', '서적_7', 70, 43, '010-0000-0005', 'Seoul', FALSE );
INSERT INTO company ( company_id, user_id, business_code, name, employee_count, foreign_employee_count, phone, address, is_visa_transform ) VALUES ( 8, 58, '59201', '음악_8', 37, 21, '010-0000-0006', 'Seoul', FALSE );
INSERT INTO company ( company_id, user_id, business_code, name, employee_count, foreign_employee_count, phone, address, is_visa_transform ) VALUES ( 9, 59, '74100', '사업_9', 3, 0, '010-0000-0007', 'Seoul', TRUE );
INSERT INTO company ( company_id, user_id, business_code, name, employee_count, foreign_employee_count, phone, address, is_visa_transform ) VALUES ( 10, 60, '74211', '건축_10', 67, 56, '010-0000-0008', 'Gyeongi', TRUE );
INSERT INTO company ( company_id, user_id, business_code, name, employee_count, foreign_employee_count, phone, address, is_visa_transform ) VALUES ( 11, 61, '42000', '전문_11', 22, 8, '010-0000-0009', 'Gyeongi', TRUE );
INSERT INTO company ( company_id, user_id, business_code, name, employee_count, foreign_employee_count, phone, address, is_visa_transform ) VALUES ( 12, 62, '42100', '기반_12', 40, 9, '010-0000-0010', 'Gyeongi', TRUE );
INSERT INTO company ( company_id, user_id, business_code, name, employee_count, foreign_employee_count, phone, address, is_visa_transform ) VALUES ( 13, 63, '42110', '건물_13', 99, 66, '010-0000-0011', 'Gyeongi', TRUE );
INSERT INTO company ( company_id, user_id, business_code, name, employee_count, foreign_employee_count, phone, address, is_visa_transform ) VALUES ( 14, 64, '42120', '기반_14', 46, 16, '010-0000-0012', 'Gyeongi', TRUE );
INSERT INTO company ( company_id, user_id, business_code, name, employee_count, foreign_employee_count, phone, address, is_visa_transform ) VALUES ( 15, 65, '42121', '토공_15', 92, 56, '010-0000-0013', 'Gyeongi', TRUE );
INSERT INTO company ( company_id, user_id, business_code, name, employee_count, foreign_employee_count, phone, address, is_visa_transform ) VALUES ( 16, 66, '42122', '보링_16', 52, 44, '010-0000-0014', 'Gyeongi', FALSE );
INSERT INTO company ( company_id, user_id, business_code, name, employee_count, foreign_employee_count, phone, address, is_visa_transform ) VALUES ( 17, 67, '42123', '파일_17', 54, 47, '010-0000-0015', 'Gyeongi', FALSE );
INSERT INTO company ( company_id, user_id, business_code, name, employee_count, foreign_employee_count, phone, address, is_visa_transform ) VALUES ( 18, 68, '42129', '기타_18', 20, 13, '010-0000-0016', 'Gyeongi', TRUE );
INSERT INTO company ( company_id, user_id, business_code, name, employee_count, foreign_employee_count, phone, address, is_visa_transform ) VALUES ( 19, 69, '42130', '시설_19', 66, 36, '010-0000-0017', 'Gyeongi', FALSE );
INSERT INTO company ( company_id, user_id, business_code, name, employee_count, foreign_employee_count, phone, address, is_visa_transform ) VALUES ( 20, 70, '42131', '철골_20', 3, 2, '010-0000-0018', 'Gyeongi', FALSE );
INSERT INTO company ( company_id, user_id, business_code, name, employee_count, foreign_employee_count, phone, address, is_visa_transform ) VALUES ( 21, 71, '42132', '콘크_21', 21, 12, '010-0000-0019', 'Gyeongi', TRUE );
INSERT INTO company ( company_id, user_id, business_code, name, employee_count, foreign_employee_count, phone, address, is_visa_transform ) VALUES ( 22, 72, '42133', '조적_22', 57, 20, '010-0000-0020', 'Gyeongi', TRUE );
INSERT INTO company ( company_id, user_id, business_code, name, employee_count, foreign_employee_count, phone, address, is_visa_transform ) VALUES ( 23, 73, '42134', '포장_23', 29, 2, '010-0000-0021', 'Gyeongi', TRUE );
INSERT INTO company ( company_id, user_id, business_code, name, employee_count, foreign_employee_count, phone, address, is_visa_transform ) VALUES ( 24, 74, '42135', '철도_24', 69, 38, '010-0000-0022', 'Seoul', FALSE );
INSERT INTO company ( company_id, user_id, business_code, name, employee_count, foreign_employee_count, phone, address, is_visa_transform ) VALUES ( 25, 75, '42136', '수중_25', 44, 22, '010-0000-0023', 'Seoul', FALSE );
INSERT INTO company ( company_id, user_id, business_code, name, employee_count, foreign_employee_count, phone, address, is_visa_transform ) VALUES ( 26, 76, '42137', '비계_26', 36, 16, '010-0000-0024', 'Seoul', TRUE );
INSERT INTO company ( company_id, user_id, business_code, name, employee_count, foreign_employee_count, phone, address, is_visa_transform ) VALUES ( 27, 77, '42138', '지붕_27', 77, 20, '010-0000-0025', 'Seoul', FALSE );
INSERT INTO company ( company_id, user_id, business_code, name, employee_count, foreign_employee_count, phone, address, is_visa_transform ) VALUES ( 28, 78, '42139', '기타_28', 73, 8, '010-0000-0026', 'Seoul', FALSE );
INSERT INTO company ( company_id, user_id, business_code, name, employee_count, foreign_employee_count, phone, address, is_visa_transform ) VALUES ( 29, 79, '42200', '건물_29', 31, 12, '010-0000-0027', 'Seoul', TRUE );
INSERT INTO company ( company_id, user_id, business_code, name, employee_count, foreign_employee_count, phone, address, is_visa_transform ) VALUES ( 30, 80, '42201', '배관_30', 77, 51, '010-0000-0028', 'Seoul', TRUE );
INSERT INTO company ( company_id, user_id, business_code, name, employee_count, foreign_employee_count, phone, address, is_visa_transform ) VALUES ( 31, 81, '42202', '건물_31', 3, 2, '010-0000-0029', 'Seoul', FALSE );
INSERT INTO company ( company_id, user_id, business_code, name, employee_count, foreign_employee_count, phone, address, is_visa_transform ) VALUES ( 32, 82, '42203', '방음_32', 74, 12, '010-0000-0030', 'Seoul', FALSE );
INSERT INTO company ( company_id, user_id, business_code, name, employee_count, foreign_employee_count, phone, address, is_visa_transform ) VALUES ( 33, 83, '42204', '소방_33', 41, 17, '010-0000-0031', 'Seoul', FALSE );
INSERT INTO company ( company_id, user_id, business_code, name, employee_count, foreign_employee_count, phone, address, is_visa_transform ) VALUES ( 34, 84, '28119', '기타_34', 78, 4, '010-0000-0032', 'Seoul', FALSE );
INSERT INTO company ( company_id, user_id, business_code, name, employee_count, foreign_employee_count, phone, address, is_visa_transform ) VALUES ( 35, 85, '28120', '전기_35', 91, 29, '010-0000-0033', 'Seoul', TRUE );
INSERT INTO company ( company_id, user_id, business_code, name, employee_count, foreign_employee_count, phone, address, is_visa_transform ) VALUES ( 36, 86, '28121', '전기_36', 51, 0, '010-0000-0034', 'Seoul', FALSE );
INSERT INTO company ( company_id, user_id, business_code, name, employee_count, foreign_employee_count, phone, address, is_visa_transform ) VALUES ( 37, 87, '28122', '전기_37', 73, 3, '010-0000-0035', 'Seoul', FALSE );
INSERT INTO company ( company_id, user_id, business_code, name, employee_count, foreign_employee_count, phone, address, is_visa_transform ) VALUES ( 38, 88, '28123', '배전_38', 83, 42, '010-0000-0036', 'Seoul', TRUE );
INSERT INTO company ( company_id, user_id, business_code, name, employee_count, foreign_employee_count, phone, address, is_visa_transform ) VALUES ( 39, 89, '28200', '일차_39', 45, 34, '010-0000-0037', 'Seoul', TRUE );
INSERT INTO company ( company_id, user_id, business_code, name, employee_count, foreign_employee_count, phone, address, is_visa_transform ) VALUES ( 40, 90, '28201', '일차_40', 91, 56, '010-0000-0038', 'Seoul', TRUE );
INSERT INTO company ( company_id, user_id, business_code, name, employee_count, foreign_employee_count, phone, address, is_visa_transform ) VALUES ( 41, 91, '28202', '축전_41', 73, 9, '010-0000-0039', 'Seoul', TRUE );
INSERT INTO company ( company_id, user_id, business_code, name, employee_count, foreign_employee_count, phone, address, is_visa_transform ) VALUES ( 42, 92, '28300', '절연_42', 90, 10, '010-0000-0040', 'Seoul', TRUE );
INSERT INTO company ( company_id, user_id, business_code, name, employee_count, foreign_employee_count, phone, address, is_visa_transform ) VALUES ( 43, 93, '28301', '광섬_43', 56, 42, '010-0000-0041', 'Seoul', TRUE );
INSERT INTO company ( company_id, user_id, business_code, name, employee_count, foreign_employee_count, phone, address, is_visa_transform ) VALUES ( 44, 94, '28302', '기타_44', 94, 59, '010-0000-0042', 'Seoul', TRUE );
INSERT INTO company ( company_id, user_id, business_code, name, employee_count, foreign_employee_count, phone, address, is_visa_transform ) VALUES ( 45, 95, '28303', '절연_45', 51, 48, '010-0000-0043', 'Seoul', FALSE );
INSERT INTO company ( company_id, user_id, business_code, name, employee_count, foreign_employee_count, phone, address, is_visa_transform ) VALUES ( 46, 96, '28400', '전구_46', 78, 70, '010-0000-0044', 'Seoul', FALSE );
INSERT INTO company ( company_id, user_id, business_code, name, employee_count, foreign_employee_count, phone, address, is_visa_transform ) VALUES ( 47, 97, '28410', '전구_47', 86, 75, '010-0000-0045', 'Seoul', TRUE );
INSERT INTO company ( company_id, user_id, business_code, name, employee_count, foreign_employee_count, phone, address, is_visa_transform ) VALUES ( 48, 98, '28420', '조명_48', 17, 8, '010-0000-0046', 'Seoul', FALSE );
INSERT INTO company ( company_id, user_id, business_code, name, employee_count, foreign_employee_count, phone, address, is_visa_transform ) VALUES ( 49, 99, '28421', '운송_49', 60, 47, '010-0000-0047', 'Seoul', FALSE );
INSERT INTO company ( company_id, user_id, business_code, name, employee_count, foreign_employee_count, phone, address, is_visa_transform ) VALUES ( 50, 100, '28422', '일반_50', 70, 27, '010-0000-0048', 'Seoul', TRUE );


INSERT INTO resume_default ( resume_id, user_id, first_name, last_name, phone, birthdate, address, gender, nationality, period, korean_proficiency, degree, is_experienced, is_disabled, cover_letter, hexaco) VALUES ( 1, 1, '현학', '김', '010-2305-9718', '1995-06-06', 'Seoul', 'Male', 'Korea', '0', '6', 'bachelor', TRUE, FALSE, 'Hello, I\'m 현학. I\'m from Korea. Nice to meet you.', '[3.6,3.0,2.3,2.0,1.0,2.0]');
INSERT INTO resume_default ( resume_id, user_id, first_name, last_name, phone, birthdate, address, gender, nationality, period, korean_proficiency, degree, is_experienced, is_disabled, cover_letter, hexaco) VALUES ( 2, 2, '우진', '김', '010-0000-0000', '2011-06-01', 'Seoul', 'Male', 'Korea', '7', '1', 'bachelor', TRUE, FALSE, 'Hello, I\'m 우진. I\'m from Korea. Nice to meet you.', '[3.6,3.0,2.3,2.0,1.0,2.1]');
INSERT INTO resume_default ( resume_id, user_id, first_name, last_name, phone, birthdate, address, gender, nationality, period, korean_proficiency, degree, is_experienced, is_disabled, cover_letter, hexaco) VALUES ( 3, 3, '주희', '이', '010-0000-0001', '1952-05-17', 'Seoul', 'Female', 'Korea', '14', '5', 'bachelor', TRUE, FALSE, 'Hello, I\'m 주희. I\'m from Korea. Nice to meet you.', '[3.6,3.0,2.3,2.0,1.0,2.2]');
INSERT INTO resume_default ( resume_id, user_id, first_name, last_name, phone, birthdate, address, gender, nationality, period, korean_proficiency, degree, is_experienced, is_disabled, cover_letter, hexaco) VALUES ( 4, 4, '승효', '조', '010-0000-0002', '1984-07-11', 'Seoul', 'Female', 'Korea', '21', '1', 'bachelor', TRUE, FALSE, 'Hello, I\'m 승효. I\'m from Korea. Nice to meet you.', '[3.6,3.0,2.3,2.0,1.0,2.3]');
INSERT INTO resume_default ( resume_id, user_id, first_name, last_name, phone, birthdate, address, gender, nationality, period, korean_proficiency, degree, is_experienced, is_disabled, cover_letter, hexaco) VALUES ( 5, 5, '태민', '장', '010-0000-0003', '1941-04-07', 'Seoul', 'Male', 'Korea', '28', '3', 'bachelor', TRUE, FALSE, 'Hello, I\'m 태민. I\'m from Korea. Nice to meet you.', '[3.6,3.0,2.3,2.0,1.0,2.4]');
INSERT INTO resume_default ( resume_id, user_id, first_name, last_name, phone, birthdate, address, gender, nationality, period, korean_proficiency, degree, is_experienced, is_disabled, cover_letter, hexaco) VALUES ( 6, 6, '승재', '현', '010-0000-0004', '1953-10-01', 'Seoul', 'Male', 'Korea', '35', '1', 'bachelor', TRUE, FALSE, 'Hello, I\'m 승재. I\'m from Korea. Nice to meet you.', '[3.6,3.0,2.3,2.0,1.0,2.5]');
INSERT INTO resume_default ( resume_id, user_id, first_name, last_name, phone, birthdate, address, gender, nationality, period, korean_proficiency, degree, is_experienced, is_disabled, cover_letter, hexaco) VALUES ( 7, 7, 'John', 'Smith', '010-0000-0005', '2001-09-05', 'Seoul', 'Male', 'Korea', '42', '2', 'bachelor', TRUE, FALSE, 'Hello, I\'m John. I\'m from Korea. Nice to meet you.', '[3.6,3.0,2.3,2.0,1.0,2.6]');
INSERT INTO resume_default ( resume_id, user_id, first_name, last_name, phone, birthdate, address, gender, nationality, period, korean_proficiency, degree, is_experienced, is_disabled, cover_letter, hexaco) VALUES ( 8, 8, 'Lena', 'Kim', '010-0000-0006', '1977-02-11', 'Seoul', 'Male', 'Korea', '49', '5', 'bachelor', TRUE, FALSE, 'Hello, I\'m Lena. I\'m from Korea. Nice to meet you.', '[3.6,3.0,2.3,2.0,1.0,2.7]');
INSERT INTO resume_default ( resume_id, user_id, first_name, last_name, phone, birthdate, address, gender, nationality, period, korean_proficiency, degree, is_experienced, is_disabled, cover_letter, hexaco) VALUES ( 9, 9, 'Steve', 'Jobs', '010-0000-0007', '1971-04-11', 'Seoul', 'Male', 'Korea', '56', '2', 'bachelor', TRUE, FALSE, 'Hello, I\'m Steve. I\'m from Korea. Nice to meet you.', '[3.6,3.0,2.3,2.0,1.0,2.8]');
INSERT INTO resume_default ( resume_id, user_id, first_name, last_name, phone, birthdate, address, gender, nationality, period, korean_proficiency, degree, is_experienced, is_disabled, cover_letter, hexaco) VALUES ( 10, 10, 'Michael', 'Jordan', '010-0000-0008', '1924-08-07', 'Gyeongi', 'Male', 'Korea', '63', '2', 'bachelor', TRUE, FALSE, 'Hello, I\'m Michael. I\'m from Korea. Nice to meet you.', '[3.6,3.0,2.3,2.0,1.0,2.9]');
INSERT INTO resume_default ( resume_id, user_id, first_name, last_name, phone, birthdate, address, gender, nationality, period, korean_proficiency, degree, is_experienced, is_disabled, cover_letter, hexaco) VALUES ( 11, 11, 'Gaius', 'Caesar', '010-0000-0009', '1970-10-23', 'Gyeongi', 'Male', 'Korea', '70', '5', 'bachelor', TRUE, FALSE, 'Hello, I\'m Gaius. I\'m from Korea. Nice to meet you.', '[3.6,3.0,2.3,2.0,1.0,2.10]');
INSERT INTO resume_default ( resume_id, user_id, first_name, last_name, phone, birthdate, address, gender, nationality, period, korean_proficiency, degree, is_experienced, is_disabled, cover_letter, hexaco) VALUES ( 12, 12, 'John', 'Kennedy', '010-0000-0010', '1936-07-13', 'Gyeongi', 'Male', 'Korea', '77', '2', 'bachelor', TRUE, FALSE, 'Hello, I\'m John. I\'m from Korea. Nice to meet you.', '[3.6,3.0,2.3,2.0,1.0,2.11]');
INSERT INTO resume_default ( resume_id, user_id, first_name, last_name, phone, birthdate, address, gender, nationality, period, korean_proficiency, degree, is_experienced, is_disabled, cover_letter, hexaco) VALUES ( 13, 13, '길동', '홍', '010-0000-0011', '1929-01-05', 'Gyeongi', 'Male', 'Korea', '84', '4', 'bachelor', TRUE, FALSE, 'Hello, I\'m 길동. I\'m from Korea. Nice to meet you.', '[3.6,3.0,2.3,2.0,1.0,2.12]');
INSERT INTO resume_default ( resume_id, user_id, first_name, last_name, phone, birthdate, address, gender, nationality, period, korean_proficiency, degree, is_experienced, is_disabled, cover_letter, hexaco) VALUES ( 14, 14, '길동', '홍', '010-0000-0012', '1986-06-06', 'Gyeongi', 'Male', 'Korea', '91', '3', 'bachelor', TRUE, FALSE, 'Hello, I\'m 길동. I\'m from Korea. Nice to meet you.', '[3.6,3.0,2.3,2.0,1.0,2.13]');
INSERT INTO resume_default ( resume_id, user_id, first_name, last_name, phone, birthdate, address, gender, nationality, period, korean_proficiency, degree, is_experienced, is_disabled, cover_letter, hexaco) VALUES ( 15, 15, '길동', '홍', '010-0000-0013', '1961-06-07', 'Gyeongi', 'Male', 'Korea', '98', '5', 'bachelor', TRUE, FALSE, 'Hello, I\'m 길동. I\'m from Korea. Nice to meet you.', '[3.6,3.0,2.3,2.0,1.0,2.14]');
INSERT INTO resume_default ( resume_id, user_id, first_name, last_name, phone, birthdate, address, gender, nationality, period, korean_proficiency, degree, is_experienced, is_disabled, cover_letter, hexaco) VALUES ( 16, 16, '길동', '홍', '010-0000-0014', '1979-07-19', 'Gyeongi', 'Female', 'Korea', '105', '2', 'bachelor', FALSE, FALSE, 'Hello, I\'m 길동. I\'m from Korea. Nice to meet you.', '[3.6,3.0,2.3,2.0,1.0,2.15]');
INSERT INTO resume_default ( resume_id, user_id, first_name, last_name, phone, birthdate, address, gender, nationality, period, korean_proficiency, degree, is_experienced, is_disabled, cover_letter, hexaco) VALUES ( 17, 17, '길동', '홍', '010-0000-0015', '1965-03-21', 'Gyeongi', 'Female', 'Korea', '112', '5', 'bachelor', FALSE, FALSE, 'Hello, I\'m 길동. I\'m from Korea. Nice to meet you.', '[3.6,3.0,2.3,2.0,1.0,2.16]');
INSERT INTO resume_default ( resume_id, user_id, first_name, last_name, phone, birthdate, address, gender, nationality, period, korean_proficiency, degree, is_experienced, is_disabled, cover_letter, hexaco) VALUES ( 18, 18, '길동', '홍', '010-0000-0016', '1906-01-24', 'Gyeongi', 'Male', 'Korea', '119', '1', 'bachelor', TRUE, FALSE, 'Hello, I\'m 길동. I\'m from Korea. Nice to meet you.', '[3.6,3.0,2.3,2.0,1.0,2.17]');
INSERT INTO resume_default ( resume_id, user_id, first_name, last_name, phone, birthdate, address, gender, nationality, period, korean_proficiency, degree, is_experienced, is_disabled, cover_letter, hexaco) VALUES ( 19, 19, '길동', '홍', '010-0000-0017', '1912-11-11', 'Gyeongi', 'Male', 'Korea', '126', '3', 'bachelor', TRUE, FALSE, 'Hello, I\'m 길동. I\'m from Korea. Nice to meet you.', '[3.6,3.0,2.3,2.0,1.0,2.18]');
INSERT INTO resume_default ( resume_id, user_id, first_name, last_name, phone, birthdate, address, gender, nationality, period, korean_proficiency, degree, is_experienced, is_disabled, cover_letter, hexaco) VALUES ( 20, 20, '길동', '홍', '010-0000-0018', '1958-09-15', 'Gyeongi', 'Male', 'Korea', '133', '2', 'bachelor', TRUE, FALSE, 'Hello, I\'m 길동. I\'m from Korea. Nice to meet you.', '[3.6,3.0,2.3,2.0,1.0,2.19]');
INSERT INTO resume_default ( resume_id, user_id, first_name, last_name, phone, birthdate, address, gender, nationality, period, korean_proficiency, degree, is_experienced, is_disabled, cover_letter, hexaco) VALUES ( 21, 21, '길동', '홍', '010-0000-0019', '2002-02-07', 'Gyeongi', 'Male', 'Korea', '140', '3', 'bachelor', TRUE, FALSE, 'Hello, I\'m 길동. I\'m from Korea. Nice to meet you.', '[3.6,3.0,2.3,2.0,1.0,2.20]');
INSERT INTO resume_default ( resume_id, user_id, first_name, last_name, phone, birthdate, address, gender, nationality, period, korean_proficiency, degree, is_experienced, is_disabled, cover_letter, hexaco) VALUES ( 22, 22, '길동', '홍', '010-0000-0020', '1912-10-21', 'Gyeongi', 'Female', 'Korea', '147', '2', 'bachelor', TRUE, FALSE, 'Hello, I\'m 길동. I\'m from Korea. Nice to meet you.', '[3.6,3.0,2.3,2.0,1.0,2.21]');
INSERT INTO resume_default ( resume_id, user_id, first_name, last_name, phone, birthdate, address, gender, nationality, period, korean_proficiency, degree, is_experienced, is_disabled, cover_letter, hexaco) VALUES ( 23, 23, '길동', '홍', '010-0000-0021', '1912-08-09', 'Gyeongi', 'Female', 'Korea', '154', '1', 'bachelor', FALSE, FALSE, 'Hello, I\'m 길동. I\'m from Korea. Nice to meet you.', '[3.6,3.0,2.3,2.0,1.0,2.22]');
INSERT INTO resume_default ( resume_id, user_id, first_name, last_name, phone, birthdate, address, gender, nationality, period, korean_proficiency, degree, is_experienced, is_disabled, cover_letter, hexaco) VALUES ( 24, 24, '길동', '홍', '010-0000-0022', '1945-03-20', 'Seoul', 'Male', 'Korea', '161', '2', 'bachelor', FALSE, FALSE, 'Hello, I\'m 길동. I\'m from Korea. Nice to meet you.', '[3.6,3.0,2.3,2.0,1.0,2.23]');
INSERT INTO resume_default ( resume_id, user_id, first_name, last_name, phone, birthdate, address, gender, nationality, period, korean_proficiency, degree, is_experienced, is_disabled, cover_letter, hexaco) VALUES ( 25, 25, '길동', '홍', '010-0000-0023', '1927-03-30', 'Seoul', 'Male', 'Korea', '168', '5', 'bachelor', TRUE, FALSE, 'Hello, I\'m 길동. I\'m from Korea. Nice to meet you.', '[3.6,3.0,2.3,2.0,1.0,2.24]');
INSERT INTO resume_default ( resume_id, user_id, first_name, last_name, phone, birthdate, address, gender, nationality, period, korean_proficiency, degree, is_experienced, is_disabled, cover_letter, hexaco) VALUES ( 26, 26, '길동', '홍', '010-0000-0024', '1911-07-03', 'Seoul', 'Male', 'Korea', '175', '5', 'bachelor', TRUE, FALSE, 'Hello, I\'m 길동. I\'m from Korea. Nice to meet you.', '[3.6,3.0,2.3,2.0,1.0,2.25]');
INSERT INTO resume_default ( resume_id, user_id, first_name, last_name, phone, birthdate, address, gender, nationality, period, korean_proficiency, degree, is_experienced, is_disabled, cover_letter, hexaco) VALUES ( 27, 27, '길동', '홍', '010-0000-0025', '1962-07-06', 'Seoul', 'Male', 'Korea', '182', '4', 'bachelor', TRUE, FALSE, 'Hello, I\'m 길동. I\'m from Korea. Nice to meet you.', '[3.6,3.0,2.3,2.0,1.0,2.26]');
INSERT INTO resume_default ( resume_id, user_id, first_name, last_name, phone, birthdate, address, gender, nationality, period, korean_proficiency, degree, is_experienced, is_disabled, cover_letter, hexaco) VALUES ( 28, 28, '길동', '홍', '010-0000-0026', '2003-01-31', 'Seoul', 'Male', 'Korea', '189', '2', 'bachelor', TRUE, FALSE, 'Hello, I\'m 길동. I\'m from Korea. Nice to meet you.', '[3.6,3.0,2.3,2.0,1.0,2.27]');
INSERT INTO resume_default ( resume_id, user_id, first_name, last_name, phone, birthdate, address, gender, nationality, period, korean_proficiency, degree, is_experienced, is_disabled, cover_letter, hexaco) VALUES ( 29, 29, '길동', '홍', '010-0000-0027', '1952-07-20', 'Seoul', 'Female', 'Korea', '196', '3', 'bachelor', TRUE, FALSE, 'Hello, I\'m 길동. I\'m from Korea. Nice to meet you.', '[3.6,3.0,2.3,2.0,1.0,2.28]');
INSERT INTO resume_default ( resume_id, user_id, first_name, last_name, phone, birthdate, address, gender, nationality, period, korean_proficiency, degree, is_experienced, is_disabled, cover_letter, hexaco) VALUES ( 30, 30, '길동', '홍', '010-0000-0028', '1988-02-15', 'Seoul', 'Female', 'Korea', '203', '4', 'bachelor', TRUE, FALSE, 'Hello, I\'m 길동. I\'m from Korea. Nice to meet you.', '[3.6,3.0,2.3,2.0,1.0,2.29]');
INSERT INTO resume_default ( resume_id, user_id, first_name, last_name, phone, birthdate, address, gender, nationality, period, korean_proficiency, degree, is_experienced, is_disabled, cover_letter, hexaco) VALUES ( 31, 31, '길동', '홍', '010-0000-0029', '1984-04-18', 'Seoul', 'Male', 'Korea', '210', '3', 'bachelor', TRUE, FALSE, 'Hello, I\'m 길동. I\'m from Korea. Nice to meet you.', '[3.6,3.0,2.3,2.0,1.0,2.30]');
INSERT INTO resume_default ( resume_id, user_id, first_name, last_name, phone, birthdate, address, gender, nationality, period, korean_proficiency, degree, is_experienced, is_disabled, cover_letter, hexaco) VALUES ( 32, 32, '길동', '홍', '010-0000-0030', '1900-07-25', 'Seoul', 'Male', 'Korea', '217', '5', 'bachelor', TRUE, FALSE, 'Hello, I\'m 길동. I\'m from Korea. Nice to meet you.', '[3.6,3.0,2.3,2.0,1.0,2.31]');
INSERT INTO resume_default ( resume_id, user_id, first_name, last_name, phone, birthdate, address, gender, nationality, period, korean_proficiency, degree, is_experienced, is_disabled, cover_letter, hexaco) VALUES ( 33, 33, '길동', '홍', '010-0000-0031', '1953-08-24', 'Seoul', 'Male', 'Korea', '224', '5', 'bachelor', FALSE, FALSE, 'Hello, I\'m 길동. I\'m from Korea. Nice to meet you.', '[3.6,3.0,2.3,2.0,1.0,2.32]');
INSERT INTO resume_default ( resume_id, user_id, first_name, last_name, phone, birthdate, address, gender, nationality, period, korean_proficiency, degree, is_experienced, is_disabled, cover_letter, hexaco) VALUES ( 34, 34, '길동', '홍', '010-0000-0032', '2014-09-16', 'Seoul', 'Male', 'Korea', '231', '4', 'bachelor', FALSE, FALSE, 'Hello, I\'m 길동. I\'m from Korea. Nice to meet you.', '[3.6,3.0,2.3,2.0,1.0,2.33]');
INSERT INTO resume_default ( resume_id, user_id, first_name, last_name, phone, birthdate, address, gender, nationality, period, korean_proficiency, degree, is_experienced, is_disabled, cover_letter, hexaco) VALUES ( 35, 35, '길동', '홍', '010-0000-0033', '1955-07-29', 'Seoul', 'Male', 'Korea', '238', '4', 'bachelor', TRUE, FALSE, 'Hello, I\'m 길동. I\'m from Korea. Nice to meet you.', '[3.6,3.0,2.3,2.0,1.0,2.34]');
INSERT INTO resume_default ( resume_id, user_id, first_name, last_name, phone, birthdate, address, gender, nationality, period, korean_proficiency, degree, is_experienced, is_disabled, cover_letter, hexaco) VALUES ( 36, 36, '길동', '홍', '010-0000-0034', '1951-07-16', 'Seoul', 'Male', 'Korea', '245', '3', 'bachelor', TRUE, FALSE, 'Hello, I\'m 길동. I\'m from Korea. Nice to meet you.', '[3.6,3.0,2.3,2.0,1.0,2.35]');
INSERT INTO resume_default ( resume_id, user_id, first_name, last_name, phone, birthdate, address, gender, nationality, period, korean_proficiency, degree, is_experienced, is_disabled, cover_letter, hexaco) VALUES ( 37, 37, '길동', '홍', '010-0000-0035', '1948-04-26', 'Seoul', 'Female', 'Korea', '252', '3', 'bachelor', TRUE, FALSE, 'Hello, I\'m 길동. I\'m from Korea. Nice to meet you.', '[3.6,3.0,2.3,2.0,1.0,2.36]');
INSERT INTO resume_default ( resume_id, user_id, first_name, last_name, phone, birthdate, address, gender, nationality, period, korean_proficiency, degree, is_experienced, is_disabled, cover_letter, hexaco) VALUES ( 38, 38, '길동', '홍', '010-0000-0036', '1994-10-18', 'Seoul', 'Female', 'Korea', '259', '2', 'bachelor', TRUE, FALSE, 'Hello, I\'m 길동. I\'m from Korea. Nice to meet you.', '[3.6,3.0,2.3,2.0,1.0,2.37]');
INSERT INTO resume_default ( resume_id, user_id, first_name, last_name, phone, birthdate, address, gender, nationality, period, korean_proficiency, degree, is_experienced, is_disabled, cover_letter, hexaco) VALUES ( 39, 39, '길동', '홍', '010-0000-0037', '1980-07-13', 'Seoul', 'Male', 'Korea', '266', '4', 'bachelor', TRUE, FALSE, 'Hello, I\'m 길동. I\'m from Korea. Nice to meet you.', '[3.6,3.0,2.3,2.0,1.0,2.38]');
INSERT INTO resume_default ( resume_id, user_id, first_name, last_name, phone, birthdate, address, gender, nationality, period, korean_proficiency, degree, is_experienced, is_disabled, cover_letter, hexaco) VALUES ( 40, 40, '길동', '홍', '010-0000-0038', '1924-03-07', 'Seoul', 'Male', 'Korea', '273', '5', 'bachelor', TRUE, FALSE, 'Hello, I\'m 길동. I\'m from Korea. Nice to meet you.', '[3.6,3.0,2.3,2.0,1.0,2.39]');
INSERT INTO resume_default ( resume_id, user_id, first_name, last_name, phone, birthdate, address, gender, nationality, period, korean_proficiency, degree, is_experienced, is_disabled, cover_letter, hexaco) VALUES ( 41, 41, '길동', '홍', '010-0000-0039', '1906-06-02', 'Seoul', 'Male', 'Korea', '280', '4', 'bachelor', TRUE, FALSE, 'Hello, I\'m 길동. I\'m from Korea. Nice to meet you.', '[3.6,3.0,2.3,2.0,1.0,2.40]');
INSERT INTO resume_default ( resume_id, user_id, first_name, last_name, phone, birthdate, address, gender, nationality, period, korean_proficiency, degree, is_experienced, is_disabled, cover_letter, hexaco) VALUES ( 42, 42, '길동', '홍', '010-0000-0040', '1914-04-13', 'Seoul', 'Male', 'Korea', '287', '5', 'bachelor', TRUE, FALSE, 'Hello, I\'m 길동. I\'m from Korea. Nice to meet you.', '[3.6,3.0,2.3,2.0,1.0,2.41]');
INSERT INTO resume_default ( resume_id, user_id, first_name, last_name, phone, birthdate, address, gender, nationality, period, korean_proficiency, degree, is_experienced, is_disabled, cover_letter, hexaco) VALUES ( 43, 43, '길동', '홍', '010-0000-0041', '1929-07-10', 'Seoul', 'Male', 'Korea', '294', '4', 'bachelor', TRUE, FALSE, 'Hello, I\'m 길동. I\'m from Korea. Nice to meet you.', '[3.6,3.0,2.3,2.0,1.0,2.42]');
INSERT INTO resume_default ( resume_id, user_id, first_name, last_name, phone, birthdate, address, gender, nationality, period, korean_proficiency, degree, is_experienced, is_disabled, cover_letter, hexaco) VALUES ( 44, 44, '길동', '홍', '010-0000-0042', '1931-07-19', 'Seoul', 'Female', 'Korea', '301', '2', 'bachelor', TRUE, FALSE, 'Hello, I\'m 길동. I\'m from Korea. Nice to meet you.', '[3.6,3.0,2.3,2.0,1.0,2.43]');
INSERT INTO resume_default ( resume_id, user_id, first_name, last_name, phone, birthdate, address, gender, nationality, period, korean_proficiency, degree, is_experienced, is_disabled, cover_letter, hexaco) VALUES ( 45, 45, '길동', '홍', '010-0000-0043', '1973-03-05', 'Seoul', 'Female', 'Korea', '308', '6', 'bachelor', TRUE, FALSE, 'Hello, I\'m 길동. I\'m from Korea. Nice to meet you.', '[3.6,3.0,2.3,2.0,1.0,2.44]');
INSERT INTO resume_default ( resume_id, user_id, first_name, last_name, phone, birthdate, address, gender, nationality, period, korean_proficiency, degree, is_experienced, is_disabled, cover_letter, hexaco) VALUES ( 46, 46, '길동', '홍', '010-0000-0044', '1944-08-23', 'Seoul', 'Male', 'Korea', '315', '3', 'bachelor', TRUE, FALSE, 'Hello, I\'m 길동. I\'m from Korea. Nice to meet you.', '[3.6,3.0,2.3,2.0,1.0,2.45]');
INSERT INTO resume_default ( resume_id, user_id, first_name, last_name, phone, birthdate, address, gender, nationality, period, korean_proficiency, degree, is_experienced, is_disabled, cover_letter, hexaco) VALUES ( 47, 47, '길동', '홍', '010-0000-0045', '2011-09-14', 'Seoul', 'Male', 'Korea', '322', '4', 'bachelor', TRUE, FALSE, 'Hello, I\'m 길동. I\'m from Korea. Nice to meet you.', '[3.6,3.0,2.3,2.0,1.0,2.46]');
INSERT INTO resume_default ( resume_id, user_id, first_name, last_name, phone, birthdate, address, gender, nationality, period, korean_proficiency, degree, is_experienced, is_disabled, cover_letter, hexaco) VALUES ( 48, 48, '길동', '홍', '010-0000-0046', '2022-09-24', 'Seoul', 'Male', 'Korea', '329', '2', 'bachelor', TRUE, FALSE, 'Hello, I\'m 길동. I\'m from Korea. Nice to meet you.', '[3.6,3.0,2.3,2.0,1.0,2.47]');
INSERT INTO resume_default ( resume_id, user_id, first_name, last_name, phone, birthdate, address, gender, nationality, period, korean_proficiency, degree, is_experienced, is_disabled, cover_letter, hexaco) VALUES ( 49, 49, '길동', '홍', '010-0000-0047', '1947-02-12', 'Seoul', 'Male', 'Korea', '336', '3', 'bachelor', TRUE, FALSE, 'Hello, I\'m 길동. I\'m from Korea. Nice to meet you.', '[3.6,3.0,2.3,2.0,1.0,2.48]');
INSERT INTO resume_default ( resume_id, user_id, first_name, last_name, phone, birthdate, address, gender, nationality, period, korean_proficiency, degree, is_experienced, is_disabled, cover_letter, hexaco) VALUES ( 50, 50, '길동', '홍', '010-0000-0048', '2022-05-20', 'Seoul', 'Male', 'Korea', '343', '6', 'bachelor', TRUE, FALSE, 'Hello, I\'m 길동. I\'m from Korea. Nice to meet you.', '[3.6,3.0,2.3,2.0,1.0,2.49]');

INSERT INTO career ( career_id, resume_id, job, responsibility, started_at, ended_at, work_performance, detail  ) VALUES ( '1', '1', 'HR', 'Employee', '2022-12-27', '2023-06-29', null, null  );
INSERT INTO career ( career_id, resume_id, job, responsibility, started_at, ended_at, work_performance, detail  ) VALUES ( '2', '2', 'Sales', 'Employee', '2019-10-27', '2020-02-11', null, null  );
INSERT INTO career ( career_id, resume_id, job, responsibility, started_at, ended_at, work_performance, detail  ) VALUES ( '3', '3', 'Sales', 'Employee', '2019-02-28', '2020-01-21', 'Increased brand awareness by 30%', null  );
INSERT INTO career ( career_id, resume_id, job, responsibility, started_at, ended_at, work_performance, detail  ) VALUES ( '4', '4', 'Sales', 'Employee', '2019-08-19', '2020-03-14', null, null  );
INSERT INTO career ( career_id, resume_id, job, responsibility, started_at, ended_at, work_performance, detail  ) VALUES ( '5', '5', 'Sales', 'Employee', '2020-02-22', '2021-01-26', null, null  );
INSERT INTO career ( career_id, resume_id, job, responsibility, started_at, ended_at, work_performance, detail  ) VALUES ( '6', '6', 'Sales', 'Employee', '2020-09-13', '2021-06-27', null, null  );
INSERT INTO career ( career_id, resume_id, job, responsibility, started_at, ended_at, work_performance, detail  ) VALUES ( '7', '7', 'Engineering', 'Employee', '2020-11-06', '2021-02-17', null, null  );
INSERT INTO career ( career_id, resume_id, job, responsibility, started_at, ended_at, work_performance, detail  ) VALUES ( '8', '8', 'Engineering', 'Employee', '2021-10-22', '2022-04-30', null, null  );
INSERT INTO career ( career_id, resume_id, job, responsibility, started_at, ended_at, work_performance, detail  ) VALUES ( '9', '9', 'Engineering', 'Employee', '2022-07-12', '2022-10-15', null, null  );
INSERT INTO career ( career_id, resume_id, job, responsibility, started_at, ended_at, work_performance, detail  ) VALUES ( '10', '10', 'Engineering', 'Employee', '2020-06-07', '2021-01-30', null, null  );
INSERT INTO career ( career_id, resume_id, job, responsibility, started_at, ended_at, work_performance, detail  ) VALUES ( '11', '11', 'Engineering', 'Team Leader', '2020-09-30', '2021-08-25', 'Successfully led a team of developers in completing a major project.', null  );
INSERT INTO career ( career_id, resume_id, job, responsibility, started_at, ended_at, work_performance, detail  ) VALUES ( '12', '12', 'Engineering', 'Employee', '2023-02-06', '2023-10-28', null, null  );
INSERT INTO career ( career_id, resume_id, job, responsibility, started_at, ended_at, work_performance, detail  ) VALUES ( '13', '13', 'Manufacturing', 'Employee', '2020-07-21', '2021-03-16', null, null  );
INSERT INTO career ( career_id, resume_id, job, responsibility, started_at, ended_at, work_performance, detail  ) VALUES ( '14', '14', 'Manufacturing', 'Employee', '2019-03-22', '2019-12-24', null, null  );
INSERT INTO career ( career_id, resume_id, job, responsibility, started_at, ended_at, work_performance, detail  ) VALUES ( '15', '15', 'Manufacturing', 'Employee', '2021-09-02', '2022-05-22', null, null  );
INSERT INTO career ( career_id, resume_id, job, responsibility, started_at, ended_at, work_performance, detail  ) VALUES ( '16', '15', 'Manufacturing', 'Employee', '2021-04-27', '2021-12-01', null, null  );
INSERT INTO career ( career_id, resume_id, job, responsibility, started_at, ended_at, work_performance, detail  ) VALUES ( '17', '15', 'Manufacturing', 'Employee', '2021-12-15', '2022-09-23', null, null  );
INSERT INTO career ( career_id, resume_id, job, responsibility, started_at, ended_at, work_performance, detail  ) VALUES ( '18', '18', 'Manufacturing', 'Employee', '2019-03-13', '2020-01-27', null, null  );
INSERT INTO career ( career_id, resume_id, job, responsibility, started_at, ended_at, work_performance, detail  ) VALUES ( '19', '19', 'Manufacturing', 'Employee', '2022-05-02', '2022-09-13', null, null  );
INSERT INTO career ( career_id, resume_id, job, responsibility, started_at, ended_at, work_performance, detail  ) VALUES ( '20', '20', 'Manufacturing', 'Employee', '2020-05-25', '2021-01-23', null, null  );
INSERT INTO career ( career_id, resume_id, job, responsibility, started_at, ended_at, work_performance, detail  ) VALUES ( '21', '21', 'Manufacturing', 'Employee', '2021-06-17', '2021-12-12', null, null  );
INSERT INTO career ( career_id, resume_id, job, responsibility, started_at, ended_at, work_performance, detail  ) VALUES ( '22', '22', 'Manufacturing', 'Employee', '2020-05-08', '2020-09-21', null, null  );
INSERT INTO career ( career_id, resume_id, job, responsibility, started_at, ended_at, work_performance, detail  ) VALUES ( '23', '22', 'Manufacturing', 'Employee', '2022-05-21', '2023-03-17', null, null  );
INSERT INTO career ( career_id, resume_id, job, responsibility, started_at, ended_at, work_performance, detail  ) VALUES ( '24', '22', 'Manufacturing', 'Employee', '2019-09-04', '2020-08-19', null, null  );
INSERT INTO career ( career_id, resume_id, job, responsibility, started_at, ended_at, work_performance, detail  ) VALUES ( '25', '25', 'Manufacturing', 'Employee', '2019-03-22', '2019-10-28', null, null  );
INSERT INTO career ( career_id, resume_id, job, responsibility, started_at, ended_at, work_performance, detail  ) VALUES ( '26', '26', 'Manufacturing', 'Team Leader', '2020-05-27', '2021-05-08', null, null  );
INSERT INTO career ( career_id, resume_id, job, responsibility, started_at, ended_at, work_performance, detail  ) VALUES ( '27', '27', 'Manufacturing', 'Employee', '2019-01-24', '2019-11-12', null, null  );
INSERT INTO career ( career_id, resume_id, job, responsibility, started_at, ended_at, work_performance, detail  ) VALUES ( '28', '28', 'Logistics', 'Employee', '2019-01-22', '2020-01-12', null, null  );
INSERT INTO career ( career_id, resume_id, job, responsibility, started_at, ended_at, work_performance, detail  ) VALUES ( '29', '29', 'Logistics', 'Employee', '2019-02-16', '2019-08-29', null, null  );
INSERT INTO career ( career_id, resume_id, job, responsibility, started_at, ended_at, work_performance, detail  ) VALUES ( '30', '30', 'Logistics', 'Employee', '2020-04-04', '2020-12-04', null, null  );
INSERT INTO career ( career_id, resume_id, job, responsibility, started_at, ended_at, work_performance, detail  ) VALUES ( '31', '31', 'Logistics', 'Employee', '2022-09-02', '2023-05-13', null, null  );
INSERT INTO career ( career_id, resume_id, job, responsibility, started_at, ended_at, work_performance, detail  ) VALUES ( '32', '32', 'Logistics', 'Employee', '2020-05-15', '2020-12-11', null, null  );
INSERT INTO career ( career_id, resume_id, job, responsibility, started_at, ended_at, work_performance, detail  ) VALUES ( '33', '32', 'Logistics', 'Employee', '2022-03-21', '2023-02-24', null, null  );
INSERT INTO career ( career_id, resume_id, job, responsibility, started_at, ended_at, work_performance, detail  ) VALUES ( '34', '32', 'Logistics', 'Employee', '2023-09-28', '2023-12-07', null, null  );
INSERT INTO career ( career_id, resume_id, job, responsibility, started_at, ended_at, work_performance, detail  ) VALUES ( '35', '35', 'Logistics', 'Employee', '2020-03-07', '2020-08-29', null, null  );
INSERT INTO career ( career_id, resume_id, job, responsibility, started_at, ended_at, work_performance, detail  ) VALUES ( '36', '36', 'Logistics', 'Employee', '2019-04-17', '2019-12-28', null, null  );
INSERT INTO career ( career_id, resume_id, job, responsibility, started_at, ended_at, work_performance, detail  ) VALUES ( '37', '37', 'Logistics', 'Employee', '2020-07-11', '2021-03-16', null, null  );
INSERT INTO career ( career_id, resume_id, job, responsibility, started_at, ended_at, work_performance, detail  ) VALUES ( '38', '38', 'Consulting', 'Employee', '2020-01-23', '2020-09-24', null, null  );
INSERT INTO career ( career_id, resume_id, job, responsibility, started_at, ended_at, work_performance, detail  ) VALUES ( '39', '39', 'Consulting', 'Employee', '2021-10-31', '2022-07-18', null, null  );
INSERT INTO career ( career_id, resume_id, job, responsibility, started_at, ended_at, work_performance, detail  ) VALUES ( '40', '40', 'Consulting', 'Employee', '2019-03-27', '2020-01-22', null, null  );
INSERT INTO career ( career_id, resume_id, job, responsibility, started_at, ended_at, work_performance, detail  ) VALUES ( '41', '41', 'Consulting', 'Employee', '2019-12-29', '2020-03-29', null, null  );
INSERT INTO career ( career_id, resume_id, job, responsibility, started_at, ended_at, work_performance, detail  ) VALUES ( '42', '42', 'Consulting', 'Employee', '2021-03-08', '2022-01-26', null, null  );
INSERT INTO career ( career_id, resume_id, job, responsibility, started_at, ended_at, work_performance, detail  ) VALUES ( '43', '43', 'Design', 'Employee', '2022-04-18', '2022-10-22', null, null  );
INSERT INTO career ( career_id, resume_id, job, responsibility, started_at, ended_at, work_performance, detail  ) VALUES ( '44', '44', 'Design', 'Employee', '2021-08-01', '2022-02-16', null, null  );
INSERT INTO career ( career_id, resume_id, job, responsibility, started_at, ended_at, work_performance, detail  ) VALUES ( '45', '45', 'Design', 'Employee', '2021-01-02', '2021-08-02', null, null  );
INSERT INTO career ( career_id, resume_id, job, responsibility, started_at, ended_at, work_performance, detail  ) VALUES ( '46', '46', 'Design', 'Employee', '2022-08-15', '2023-04-06', null, null  );
INSERT INTO career ( career_id, resume_id, job, responsibility, started_at, ended_at, work_performance, detail  ) VALUES ( '47', '47', 'Design', 'Employee', '2021-02-26', '2022-01-24', null, null  );
INSERT INTO career ( career_id, resume_id, job, responsibility, started_at, ended_at, work_performance, detail  ) VALUES ( '48', '48', 'Education', 'Employee', '2019-07-25', '2020-01-05', null, null  );
INSERT INTO career ( career_id, resume_id, job, responsibility, started_at, ended_at, work_performance, detail  ) VALUES ( '49', '49', 'Education', 'Employee', '2020-06-26', '2021-04-05', null, null  );
INSERT INTO career ( career_id, resume_id, job, responsibility, started_at, ended_at, work_performance, detail  ) VALUES ( '50', '50', 'Education', 'Employee', '2022-04-05', '2022-12-09', null, null  );



INSERT INTO visa ( visa, validity_period  ) VALUES ( 'D-2', '30'  );
INSERT INTO visa ( visa, validity_period  ) VALUES ( 'E-9', '60'  );
INSERT INTO visa ( visa, validity_period  ) VALUES ( 'H-2', '36'  );


INSERT INTO job_code ( job_code, job_name ) VALUES ( '01100', '작물 재배업' );
INSERT INTO job_code ( job_code, job_name ) VALUES ( '01200', '축산업' );
INSERT INTO job_code ( job_code, job_name ) VALUES ( '01400', '작물재배 및 축산 관련 서비스업' );
INSERT INTO job_code ( job_code, job_name ) VALUES ( '03112', '연근해 어업' );
INSERT INTO job_code ( job_code, job_name ) VALUES ( '03210', '양식 어업' );
INSERT INTO job_code ( job_code, job_name ) VALUES ( '07220', '천일염 생산 및 암염 채취업' );
INSERT INTO job_code ( job_code, job_name ) VALUES ( '10000', '식료품 제조업' );
INSERT INTO job_code ( job_code, job_name ) VALUES ( '10100', '도축, 육류 가공 및 저장 처리업' );
INSERT INTO job_code ( job_code, job_name ) VALUES ( '10110', '도축업' );
INSERT INTO job_code ( job_code, job_name ) VALUES ( '10111', '육류 도축업(가금류 제외)' );
INSERT INTO job_code ( job_code, job_name ) VALUES ( '10112', '가금류 도축업' );
INSERT INTO job_code ( job_code, job_name ) VALUES ( '10120', '육류 가공 및 저장 처리업' );
INSERT INTO job_code ( job_code, job_name ) VALUES ( '10121', '가금류 가공 및 저장 처리업' );
INSERT INTO job_code ( job_code, job_name ) VALUES ( '10122', '육류 포장육 및 냉동육 가공업(가금류 제외)' );
INSERT INTO job_code ( job_code, job_name ) VALUES ( '10129', '육류 기타 가공 및 저장 처리업(가금류 제외)' );
INSERT INTO job_code ( job_code, job_name ) VALUES ( '10200', '수산물 가공 및 저장 처리업' );
INSERT INTO job_code ( job_code, job_name ) VALUES ( '10210', '수산동물 가공 및 저장 처리업' );
INSERT INTO job_code ( job_code, job_name ) VALUES ( '10211', '수산동물 훈제, 조리 및 유사 조제식품 제조업' );
INSERT INTO job_code ( job_code, job_name ) VALUES ( '10212', '수산동물 건조 및 염장품 제조업' );
INSERT INTO job_code ( job_code, job_name ) VALUES ( '10213', '수산동물 냉동품 제조업' );
INSERT INTO job_code ( job_code, job_name ) VALUES ( '10219', '기타 수산동물 가공 및 저장 처리업' );
INSERT INTO job_code ( job_code, job_name ) VALUES ( '10220', '수산식물 가공 및 저장 처리업' );
INSERT INTO job_code ( job_code, job_name ) VALUES ( '10300', '과실, 채소 가공 및 저장 처리업' );
INSERT INTO job_code ( job_code, job_name ) VALUES ( '10301', '김치류 제조업' );
INSERT INTO job_code ( job_code, job_name ) VALUES ( '10302', '과실 및 그 외 채소 절임식품 제조업' );
INSERT INTO job_code ( job_code, job_name ) VALUES ( '10309', '기타 과실ㆍ채소 가공 및 저장 처리업' );
INSERT INTO job_code ( job_code, job_name ) VALUES ( '10400', '동물성 및 식물성 유지 제조업' );
INSERT INTO job_code ( job_code, job_name ) VALUES ( '10401', '동물성 유지 제조업' );
INSERT INTO job_code ( job_code, job_name ) VALUES ( '10402', '식물성 유지 제조업' );
INSERT INTO job_code ( job_code, job_name ) VALUES ( '10403', '식용 정제유 및 가공유 제조업' );
INSERT INTO job_code ( job_code, job_name ) VALUES ( '10500', '낙농제품 및 식용 빙과류 제조업' );
INSERT INTO job_code ( job_code, job_name ) VALUES ( '10501', '액상 시유 및 기타 낙농제품 제조업' );
INSERT INTO job_code ( job_code, job_name ) VALUES ( '10502', '아이스크림 및 기타 식용 빙과류 제조업' );
INSERT INTO job_code ( job_code, job_name ) VALUES ( '10600', '곡물 가공품, 전분 및 전분제품 제조업' );
INSERT INTO job_code ( job_code, job_name ) VALUES ( '10610', '곡물 가공품 제조업' );
INSERT INTO job_code ( job_code, job_name ) VALUES ( '10611', '곡물 도정업' );
INSERT INTO job_code ( job_code, job_name ) VALUES ( '10612', '곡물 제분업' );
INSERT INTO job_code ( job_code, job_name ) VALUES ( '10613', '곡물 혼합 분말 및 반죽 제조업' );
INSERT INTO job_code ( job_code, job_name ) VALUES ( '10619', '기타 곡물 가공품 제조업' );
INSERT INTO job_code ( job_code, job_name ) VALUES ( '10620', '전분제품 및 당류 제조업' );
INSERT INTO job_code ( job_code, job_name ) VALUES ( '10700', '기타 식품 제조업' );
INSERT INTO job_code ( job_code, job_name ) VALUES ( '10710', '떡, 빵 및 과자류 제조업' );
INSERT INTO job_code ( job_code, job_name ) VALUES ( '10711', '떡류 제조업' );
INSERT INTO job_code ( job_code, job_name ) VALUES ( '10712', '빵류 제조업' );
INSERT INTO job_code ( job_code, job_name ) VALUES ( '10713', '과자류 및 코코아 제품 제조업' );
INSERT INTO job_code ( job_code, job_name ) VALUES ( '10720', '설탕 제조업' );
INSERT INTO job_code ( job_code, job_name ) VALUES ( '10730', '면류, 마카로니 및 유사 식품 제조업' );
INSERT INTO job_code ( job_code, job_name ) VALUES ( '10740', '조미료 및 식품 첨가물 제조업' );
INSERT INTO job_code ( job_code, job_name ) VALUES ( '10741', '식초, 발효 및 화학 조미료 제조업' );
INSERT INTO job_code ( job_code, job_name ) VALUES ( '10742', '천연 및 혼합 조제 조미료 제조업' );
INSERT INTO job_code ( job_code, job_name ) VALUES ( '10743', '장류 제조업' );
INSERT INTO job_code ( job_code, job_name ) VALUES ( '10749', '기타 식품 첨가물 제조업' );
INSERT INTO job_code ( job_code, job_name ) VALUES ( '10750', '도시락 및 식사용 조리식품 제조업' );
INSERT INTO job_code ( job_code, job_name ) VALUES ( '10751', '도시락류 제조업' );
INSERT INTO job_code ( job_code, job_name ) VALUES ( '10759', '기타 식사용 가공처리 조리식품 제조업' );
INSERT INTO job_code ( job_code, job_name ) VALUES ( '10790', '기타 식료품 제조업' );
INSERT INTO job_code ( job_code, job_name ) VALUES ( '10791', '커피 가공업' );
INSERT INTO job_code ( job_code, job_name ) VALUES ( '10792', '차류 가공업' );
INSERT INTO job_code ( job_code, job_name ) VALUES ( '10793', '수프 및 균질화식품 제조업' );
INSERT INTO job_code ( job_code, job_name ) VALUES ( '10794', '두부 및 유사 식품 제조업' );
INSERT INTO job_code ( job_code, job_name ) VALUES ( '10795', '인삼식품 제조업' );
INSERT INTO job_code ( job_code, job_name ) VALUES ( '10796', '건강 보조용 액화식품 제조업' );
INSERT INTO job_code ( job_code, job_name ) VALUES ( '10797', '건강 기능식품 제조업' );
INSERT INTO job_code ( job_code, job_name ) VALUES ( '10799', '그 외 기타 식료품 제조업' );
INSERT INTO job_code ( job_code, job_name ) VALUES ( '10800', '동물용 사료 및 조제식품 제조업' );
INSERT INTO job_code ( job_code, job_name ) VALUES ( '10801', '배합 사료 제조업' );
INSERT INTO job_code ( job_code, job_name ) VALUES ( '10802', '단미사료 및 기타 사료 제조업' );
INSERT INTO job_code ( job_code, job_name ) VALUES ( '11000', '음료 제조업' );
INSERT INTO job_code ( job_code, job_name ) VALUES ( '11100', '알코올 음료 제조업' );
INSERT INTO job_code ( job_code, job_name ) VALUES ( '11110', '발효주 제조업' );
INSERT INTO job_code ( job_code, job_name ) VALUES ( '11111', '탁주 및 약주 제조업' );
INSERT INTO job_code ( job_code, job_name ) VALUES ( '11112', '맥아 및 맥주 제조업' );
INSERT INTO job_code ( job_code, job_name ) VALUES ( '11119', '기타 발효주 제조업' );
INSERT INTO job_code ( job_code, job_name ) VALUES ( '11120', '증류주 및 합성주 제조업' );
INSERT INTO job_code ( job_code, job_name ) VALUES ( '11121', '주정 제조업' );
INSERT INTO job_code ( job_code, job_name ) VALUES ( '11122', '소주 제조업' );
INSERT INTO job_code ( job_code, job_name ) VALUES ( '11129', '기타 증류주 및 합성주 제조업' );
INSERT INTO job_code ( job_code, job_name ) VALUES ( '11200', '비알코올 음료 및 얼음 제조업' );
INSERT INTO job_code ( job_code, job_name ) VALUES ( '11201', '얼음 제조업' );
INSERT INTO job_code ( job_code, job_name ) VALUES ( '11202', '생수 생산업' );
INSERT INTO job_code ( job_code, job_name ) VALUES ( '11209', '기타 비알코올 음료 제조업' );
INSERT INTO job_code ( job_code, job_name ) VALUES ( '12000', '담배제품 제조업' );
INSERT INTO job_code ( job_code, job_name ) VALUES ( '13000', '섬유제품 제조업; 의복 제외' );
INSERT INTO job_code ( job_code, job_name ) VALUES ( '13100', '방적 및 가공사 제조업' );
INSERT INTO job_code ( job_code, job_name ) VALUES ( '13101', '면 방적업' );
INSERT INTO job_code ( job_code, job_name ) VALUES ( '13102', '모 방적업' );
INSERT INTO job_code ( job_code, job_name ) VALUES ( '13103', '화학섬유 방적업' );
INSERT INTO job_code ( job_code, job_name ) VALUES ( '13104', '연사 및 가공사 제조업' );
INSERT INTO job_code ( job_code, job_name ) VALUES ( '13109', '기타 방적업' );
INSERT INTO job_code ( job_code, job_name ) VALUES ( '13200', '직물 직조 및 직물제품 제조업' );
INSERT INTO job_code ( job_code, job_name ) VALUES ( '13210', '직물 직조업' );
INSERT INTO job_code ( job_code, job_name ) VALUES ( '13211', '면직물 직조업' );
INSERT INTO job_code ( job_code, job_name ) VALUES ( '13212', '모직물 직조업' );
INSERT INTO job_code ( job_code, job_name ) VALUES ( '13213', '화학섬유직물 직조업' );
INSERT INTO job_code ( job_code, job_name ) VALUES ( '13219', '특수직물 및 기타 직물 직조업' );
INSERT INTO job_code ( job_code, job_name ) VALUES ( '13220', '직물제품 제조업' );
INSERT INTO job_code ( job_code, job_name ) VALUES ( '13221', '침구 및 관련제품 제조업' );
INSERT INTO job_code ( job_code, job_name ) VALUES ( '13222', '자수제품 및 자수용 재료 제조업' );
INSERT INTO job_code ( job_code, job_name ) VALUES ( '13223', '커튼 및 유사 제품 제조업' );
INSERT INTO job_code ( job_code, job_name ) VALUES ( '13224', '천막, 텐트 및 유사 제품 제조업' );
INSERT INTO job_code ( job_code, job_name ) VALUES ( '13225', '직물포대 제조업' );
INSERT INTO job_code ( job_code, job_name ) VALUES ( '13229', '기타 직물제품 제조업' );
INSERT INTO job_code ( job_code, job_name ) VALUES ( '13300', '편조 원단 제조업' );
INSERT INTO job_code ( job_code, job_name ) VALUES ( '13400', '섬유제품 염색, 정리 및 마무리 가공업' );
INSERT INTO job_code ( job_code, job_name ) VALUES ( '13401', '솜 및 실 염색 가공업' );
INSERT INTO job_code ( job_code, job_name ) VALUES ( '13402', '직물, 편조 원단 및 의복류 염색 가공업' );
INSERT INTO job_code ( job_code, job_name ) VALUES ( '13403', '날염 가공업' );
INSERT INTO job_code ( job_code, job_name ) VALUES ( '13409', '섬유제품 기타 정리 및 마무리 가공업' );
INSERT INTO job_code ( job_code, job_name ) VALUES ( '13900', '기타 섬유제품 제조업' );
INSERT INTO job_code ( job_code, job_name ) VALUES ( '13910', '카펫, 마루덮개 및 유사 제품 제조업' );
INSERT INTO job_code ( job_code, job_name ) VALUES ( '13920', '끈, 로프, 망 및 끈 가공품 제조업' );
INSERT INTO job_code ( job_code, job_name ) VALUES ( '13921', '끈 및 로프 제조업' );
INSERT INTO job_code ( job_code, job_name ) VALUES ( '13922', '어망 및 기타 끈 가공품 제조업' );
INSERT INTO job_code ( job_code, job_name ) VALUES ( '13990', '그 외 기타 섬유제품 제조업' );
INSERT INTO job_code ( job_code, job_name ) VALUES ( '13991', '세폭직물 제조업' );
INSERT INTO job_code ( job_code, job_name ) VALUES ( '13992', '부직포 및 펠트 제조업' );
INSERT INTO job_code ( job_code, job_name ) VALUES ( '13993', '특수사 및 코드직물 제조업' );
INSERT INTO job_code ( job_code, job_name ) VALUES ( '13994', '표면처리 및 적층 직물 제조업' );
INSERT INTO job_code ( job_code, job_name ) VALUES ( '13999', '그 외 기타 분류 안된 섬유제품 제조업' );
INSERT INTO job_code ( job_code, job_name ) VALUES ( '14000', '의복, 의복 액세서리 및 모피제품 제조업' );
INSERT INTO job_code ( job_code, job_name ) VALUES ( '14100', '봉제의복 제조업' );
INSERT INTO job_code ( job_code, job_name ) VALUES ( '14110', '겉옷 제조업' );
INSERT INTO job_code ( job_code, job_name ) VALUES ( '14111', '남자용 겉옷 제조업' );
INSERT INTO job_code ( job_code, job_name ) VALUES ( '14112', '여자용 겉옷 제조업' );
INSERT INTO job_code ( job_code, job_name ) VALUES ( '14120', '속옷 및 잠옷 제조업' );
INSERT INTO job_code ( job_code, job_name ) VALUES ( '14130', '한복 제조업' );
INSERT INTO job_code ( job_code, job_name ) VALUES ( '14190', '기타 봉제의복 제조업' );
INSERT INTO job_code ( job_code, job_name ) VALUES ( '14191', '셔츠 및 블라우스 제조업' );
INSERT INTO job_code ( job_code, job_name ) VALUES ( '14192', '근무복, 작업복 및 유사 의복 제조업' );
INSERT INTO job_code ( job_code, job_name ) VALUES ( '14193', '가죽의복 제조업' );
INSERT INTO job_code ( job_code, job_name ) VALUES ( '14194', '유아용 의복 제조업' );
INSERT INTO job_code ( job_code, job_name ) VALUES ( '14199', '그 외 기타 봉제의복 제조업' );
INSERT INTO job_code ( job_code, job_name ) VALUES ( '14200', '모피제품 제조업' );
INSERT INTO job_code ( job_code, job_name ) VALUES ( '14300', '편조의복 제조업' );
INSERT INTO job_code ( job_code, job_name ) VALUES ( '14400', '의복 액세서리 제조업' );
INSERT INTO job_code ( job_code, job_name ) VALUES ( '14410', '편조 의복 액세서리 제조업' );
INSERT INTO job_code ( job_code, job_name ) VALUES ( '14411', '스타킹 및 기타양말 제조업' );
INSERT INTO job_code ( job_code, job_name ) VALUES ( '14419', '기타 편조 의복 액세서리 제조업' );
INSERT INTO job_code ( job_code, job_name ) VALUES ( '14490', '기타 의복 액세서리 제조업' );
INSERT INTO job_code ( job_code, job_name ) VALUES ( '14491', '모자 제조업' );
INSERT INTO job_code ( job_code, job_name ) VALUES ( '14499', '그 외 기타 의복 액세서리 제조업' );
INSERT INTO job_code ( job_code, job_name ) VALUES ( '15000', '가죽, 가방 및 신발 제조업' );
INSERT INTO job_code ( job_code, job_name ) VALUES ( '15100', '가죽, 가방 및 유사 제품 제조업' );
INSERT INTO job_code ( job_code, job_name ) VALUES ( '15110', '모피 및 가죽 제조업' );
INSERT INTO job_code ( job_code, job_name ) VALUES ( '15120', '핸드백, 가방 및 기타 보호용 케이스 제조업' );
INSERT INTO job_code ( job_code, job_name ) VALUES ( '15121', '핸드백 및 지갑 제조업' );
INSERT INTO job_code ( job_code, job_name ) VALUES ( '15129', '가방 및 기타 보호용 케이스 제조업' );
INSERT INTO job_code ( job_code, job_name ) VALUES ( '15190', '기타 가죽제품 제조업' );
INSERT INTO job_code ( job_code, job_name ) VALUES ( '15200', '신발 및 신발 부분품 제조업' );
INSERT INTO job_code ( job_code, job_name ) VALUES ( '15210', '신발 제조업' );
INSERT INTO job_code ( job_code, job_name ) VALUES ( '15211', '구두류 제조업' );
INSERT INTO job_code ( job_code, job_name ) VALUES ( '15219', '기타 신발 제조업' );
INSERT INTO job_code ( job_code, job_name ) VALUES ( '15220', '신발 부분품 제조업' );
INSERT INTO job_code ( job_code, job_name ) VALUES ( '16000', '목재 및 나무제품 제조업; 가구 제외' );
INSERT INTO job_code ( job_code, job_name ) VALUES ( '16100', '제재 및 목재 가공업' );
INSERT INTO job_code ( job_code, job_name ) VALUES ( '16101', '일반 제재업' );
INSERT INTO job_code ( job_code, job_name ) VALUES ( '16102', '표면 가공목재 및 특정 목적용 제재목 제조업' );
INSERT INTO job_code ( job_code, job_name ) VALUES ( '16103', '목재 보존, 방부처리, 도장 및 유사 처리업' );
INSERT INTO job_code ( job_code, job_name ) VALUES ( '16200', '나무제품 제조업' );
INSERT INTO job_code ( job_code, job_name ) VALUES ( '16210', '박판, 합판 및 강화 목제품 제조업' );
INSERT INTO job_code ( job_code, job_name ) VALUES ( '16211', '박판, 합판 및 유사 적층판 제조업' );
INSERT INTO job_code ( job_code, job_name ) VALUES ( '16212', '강화 및 재생 목재 제조업' );
INSERT INTO job_code ( job_code, job_name ) VALUES ( '16220', '건축용 나무제품 제조업' );
INSERT INTO job_code ( job_code, job_name ) VALUES ( '16221', '목재 문 및 관련제품 제조업' );
INSERT INTO job_code ( job_code, job_name ) VALUES ( '16229', '기타 건축용 나무제품 제조업' );
INSERT INTO job_code ( job_code, job_name ) VALUES ( '16230', '목재 상자, 드럼 및 적재판 제조업' );
INSERT INTO job_code ( job_code, job_name ) VALUES ( '16231', '목재 깔판류 및 기타 적재판 제조업' );
INSERT INTO job_code ( job_code, job_name ) VALUES ( '16232', '목재 포장용 상자, 드럼 및 유사 용기 제조업' );
INSERT INTO job_code ( job_code, job_name ) VALUES ( '16290', '기타 나무제품 제조업' );
INSERT INTO job_code ( job_code, job_name ) VALUES ( '16291', '목재 도구 및 주방용 나무제품 제조업' );
INSERT INTO job_code ( job_code, job_name ) VALUES ( '16292', '장식용 목제품 제조업' );
INSERT INTO job_code ( job_code, job_name ) VALUES ( '16299', '그 외 기타 나무제품 제조업' );
INSERT INTO job_code ( job_code, job_name ) VALUES ( '16300', '코르크 및 조물 제품 제조업' );
INSERT INTO job_code ( job_code, job_name ) VALUES ( '17000', '펄프, 종이 및 종이제품 제조업' );
INSERT INTO job_code ( job_code, job_name ) VALUES ( '17100', '펄프, 종이 및 판지 제조업' );
INSERT INTO job_code ( job_code, job_name ) VALUES ( '17110', '펄프 제조업' );
INSERT INTO job_code ( job_code, job_name ) VALUES ( '17120', '종이 및 판지 제조업' );
INSERT INTO job_code ( job_code, job_name ) VALUES ( '17121', '신문용지 제조업' );
INSERT INTO job_code ( job_code, job_name ) VALUES ( '17122', '인쇄용 및 필기용 원지 제조업' );
INSERT INTO job_code ( job_code, job_name ) VALUES ( '17123', '크라프트지 및 상자용 판지 제조업' );
INSERT INTO job_code ( job_code, job_name ) VALUES ( '17124', '적층, 합성 및 특수 표면처리 종이 제조업' );
INSERT INTO job_code ( job_code, job_name ) VALUES ( '17125', '위생용 원지 제조업' );
INSERT INTO job_code ( job_code, job_name ) VALUES ( '17129', '기타 종이 및 판지 제조업' );
INSERT INTO job_code ( job_code, job_name ) VALUES ( '17200', '골판지, 종이 상자 및 종이 용기 제조업' );
INSERT INTO job_code ( job_code, job_name ) VALUES ( '17210', '골판지 및 골판지 가공제품 제조업' );
INSERT INTO job_code ( job_code, job_name ) VALUES ( '17211', '골판지 제조업' );
INSERT INTO job_code ( job_code, job_name ) VALUES ( '17212', '골판지 상자 및 가공제품 제조업' );
INSERT INTO job_code ( job_code, job_name ) VALUES ( '17220', '종이 포대, 판지 상자 및 종이 용기 제조업' );
INSERT INTO job_code ( job_code, job_name ) VALUES ( '17221', '종이 포대 및 가방 제조업' );
INSERT INTO job_code ( job_code, job_name ) VALUES ( '17222', '판지 상자 및 용기 제조업' );
INSERT INTO job_code ( job_code, job_name ) VALUES ( '17223', '식품 위생용 종이 상자 및 용기 제조업' );
INSERT INTO job_code ( job_code, job_name ) VALUES ( '17229', '기타 종이 상자 및 용기 제조업' );
INSERT INTO job_code ( job_code, job_name ) VALUES ( '17900', '기타 종이 및 판지 제품 제조업' );
INSERT INTO job_code ( job_code, job_name ) VALUES ( '17901', '문구용 종이제품 제조업' );
INSERT INTO job_code ( job_code, job_name ) VALUES ( '17902', '위생용 종이제품 제조업' );
INSERT INTO job_code ( job_code, job_name ) VALUES ( '17903', '벽지 및 장판지 제조업' );
INSERT INTO job_code ( job_code, job_name ) VALUES ( '17909', '그 외 기타 종이 및 판지 제품 제조업' );
INSERT INTO job_code ( job_code, job_name ) VALUES ( '18000', '인쇄 및 기록매체 복제업' );
INSERT INTO job_code ( job_code, job_name ) VALUES ( '18100', '인쇄 및 인쇄관련 산업' );
INSERT INTO job_code ( job_code, job_name ) VALUES ( '18110', '인쇄업' );
INSERT INTO job_code ( job_code, job_name ) VALUES ( '18111', '경 인쇄업' );
INSERT INTO job_code ( job_code, job_name ) VALUES ( '18112', '스크린 인쇄업' );
INSERT INTO job_code ( job_code, job_name ) VALUES ( '18113', '오프셋 인쇄업' );
INSERT INTO job_code ( job_code, job_name ) VALUES ( '18119', '기타 인쇄업' );
INSERT INTO job_code ( job_code, job_name ) VALUES ( '18120', '인쇄관련 산업' );
INSERT INTO job_code ( job_code, job_name ) VALUES ( '18121', '제판 및 조판업' );
INSERT INTO job_code ( job_code, job_name ) VALUES ( '18122', '제책업' );
INSERT INTO job_code ( job_code, job_name ) VALUES ( '18129', '기타 인쇄관련 산업' );
INSERT INTO job_code ( job_code, job_name ) VALUES ( '18200', '기록매체 복제업' );
INSERT INTO job_code ( job_code, job_name ) VALUES ( '19000', '코크스, 연탄 및 석유정제품 제조업' );
INSERT INTO job_code ( job_code, job_name ) VALUES ( '19100', '코크스 및 연탄 제조업' );
INSERT INTO job_code ( job_code, job_name ) VALUES ( '19101', '코크스 및 관련제품 제조업' );
INSERT INTO job_code ( job_code, job_name ) VALUES ( '19102', '연탄 및 기타 석탄 가공품 제조업' );
INSERT INTO job_code ( job_code, job_name ) VALUES ( '19200', '석유 정제품 제조업' );
INSERT INTO job_code ( job_code, job_name ) VALUES ( '19210', '원유 정제처리업' );
INSERT INTO job_code ( job_code, job_name ) VALUES ( '19220', '석유 정제물 재처리업' );
INSERT INTO job_code ( job_code, job_name ) VALUES ( '19221', '윤활유 및 그리스 제조업' );
INSERT INTO job_code ( job_code, job_name ) VALUES ( '19229', '기타 석유 정제물 재처리업' );
INSERT INTO job_code ( job_code, job_name ) VALUES ( '20000', '화학 물질 및 화학제품 제조업; 의약품 제외' );
INSERT INTO job_code ( job_code, job_name ) VALUES ( '20100', '기초 화학물질 제조업' );
INSERT INTO job_code ( job_code, job_name ) VALUES ( '20110', '기초 유기화학 물질 제조업' );
INSERT INTO job_code ( job_code, job_name ) VALUES ( '20111', '석유화학계 기초 화학 물질 제조업' );
INSERT INTO job_code ( job_code, job_name ) VALUES ( '20112', '천연수지 및 나무 화학 물질 제조업' );
INSERT INTO job_code ( job_code, job_name ) VALUES ( '20119', '석탄화학계 화합물 및 기타 기초 유기화학 물질 제조업' );
INSERT INTO job_code ( job_code, job_name ) VALUES ( '20120', '기초 무기화학 물질 제조업' );
INSERT INTO job_code ( job_code, job_name ) VALUES ( '20121', '산업용 가스 제조업' );
INSERT INTO job_code ( job_code, job_name ) VALUES ( '20129', '기타 기초 무기화학 물질 제조업' );
INSERT INTO job_code ( job_code, job_name ) VALUES ( '20130', '무기 안료, 염료, 유연제 및 기타 착색제 제조업' );
INSERT INTO job_code ( job_code, job_name ) VALUES ( '20131', '무기 안료용 금속 산화물 및 관련 제품 제조업' );
INSERT INTO job_code ( job_code, job_name ) VALUES ( '20132', '염료, 조제 무기 안료, 유연제 및 기타 착색제 제조업' );
INSERT INTO job_code ( job_code, job_name ) VALUES ( '20200', '합성고무 및 플라스틱 물질 제조업' );
INSERT INTO job_code ( job_code, job_name ) VALUES ( '20201', '합성고무 제조업' );
INSERT INTO job_code ( job_code, job_name ) VALUES ( '20202', '합성수지 및 기타 플라스틱 물질 제조업' );
INSERT INTO job_code ( job_code, job_name ) VALUES ( '20203', '혼성 및 재생 플라스틱 소재 물질 제조업' );
INSERT INTO job_code ( job_code, job_name ) VALUES ( '20300', '비료, 농약 및 살균ㆍ살충제 제조업' );
INSERT INTO job_code ( job_code, job_name ) VALUES ( '20310', '비료 및 질소 화합물 제조업' );
INSERT INTO job_code ( job_code, job_name ) VALUES ( '20311', '질소 화합물, 질소ㆍ인산 및 칼리질 화학비료 제조업' );
INSERT INTO job_code ( job_code, job_name ) VALUES ( '20312', '복합비료 및 기타 화학비료 제조업' );
INSERT INTO job_code ( job_code, job_name ) VALUES ( '20313', '유기질 비료 및 상토 제조업' );
INSERT INTO job_code ( job_code, job_name ) VALUES ( '20320', '살균ㆍ살충제 및 농약 제조업' );
INSERT INTO job_code ( job_code, job_name ) VALUES ( '20321', '화학 살균ㆍ살충제 및 농업용 약제 제조업' );
INSERT INTO job_code ( job_code, job_name ) VALUES ( '20322', '생물 살균ㆍ살충제 및 식물보호제 제조업' );
INSERT INTO job_code ( job_code, job_name ) VALUES ( '20400', '기타 화학제품 제조업' );
INSERT INTO job_code ( job_code, job_name ) VALUES ( '20410', '잉크, 페인트, 코팅제 및 유사제품 제조업' );
INSERT INTO job_code ( job_code, job_name ) VALUES ( '20411', '일반용 도료 및 관련제품 제조업' );
INSERT INTO job_code ( job_code, job_name ) VALUES ( '20412', '요업용 도포제 및 관련제품 제조업' );
INSERT INTO job_code ( job_code, job_name ) VALUES ( '20413', '인쇄 잉크 및 회화용 물감 제조업' );
INSERT INTO job_code ( job_code, job_name ) VALUES ( '20420', '세제, 화장품 및 광택제 제조업' );
INSERT INTO job_code ( job_code, job_name ) VALUES ( '20421', '계면활성제 제조업' );
INSERT INTO job_code ( job_code, job_name ) VALUES ( '20422', '치약, 비누 및 기타 세제 제조업' );
INSERT INTO job_code ( job_code, job_name ) VALUES ( '20423', '화장품 제조업' );
INSERT INTO job_code ( job_code, job_name ) VALUES ( '20424', '표면 광택제 및 실내 가향제 제조업' );
INSERT INTO job_code ( job_code, job_name ) VALUES ( '20490', '그 외 기타 화학제품 제조업' );
INSERT INTO job_code ( job_code, job_name ) VALUES ( '20491', '감광 재료 및 관련 화학제품 제조업' );
INSERT INTO job_code ( job_code, job_name ) VALUES ( '20492', '가공 및 정제염 제조업' );
INSERT INTO job_code ( job_code, job_name ) VALUES ( '20493', '접착제 및 젤라틴 제조업' );
INSERT INTO job_code ( job_code, job_name ) VALUES ( '20494', '화약 및 불꽃제품 제조업' );
INSERT INTO job_code ( job_code, job_name ) VALUES ( '20495', '바이오 연료 및 혼합물 제조업' );
INSERT INTO job_code ( job_code, job_name ) VALUES ( '20499', '그 외 기타 분류 안된 화학제품 제조업' );
INSERT INTO job_code ( job_code, job_name ) VALUES ( '20500', '화학섬유 제조업' );
INSERT INTO job_code ( job_code, job_name ) VALUES ( '20501', '합성섬유 제조업' );
INSERT INTO job_code ( job_code, job_name ) VALUES ( '20502', '재생 섬유 제조업' );
INSERT INTO job_code ( job_code, job_name ) VALUES ( '21000', '의료용 물질 및 의약품 제조업' );
INSERT INTO job_code ( job_code, job_name ) VALUES ( '21100', '기초 의약 물질 및 생물학적 제제 제조업' );
INSERT INTO job_code ( job_code, job_name ) VALUES ( '21101', '의약용 화합물 및 항생물질 제조업' );
INSERT INTO job_code ( job_code, job_name ) VALUES ( '21102', '생물학적 제제 제조업' );
INSERT INTO job_code ( job_code, job_name ) VALUES ( '21200', '의약품 제조업' );
INSERT INTO job_code ( job_code, job_name ) VALUES ( '21210', '완제 의약품 제조업' );
INSERT INTO job_code ( job_code, job_name ) VALUES ( '21220', '한의약품 제조업' );
INSERT INTO job_code ( job_code, job_name ) VALUES ( '21230', '동물용 의약품 제조업' );
INSERT INTO job_code ( job_code, job_name ) VALUES ( '21300', '의료용품 및 기타 의약 관련제품 제조업' );
INSERT INTO job_code ( job_code, job_name ) VALUES ( '22000', '고무 및 플라스틱제품 제조업' );
INSERT INTO job_code ( job_code, job_name ) VALUES ( '22100', '고무제품 제조업' );
INSERT INTO job_code ( job_code, job_name ) VALUES ( '22110', '고무 타이어 및 튜브 생산업' );
INSERT INTO job_code ( job_code, job_name ) VALUES ( '22111', '타이어 및 튜브 제조업' );
INSERT INTO job_code ( job_code, job_name ) VALUES ( '22112', '타이어 재생업' );
INSERT INTO job_code ( job_code, job_name ) VALUES ( '22190', '기타 고무제품 제조업' );
INSERT INTO job_code ( job_code, job_name ) VALUES ( '22191', '고무 패킹류 제조업' );
INSERT INTO job_code ( job_code, job_name ) VALUES ( '22192', '산업용 그 외 비경화 고무제품 제조업' );
INSERT INTO job_code ( job_code, job_name ) VALUES ( '22193', '고무 의류 및 기타 위생용 비경화 고무제품 제조업' );
INSERT INTO job_code ( job_code, job_name ) VALUES ( '22199', '그 외 기타 고무제품 제조업' );
INSERT INTO job_code ( job_code, job_name ) VALUES ( '22200', '플라스틱 제품 제조업' );
INSERT INTO job_code ( job_code, job_name ) VALUES ( '22210', '1차 플라스틱제품 제조업' );
INSERT INTO job_code ( job_code, job_name ) VALUES ( '22211', '플라스틱 선, 봉, 관 및 호스 제조업' );
INSERT INTO job_code ( job_code, job_name ) VALUES ( '22212', '플라스틱 필름 제조업' );
INSERT INTO job_code ( job_code, job_name ) VALUES ( '22213', '플라스틱 시트 및 판 제조업' );
INSERT INTO job_code ( job_code, job_name ) VALUES ( '22214', '플라스틱 합성피혁 제조업' );
INSERT INTO job_code ( job_code, job_name ) VALUES ( '22220', '건축용 플라스틱제품 제조업' );
INSERT INTO job_code ( job_code, job_name ) VALUES ( '22221', '벽 및 바닥 피복용 플라스틱 제품 제조업' );
INSERT INTO job_code ( job_code, job_name ) VALUES ( '22222', '설치용 및 위생용 플라스틱제품 제조업' );
INSERT INTO job_code ( job_code, job_name ) VALUES ( '22223', '플라스틱 창호 제조업' );
INSERT INTO job_code ( job_code, job_name ) VALUES ( '22229', '기타 건축용 플라스틱 조립제품 제조업' );
INSERT INTO job_code ( job_code, job_name ) VALUES ( '22230', '포장용 플라스틱제품 제조업' );
INSERT INTO job_code ( job_code, job_name ) VALUES ( '22231', '플라스틱 포대, 봉투 및 유사제품 제조업' );
INSERT INTO job_code ( job_code, job_name ) VALUES ( '22232', '포장용 플라스틱 성형용기 제조업' );
INSERT INTO job_code ( job_code, job_name ) VALUES ( '22240', '기계장비 조립용 플라스틱제품 제조업' );
INSERT INTO job_code ( job_code, job_name ) VALUES ( '22241', '운송장비 조립용 플라스틱제품 제조업' );
INSERT INTO job_code ( job_code, job_name ) VALUES ( '22249', '기타 기계ㆍ장비 조립용 플라스틱제품 제조업' );
INSERT INTO job_code ( job_code, job_name ) VALUES ( '22250', '플라스틱 발포 성형제품 제조업' );
INSERT INTO job_code ( job_code, job_name ) VALUES ( '22251', '폴리스티렌 발포 성형제품 제조업' );
INSERT INTO job_code ( job_code, job_name ) VALUES ( '22259', '기타 플라스틱 발포 성형제품 제조업' );
INSERT INTO job_code ( job_code, job_name ) VALUES ( '22290', '기타 플라스틱 제품 제조업' );
INSERT INTO job_code ( job_code, job_name ) VALUES ( '22291', '플라스틱 접착처리 제품 제조업' );
INSERT INTO job_code ( job_code, job_name ) VALUES ( '22292', '플라스틱 적층, 도포 및 기타 표면처리 제품 제조업' );
INSERT INTO job_code ( job_code, job_name ) VALUES ( '22299', '그 외 기타 플라스틱 제품 제조업' );
INSERT INTO job_code ( job_code, job_name ) VALUES ( '23000', '비금속 광물제품 제조업' );
INSERT INTO job_code ( job_code, job_name ) VALUES ( '23100', '유리 및 유리제품 제조업' );
INSERT INTO job_code ( job_code, job_name ) VALUES ( '23110', '판유리 및 판유리 가공품 제조업' );
INSERT INTO job_code ( job_code, job_name ) VALUES ( '23111', '판유리 제조업' );
INSERT INTO job_code ( job_code, job_name ) VALUES ( '23112', '안전유리 제조업' );
INSERT INTO job_code ( job_code, job_name ) VALUES ( '23119', '기타 판유리 가공품 제조업' );
INSERT INTO job_code ( job_code, job_name ) VALUES ( '23120', '산업용 유리 제조업' );
INSERT INTO job_code ( job_code, job_name ) VALUES ( '23121', '1차 유리제품, 유리섬유 및 광학용 유리 제조업' );
INSERT INTO job_code ( job_code, job_name ) VALUES ( '23122', '디스플레이 장치용 유리 제조업' );
INSERT INTO job_code ( job_code, job_name ) VALUES ( '23129', '기타 산업용 유리제품 제조업' );
INSERT INTO job_code ( job_code, job_name ) VALUES ( '23190', '기타 유리제품 제조업' );
INSERT INTO job_code ( job_code, job_name ) VALUES ( '23191', '가정용 유리제품 제조업' );
INSERT INTO job_code ( job_code, job_name ) VALUES ( '23192', '포장용 유리용기 제조업' );
INSERT INTO job_code ( job_code, job_name ) VALUES ( '23199', '그 외 기타 유리제품 제조업' );
INSERT INTO job_code ( job_code, job_name ) VALUES ( '23200', '내화, 비내화 요업제품 제조업' );
INSERT INTO job_code ( job_code, job_name ) VALUES ( '23210', '내화 요업제품 제조업' );
INSERT INTO job_code ( job_code, job_name ) VALUES ( '23211', '정형 내화 요업제품 제조업' );
INSERT INTO job_code ( job_code, job_name ) VALUES ( '23212', '부정형 내화 요업제품 제조업' );
INSERT INTO job_code ( job_code, job_name ) VALUES ( '23220', '비내화 일반 도자기 제조업' );
INSERT INTO job_code ( job_code, job_name ) VALUES ( '23221', '가정용 및 장식용 도자기 제조업' );
INSERT INTO job_code ( job_code, job_name ) VALUES ( '23222', '위생용 및 산업용 도자기 제조업' );
INSERT INTO job_code ( job_code, job_name ) VALUES ( '23229', '기타 일반 도자기 제조업' );
INSERT INTO job_code ( job_code, job_name ) VALUES ( '23230', '건축용 비내화 요업제품 제조업' );
INSERT INTO job_code ( job_code, job_name ) VALUES ( '23231', '점토 벽돌, 블록 및 유사 비내화 요업제품 제조업' );
INSERT INTO job_code ( job_code, job_name ) VALUES ( '23232', '타일 및 유사 비내화 요업제품 제조업' );
INSERT INTO job_code ( job_code, job_name ) VALUES ( '23239', '기타 건축용 비내화 요업제품 제조업' );
INSERT INTO job_code ( job_code, job_name ) VALUES ( '23300', '시멘트, 석회, 플라스터 및 그 제품 제조업' );
INSERT INTO job_code ( job_code, job_name ) VALUES ( '23310', '시멘트, 석회 및 플라스터 제조업' );
INSERT INTO job_code ( job_code, job_name ) VALUES ( '23311', '시멘트 제조업' );
INSERT INTO job_code ( job_code, job_name ) VALUES ( '23312', '석회 및 플라스터 제조업' );
INSERT INTO job_code ( job_code, job_name ) VALUES ( '23320', '콘크리트, 레미콘 및 기타 시멘트, 플라스터 제품 제조업' );
INSERT INTO job_code ( job_code, job_name ) VALUES ( '23321', '비내화 모르타르 제조업' );
INSERT INTO job_code ( job_code, job_name ) VALUES ( '23322', '레미콘 제조업' );
INSERT INTO job_code ( job_code, job_name ) VALUES ( '23323', '플라스터 혼합제품 제조업' );
INSERT INTO job_code ( job_code, job_name ) VALUES ( '23324', '콘크리트 타일, 기와, 벽돌 및 블록 제조업' );
INSERT INTO job_code ( job_code, job_name ) VALUES ( '23325', '콘크리트 관 및 기타 구조용 콘크리트제품 제조업' );
INSERT INTO job_code ( job_code, job_name ) VALUES ( '23329', '그 외 기타 콘크리트 제품 및 유사 제품 제조업' );
INSERT INTO job_code ( job_code, job_name ) VALUES ( '23900', '기타 비금속 광물제품 제조업' );
INSERT INTO job_code ( job_code, job_name ) VALUES ( '23910', '석제품 제조업' );
INSERT INTO job_code ( job_code, job_name ) VALUES ( '23911', '건설용 석제품 제조업' );
INSERT INTO job_code ( job_code, job_name ) VALUES ( '23919', '기타 석제품 제조업' );
INSERT INTO job_code ( job_code, job_name ) VALUES ( '23990', '그 외 기타 비금속 광물제품 제조업' );
INSERT INTO job_code ( job_code, job_name ) VALUES ( '23991', '아스팔트 콘크리트 및 혼합제품 제조업' );
INSERT INTO job_code ( job_code, job_name ) VALUES ( '23992', '연마재 제조업' );
INSERT INTO job_code ( job_code, job_name ) VALUES ( '23993', '비금속광물 분쇄물 생산업' );
INSERT INTO job_code ( job_code, job_name ) VALUES ( '23994', '암면 및 유사 제품 제조업' );
INSERT INTO job_code ( job_code, job_name ) VALUES ( '23995', '탄소섬유 제조업' );
INSERT INTO job_code ( job_code, job_name ) VALUES ( '23999', '그 외 기타 분류 안된 비금속 광물제품 제조업' );
INSERT INTO job_code ( job_code, job_name ) VALUES ( '24000', '1차 금속 제조업' );
INSERT INTO job_code ( job_code, job_name ) VALUES ( '24100', '1차 철강 제조업' );
INSERT INTO job_code ( job_code, job_name ) VALUES ( '24110', '제철, 제강 및 합금철 제조업' );
INSERT INTO job_code ( job_code, job_name ) VALUES ( '24111', '제철업' );
INSERT INTO job_code ( job_code, job_name ) VALUES ( '24112', '제강업' );
INSERT INTO job_code ( job_code, job_name ) VALUES ( '24113', '합금철 제조업' );
INSERT INTO job_code ( job_code, job_name ) VALUES ( '24119', '기타 제철 및 제강업' );
INSERT INTO job_code ( job_code, job_name ) VALUES ( '24120', '철강 압연, 압출 및 연신제품 제조업' );
INSERT INTO job_code ( job_code, job_name ) VALUES ( '24121', '열간 압연 및 압출제품 제조업' );
INSERT INTO job_code ( job_code, job_name ) VALUES ( '24122', '냉간 압연 및 압출 제품 제조업' );
INSERT INTO job_code ( job_code, job_name ) VALUES ( '24123', '철강선 제조업' );
INSERT INTO job_code ( job_code, job_name ) VALUES ( '24130', '철강관 제조업' );
INSERT INTO job_code ( job_code, job_name ) VALUES ( '24131', '주철관 제조업' );
INSERT INTO job_code ( job_code, job_name ) VALUES ( '24132', '강관 제조업' );
INSERT INTO job_code ( job_code, job_name ) VALUES ( '24133', '강관 가공품 및 관 연결구류 제조업' );
INSERT INTO job_code ( job_code, job_name ) VALUES ( '24190', '기타 1차 철강 제조업' );
INSERT INTO job_code ( job_code, job_name ) VALUES ( '24191', '도금, 착색 및 기타 표면 처리 강재 제조업' );
INSERT INTO job_code ( job_code, job_name ) VALUES ( '24199', '그 외 기타 1차 철강 제조업' );
INSERT INTO job_code ( job_code, job_name ) VALUES ( '24200', '1차 비철금속 제조업' );
INSERT INTO job_code ( job_code, job_name ) VALUES ( '24210', '비철금속 제련, 정련 및 합금 제조업' );
INSERT INTO job_code ( job_code, job_name ) VALUES ( '24211', '동 제련, 정련 및 합금 제조업' );
INSERT INTO job_code ( job_code, job_name ) VALUES ( '24212', '알루미늄 제련, 정련 및 합금 제조업' );
INSERT INTO job_code ( job_code, job_name ) VALUES ( '24213', '연 및 아연 제련, 정련 및 합금 제조업' );
INSERT INTO job_code ( job_code, job_name ) VALUES ( '24219', '기타 비철금속 제련, 정련 및 합금 제조업' );
INSERT INTO job_code ( job_code, job_name ) VALUES ( '24220', '비철금속 압연, 압출 및 연신제품 제조업' );
INSERT INTO job_code ( job_code, job_name ) VALUES ( '24221', '동 압연, 압출 및 연신제품 제조업' );
INSERT INTO job_code ( job_code, job_name ) VALUES ( '24222', '알루미늄 압연, 압출 및 연신제품 제조업' );
INSERT INTO job_code ( job_code, job_name ) VALUES ( '24229', '기타 비철금속 압연, 압출 및 연신제품 제조업' );
INSERT INTO job_code ( job_code, job_name ) VALUES ( '24290', '기타 1차 비철금속 제조업' );
INSERT INTO job_code ( job_code, job_name ) VALUES ( '24300', '금속 주조업' );
INSERT INTO job_code ( job_code, job_name ) VALUES ( '24310', '철강 주조업' );
INSERT INTO job_code ( job_code, job_name ) VALUES ( '24311', '선철 주물 주조업' );
INSERT INTO job_code ( job_code, job_name ) VALUES ( '24312', '강 주물 주조업' );
INSERT INTO job_code ( job_code, job_name ) VALUES ( '24320', '비철금속 주조업' );
INSERT INTO job_code ( job_code, job_name ) VALUES ( '24321', '알루미늄 주물 주조업' );
INSERT INTO job_code ( job_code, job_name ) VALUES ( '24322', '동 주물 주조업' );
INSERT INTO job_code ( job_code, job_name ) VALUES ( '24329', '기타 비철금속 주조업' );
INSERT INTO job_code ( job_code, job_name ) VALUES ( '25000', '금속 가공제품 제조업; 기계 및 가구 제외' );
INSERT INTO job_code ( job_code, job_name ) VALUES ( '25100', '구조용 금속제품, 탱크 및 증기발생기 제조업' );
INSERT INTO job_code ( job_code, job_name ) VALUES ( '25110', '구조용 금속제품 제조업' );
INSERT INTO job_code ( job_code, job_name ) VALUES ( '25111', '금속 문, 창, 셔터 및 관련제품 제조업' );
INSERT INTO job_code ( job_code, job_name ) VALUES ( '25112', '구조용 금속 판제품 및 공작물 제조업' );
INSERT INTO job_code ( job_code, job_name ) VALUES ( '25113', '육상 금속 골조 구조재 제조업' );
INSERT INTO job_code ( job_code, job_name ) VALUES ( '25114', '수상 금속 골조 구조재 제조업' );
INSERT INTO job_code ( job_code, job_name ) VALUES ( '25119', '기타 구조용 금속제품 제조업' );
INSERT INTO job_code ( job_code, job_name ) VALUES ( '25120', '산업용 난방 보일러, 금속탱크 및 유사 용기 제조업' );
INSERT INTO job_code ( job_code, job_name ) VALUES ( '25121', '산업용 난방보일러 및 방열기 제조업' );
INSERT INTO job_code ( job_code, job_name ) VALUES ( '25122', '금속 탱크 및 저장 용기 제조업' );
INSERT INTO job_code ( job_code, job_name ) VALUES ( '25123', '압축 및 액화 가스 용기 제조업' );
INSERT INTO job_code ( job_code, job_name ) VALUES ( '25130', '핵반응기 및 증기보일러 제조업' );
INSERT INTO job_code ( job_code, job_name ) VALUES ( '25200', '무기 및 총포탄 제조업' );
INSERT INTO job_code ( job_code, job_name ) VALUES ( '25900', '기타 금속 가공제품 제조업' );
INSERT INTO job_code ( job_code, job_name ) VALUES ( '25910', '금속 단조, 압형 및 분말 야금제품 제조업' );
INSERT INTO job_code ( job_code, job_name ) VALUES ( '25911', '분말 야금제품 제조업' );
INSERT INTO job_code ( job_code, job_name ) VALUES ( '25912', '금속 단조제품 제조업' );
INSERT INTO job_code ( job_code, job_name ) VALUES ( '25913', '자동차용 금속 압형제품 제조업' );
INSERT INTO job_code ( job_code, job_name ) VALUES ( '25914', '그 외 금속 압형제품 제조업' );
INSERT INTO job_code ( job_code, job_name ) VALUES ( '25920', '금속 열처리, 도금 및 기타 금속 가공업' );
INSERT INTO job_code ( job_code, job_name ) VALUES ( '25921', '금속 열처리업' );
INSERT INTO job_code ( job_code, job_name ) VALUES ( '25922', '도금업' );
INSERT INTO job_code ( job_code, job_name ) VALUES ( '25923', '도장 및 기타 피막 처리업' );
INSERT INTO job_code ( job_code, job_name ) VALUES ( '25924', '절삭 가공 및 유사 처리업' );
INSERT INTO job_code ( job_code, job_name ) VALUES ( '25929', '그 외 기타 금속 가공업' );
INSERT INTO job_code ( job_code, job_name ) VALUES ( '25930', '날붙이, 수공구 및 일반 철물 제조업' );
INSERT INTO job_code ( job_code, job_name ) VALUES ( '25931', '날붙이 제조업' );
INSERT INTO job_code ( job_code, job_name ) VALUES ( '25932', '일반 철물 제조업' );
INSERT INTO job_code ( job_code, job_name ) VALUES ( '25933', '비동력식 수공구 제조업' );
INSERT INTO job_code ( job_code, job_name ) VALUES ( '25934', '톱 및 호환성 공구 제조업' );
INSERT INTO job_code ( job_code, job_name ) VALUES ( '25940', '금속 파스너, 스프링 및 금속선 가공제품 제조업' );
INSERT INTO job_code ( job_code, job_name ) VALUES ( '25941', '볼트 및 너트류 제조업' );
INSERT INTO job_code ( job_code, job_name ) VALUES ( '25942', '그 외 금속 파스너 및 나사제품 제조업' );
INSERT INTO job_code ( job_code, job_name ) VALUES ( '25943', '금속 스프링 제조업' );
INSERT INTO job_code ( job_code, job_name ) VALUES ( '25944', '금속선 가공제품 제조업' );
INSERT INTO job_code ( job_code, job_name ) VALUES ( '25990', '그 외 기타 금속 가공제품 제조업' );
INSERT INTO job_code ( job_code, job_name ) VALUES ( '25991', '금속 캔 및 기타 포장용기 제조업' );
INSERT INTO job_code ( job_code, job_name ) VALUES ( '25992', '수동식 식품 가공 기기 및 금속 주방용기 제조업' );
INSERT INTO job_code ( job_code, job_name ) VALUES ( '25993', '금속 위생용품 제조업' );
INSERT INTO job_code ( job_code, job_name ) VALUES ( '25994', '금속 표시판 제조업' );
INSERT INTO job_code ( job_code, job_name ) VALUES ( '25995', '피복 및 충전 용접봉 제조업' );
INSERT INTO job_code ( job_code, job_name ) VALUES ( '25999', '그 외 기타 분류 안된 금속 가공제품 제조업' );
INSERT INTO job_code ( job_code, job_name ) VALUES ( '26000', '전자 부품, 컴퓨터, 영상, 음향 및 통신장비 제조업' );
INSERT INTO job_code ( job_code, job_name ) VALUES ( '26100', '반도체 제조업' );
INSERT INTO job_code ( job_code, job_name ) VALUES ( '26110', '전자집적회로 제조업' );
INSERT INTO job_code ( job_code, job_name ) VALUES ( '26111', '메모리용 전자집적회로 제조업' );
INSERT INTO job_code ( job_code, job_name ) VALUES ( '26112', '비메모리용 및 기타 전자집적회로 제조업' );
INSERT INTO job_code ( job_code, job_name ) VALUES ( '26120', '다이오드, 트랜지스터 및 유사 반도체 소자 제조업' );
INSERT INTO job_code ( job_code, job_name ) VALUES ( '26121', '발광 다이오드 제조업' );
INSERT INTO job_code ( job_code, job_name ) VALUES ( '26129', '기타 반도체 소자 제조업' );
INSERT INTO job_code ( job_code, job_name ) VALUES ( '26200', '전자 부품 제조업' );
INSERT INTO job_code ( job_code, job_name ) VALUES ( '26210', '표시장치 제조업' );
INSERT INTO job_code ( job_code, job_name ) VALUES ( '26211', '액정 표시장치 제조업' );
INSERT INTO job_code ( job_code, job_name ) VALUES ( '26212', '유기 발광 표시장치 제조업' );
INSERT INTO job_code ( job_code, job_name ) VALUES ( '26219', '기타 표시장치 제조업' );
INSERT INTO job_code ( job_code, job_name ) VALUES ( '26220', '인쇄회로기판 및 전자부품 실장기판 제조업' );
INSERT INTO job_code ( job_code, job_name ) VALUES ( '26221', '인쇄회로기판용 적층판 제조업' );
INSERT INTO job_code ( job_code, job_name ) VALUES ( '26222', '경성 인쇄회로기판 제조업' );
INSERT INTO job_code ( job_code, job_name ) VALUES ( '26223', '연성 및 기타 인쇄회로기판 제조업' );
INSERT INTO job_code ( job_code, job_name ) VALUES ( '26224', '전자 부품 실장기판 제조업' );
INSERT INTO job_code ( job_code, job_name ) VALUES ( '26290', '기타 전자 부품 제조업' );
INSERT INTO job_code ( job_code, job_name ) VALUES ( '26291', '전자 축전기 제조업' );
INSERT INTO job_code ( job_code, job_name ) VALUES ( '26292', '전자 저항기 제조업' );
INSERT INTO job_code ( job_code, job_name ) VALUES ( '26293', '전자카드 제조업' );
INSERT INTO job_code ( job_code, job_name ) VALUES ( '26294', '전자코일, 변성기 및 기타 전자 유도자 제조업' );
INSERT INTO job_code ( job_code, job_name ) VALUES ( '26295', '전자 감지장치 제조업' );
INSERT INTO job_code ( job_code, job_name ) VALUES ( '26299', '그 외 기타 전자 부품 제조업' );
INSERT INTO job_code ( job_code, job_name ) VALUES ( '26300', '컴퓨터 및 주변 장치 제조업' );
INSERT INTO job_code ( job_code, job_name ) VALUES ( '26310', '컴퓨터 제조업' );
INSERT INTO job_code ( job_code, job_name ) VALUES ( '26320', '기억 장치 및 주변 기기 제조업' );
INSERT INTO job_code ( job_code, job_name ) VALUES ( '26321', '기억 장치 제조업' );
INSERT INTO job_code ( job_code, job_name ) VALUES ( '26322', '컴퓨터 모니터 제조업' );
INSERT INTO job_code ( job_code, job_name ) VALUES ( '26323', '컴퓨터 프린터 제조업' );
INSERT INTO job_code ( job_code, job_name ) VALUES ( '26329', '기타 주변 기기 제조업' );
INSERT INTO job_code ( job_code, job_name ) VALUES ( '26400', '통신 및 방송장비 제조업' );
INSERT INTO job_code ( job_code, job_name ) VALUES ( '26410', '유선 통신장비 제조업' );
INSERT INTO job_code ( job_code, job_name ) VALUES ( '26420', '방송 및 무선 통신장비 제조업' );
INSERT INTO job_code ( job_code, job_name ) VALUES ( '26421', '방송장비 제조업' );
INSERT INTO job_code ( job_code, job_name ) VALUES ( '26422', '이동 전화기 제조업' );
INSERT INTO job_code ( job_code, job_name ) VALUES ( '26429', '기타 무선 통신장비 제조업' );
INSERT INTO job_code ( job_code, job_name ) VALUES ( '26500', '영상 및 음향 기기 제조업' );
INSERT INTO job_code ( job_code, job_name ) VALUES ( '26510', '텔레비전, 비디오 및 기타 영상 기기 제조업' );
INSERT INTO job_code ( job_code, job_name ) VALUES ( '26511', '텔레비전 제조업' );
INSERT INTO job_code ( job_code, job_name ) VALUES ( '26519', '비디오 및 기타 영상 기기 제조업' );
INSERT INTO job_code ( job_code, job_name ) VALUES ( '26520', '오디오, 스피커 및 기타 음향 기기 제조업' );
INSERT INTO job_code ( job_code, job_name ) VALUES ( '26521', '라디오, 녹음 및 재생 기기 제조업' );
INSERT INTO job_code ( job_code, job_name ) VALUES ( '26529', '기타 음향기기 제조업' );
INSERT INTO job_code ( job_code, job_name ) VALUES ( '26600', '마그네틱 및 광학 매체 제조업' );
INSERT INTO job_code ( job_code, job_name ) VALUES ( '27000', '의료, 정밀, 광학 기기 및 시계 제조업' );
INSERT INTO job_code ( job_code, job_name ) VALUES ( '27100', '의료용 기기 제조업' );
INSERT INTO job_code ( job_code, job_name ) VALUES ( '27110', '방사선 장치 및 전기식 진단 기기 제조업' );
INSERT INTO job_code ( job_code, job_name ) VALUES ( '27111', '방사선 장치 제조업' );
INSERT INTO job_code ( job_code, job_name ) VALUES ( '27112', '전기식 진단 및 요법 기기 제조업' );
INSERT INTO job_code ( job_code, job_name ) VALUES ( '27190', '기타 의료용 기기 제조업' );
INSERT INTO job_code ( job_code, job_name ) VALUES ( '27191', '치과용 기기 제조업' );
INSERT INTO job_code ( job_code, job_name ) VALUES ( '27192', '정형 외과용 및 신체 보정용 기기 제조업' );
INSERT INTO job_code ( job_code, job_name ) VALUES ( '27193', '안경 및 안경렌즈 제조업' );
INSERT INTO job_code ( job_code, job_name ) VALUES ( '27194', '의료용 가구 제조업' );
INSERT INTO job_code ( job_code, job_name ) VALUES ( '27199', '그 외 기타 의료용 기기 제조업' );
INSERT INTO job_code ( job_code, job_name ) VALUES ( '27200', '측정, 시험, 항해, 제어 및 기타 정밀 기기 제조업; 광학 기기 제외' );
INSERT INTO job_code ( job_code, job_name ) VALUES ( '27210', '측정, 시험, 항해, 제어 및 기타 정밀 기기 제조업' );
INSERT INTO job_code ( job_code, job_name ) VALUES ( '27211', '레이더, 항행용 무선 기기 및 측량 기구 제조업' );
INSERT INTO job_code ( job_code, job_name ) VALUES ( '27212', '전자기 측정, 시험 및 분석 기구 제조업' );
INSERT INTO job_code ( job_code, job_name ) VALUES ( '27213', '물질 검사, 측정 및 분석 기구 제조업' );
INSERT INTO job_code ( job_code, job_name ) VALUES ( '27214', '속도계 및 적산계기 제조업' );
INSERT INTO job_code ( job_code, job_name ) VALUES ( '27215', '기기용 자동 측정 및 제어장치 제조업' );
INSERT INTO job_code ( job_code, job_name ) VALUES ( '27216', '산업 처리공정 제어장비 제조업' );
INSERT INTO job_code ( job_code, job_name ) VALUES ( '27219', '기타 측정, 시험, 항해, 제어 및 정밀 기기 제조업' );
INSERT INTO job_code ( job_code, job_name ) VALUES ( '27300', '사진장비 및 광학 기기 제조업' );
INSERT INTO job_code ( job_code, job_name ) VALUES ( '27301', '광학 렌즈 및 광학 요소 제조업' );
INSERT INTO job_code ( job_code, job_name ) VALUES ( '27302', '사진기, 영사기 및 관련 장비 제조업' );
INSERT INTO job_code ( job_code, job_name ) VALUES ( '27309', '기타 광학 기기 제조업' );
INSERT INTO job_code ( job_code, job_name ) VALUES ( '27400', '시계 및 시계 부품 제조업' );
INSERT INTO job_code ( job_code, job_name ) VALUES ( '28000', '전기장비 제조업' );
INSERT INTO job_code ( job_code, job_name ) VALUES ( '28100', '전동기, 발전기 및 전기 변환ㆍ공급ㆍ제어 장치 제조업' );
INSERT INTO job_code ( job_code, job_name ) VALUES ( '28110', '전동기, 발전기 및 전기 변환장치 제조업' );
INSERT INTO job_code ( job_code, job_name ) VALUES ( '28111', '전동기 및 발전기 제조업' );
INSERT INTO job_code ( job_code, job_name ) VALUES ( '28112', '변압기 제조업' );
INSERT INTO job_code ( job_code, job_name ) VALUES ( '28113', '방전 램프용 안정기 제조업' );
INSERT INTO job_code ( job_code, job_name ) VALUES ( '28114', '에너지 저장장치 제조업' );
INSERT INTO job_code ( job_code, job_name ) VALUES ( '28119', '기타 전기 변환장치 제조업' );
INSERT INTO job_code ( job_code, job_name ) VALUES ( '28120', '전기 공급 및 제어장치 제조업' );
INSERT INTO job_code ( job_code, job_name ) VALUES ( '28121', '전기회로 개폐, 보호 장치 제조업' );
INSERT INTO job_code ( job_code, job_name ) VALUES ( '28122', '전기회로 접속장치 제조업' );
INSERT INTO job_code ( job_code, job_name ) VALUES ( '28123', '배전반 및 전기 자동제어반 제조업' );
INSERT INTO job_code ( job_code, job_name ) VALUES ( '28200', '일차전지 및 축전지 제조업' );
INSERT INTO job_code ( job_code, job_name ) VALUES ( '28201', '일차전지 제조업' );
INSERT INTO job_code ( job_code, job_name ) VALUES ( '28202', '축전지 제조업' );
INSERT INTO job_code ( job_code, job_name ) VALUES ( '28300', '절연선 및 케이블 제조업' );
INSERT INTO job_code ( job_code, job_name ) VALUES ( '28301', '광섬유 케이블 제조업' );
INSERT INTO job_code ( job_code, job_name ) VALUES ( '28302', '기타 절연선 및 케이블 제조업' );
INSERT INTO job_code ( job_code, job_name ) VALUES ( '28303', '절연 코드세트 및 기타 도체 제조업' );
INSERT INTO job_code ( job_code, job_name ) VALUES ( '28400', '전구 및 조명장치 제조업' );
INSERT INTO job_code ( job_code, job_name ) VALUES ( '28410', '전구 및 램프 제조업' );
INSERT INTO job_code ( job_code, job_name ) VALUES ( '28420', '조명장치 제조업' );
INSERT INTO job_code ( job_code, job_name ) VALUES ( '28421', '운송장비용 조명장치 제조업' );
INSERT INTO job_code ( job_code, job_name ) VALUES ( '28422', '일반용 전기 조명장치 제조업' );
INSERT INTO job_code ( job_code, job_name ) VALUES ( '28423', '전시 및 광고용 조명장치 제조업' );
INSERT INTO job_code ( job_code, job_name ) VALUES ( '28429', '기타 조명장치 제조업' );
INSERT INTO job_code ( job_code, job_name ) VALUES ( '28500', '가정용 기기 제조업' );
INSERT INTO job_code ( job_code, job_name ) VALUES ( '28510', '가정용 전기 기기 제조업' );
INSERT INTO job_code ( job_code, job_name ) VALUES ( '28511', '주방용 전기 기기 제조업' );
INSERT INTO job_code ( job_code, job_name ) VALUES ( '28512', '가정용 전기 난방기기 제조업' );
INSERT INTO job_code ( job_code, job_name ) VALUES ( '28519', '기타 가정용 전기 기기 제조업' );
INSERT INTO job_code ( job_code, job_name ) VALUES ( '28520', '가정용 비전기식 조리 및 난방 기구 제조업' );
INSERT INTO job_code ( job_code, job_name ) VALUES ( '28900', '기타 전기장비 제조업' );
INSERT INTO job_code ( job_code, job_name ) VALUES ( '28901', '전기 경보 및 신호장치 제조업' );
INSERT INTO job_code ( job_code, job_name ) VALUES ( '28902', '전기용 탄소제품 및 절연제품 제조업' );
INSERT INTO job_code ( job_code, job_name ) VALUES ( '28903', '교통 신호장치 제조업' );
INSERT INTO job_code ( job_code, job_name ) VALUES ( '28909', '그 외 기타 전기장비 제조업' );
INSERT INTO job_code ( job_code, job_name ) VALUES ( '29000', '기타 기계 및 장비 제조업' );
INSERT INTO job_code ( job_code, job_name ) VALUES ( '29100', '일반 목적용 기계 제조업' );
INSERT INTO job_code ( job_code, job_name ) VALUES ( '29110', '내연기관 및 터빈 제조업; 항공기용 및 차량용 제외' );
INSERT INTO job_code ( job_code, job_name ) VALUES ( '29111', '내연기관 제조업' );
INSERT INTO job_code ( job_code, job_name ) VALUES ( '29119', '기타 기관 및 터빈 제조업' );
INSERT INTO job_code ( job_code, job_name ) VALUES ( '29120', '유압 기기 제조업' );
INSERT INTO job_code ( job_code, job_name ) VALUES ( '29130', '펌프 및 압축기 제조업; 탭, 밸브 및 유사 장치 제조 포함' );
INSERT INTO job_code ( job_code, job_name ) VALUES ( '29131', '액체 펌프 제조업' );
INSERT INTO job_code ( job_code, job_name ) VALUES ( '29132', '기체 펌프 및 압축기 제조업' );
INSERT INTO job_code ( job_code, job_name ) VALUES ( '29133', '탭, 밸브 및 유사 장치 제조업' );
INSERT INTO job_code ( job_code, job_name ) VALUES ( '29140', '베어링, 기어 및 동력 전달장치 제조업' );
INSERT INTO job_code ( job_code, job_name ) VALUES ( '29141', '구름베어링 제조업' );
INSERT INTO job_code ( job_code, job_name ) VALUES ( '29142', '기어 및 동력전달장치 제조업' );
INSERT INTO job_code ( job_code, job_name ) VALUES ( '29150', '산업용 오븐, 노 및 노용 버너 제조업' );
INSERT INTO job_code ( job_code, job_name ) VALUES ( '29160', '산업용 트럭, 승강기 및 물품 취급장비 제조업' );
INSERT INTO job_code ( job_code, job_name ) VALUES ( '29161', '산업용 트럭 및 적재기 제조업' );
INSERT INTO job_code ( job_code, job_name ) VALUES ( '29162', '승강기 제조업' );
INSERT INTO job_code ( job_code, job_name ) VALUES ( '29163', '컨베이어 장치 제조업' );
INSERT INTO job_code ( job_code, job_name ) VALUES ( '29169', '기타 물품 취급장비 제조업' );
INSERT INTO job_code ( job_code, job_name ) VALUES ( '29170', '냉각, 공기 조화, 여과, 증류 및 가스 발생기 제조업' );
INSERT INTO job_code ( job_code, job_name ) VALUES ( '29171', '산업용 냉장 및 냉동장비 제조업' );
INSERT INTO job_code ( job_code, job_name ) VALUES ( '29172', '공기 조화장치 제조업' );
INSERT INTO job_code ( job_code, job_name ) VALUES ( '29173', '산업용 송풍기 및 배기장치 제조업' );
INSERT INTO job_code ( job_code, job_name ) VALUES ( '29174', '기체 여과기 제조업' );
INSERT INTO job_code ( job_code, job_name ) VALUES ( '29175', '액체 여과기 제조업' );
INSERT INTO job_code ( job_code, job_name ) VALUES ( '29176', '증류기, 열 교환기 및 가스 발생기 제조업' );
INSERT INTO job_code ( job_code, job_name ) VALUES ( '29180', '사무용 기계 및 장비 제조업' );
INSERT INTO job_code ( job_code, job_name ) VALUES ( '29190', '기타 일반 목적용 기계 제조업' );
INSERT INTO job_code ( job_code, job_name ) VALUES ( '29191', '일반 저울 제조업' );
INSERT INTO job_code ( job_code, job_name ) VALUES ( '29192', '용기 세척, 포장 및 충전기 제조업' );
INSERT INTO job_code ( job_code, job_name ) VALUES ( '29193', '분사기 및 소화기 제조업' );
INSERT INTO job_code ( job_code, job_name ) VALUES ( '29194', '동력식 수지 공구 제조업' );
INSERT INTO job_code ( job_code, job_name ) VALUES ( '29199', '그 외 기타 일반 목적용 기계 제조업' );
INSERT INTO job_code ( job_code, job_name ) VALUES ( '29200', '특수 목적용 기계 제조업' );
INSERT INTO job_code ( job_code, job_name ) VALUES ( '29210', '농업 및 임업용 기계 제조업' );
INSERT INTO job_code ( job_code, job_name ) VALUES ( '29220', '가공 공작기계 제조업' );
INSERT INTO job_code ( job_code, job_name ) VALUES ( '29221', '전자 응용 절삭기계 제조업' );
INSERT INTO job_code ( job_code, job_name ) VALUES ( '29222', '디지털 적층 성형기계 제조업' );
INSERT INTO job_code ( job_code, job_name ) VALUES ( '29223', '금속 절삭기계 제조업' );
INSERT INTO job_code ( job_code, job_name ) VALUES ( '29224', '금속 성형기계 제조업' );
INSERT INTO job_code ( job_code, job_name ) VALUES ( '29229', '기타 가공 공작기계 제조업' );
INSERT INTO job_code ( job_code, job_name ) VALUES ( '29230', '금속 주조 및 기타 야금용 기계 제조업' );
INSERT INTO job_code ( job_code, job_name ) VALUES ( '29240', '건설 및 광업용 기계장비 제조업' );
INSERT INTO job_code ( job_code, job_name ) VALUES ( '29241', '건설 및 채광용 기계장비 제조업' );
INSERT INTO job_code ( job_code, job_name ) VALUES ( '29242', '광물 처리 및 취급장비 제조업' );
INSERT INTO job_code ( job_code, job_name ) VALUES ( '29250', '음ㆍ식료품 및 담배 가공기계 제조업' );
INSERT INTO job_code ( job_code, job_name ) VALUES ( '29260', '섬유, 의복 및 가죽 가공기계 제조업' );
INSERT INTO job_code ( job_code, job_name ) VALUES ( '29261', '산업용 섬유 세척, 염색, 정리 및 가공 기계 제조업' );
INSERT INTO job_code ( job_code, job_name ) VALUES ( '29269', '기타 섬유, 의복 및 가죽 가공기계 제조업' );
INSERT INTO job_code ( job_code, job_name ) VALUES ( '29270', '반도체 및 디스플레이 제조용 기계 제조업' );
INSERT INTO job_code ( job_code, job_name ) VALUES ( '29271', '반도체 제조용 기계 제조업' );
INSERT INTO job_code ( job_code, job_name ) VALUES ( '29272', '디스플레이 제조용 기계 제조업' );
INSERT INTO job_code ( job_code, job_name ) VALUES ( '29280', '산업용 로봇 제조업' );
INSERT INTO job_code ( job_code, job_name ) VALUES ( '29290', '기타 특수 목적용 기계 제조업' );
INSERT INTO job_code ( job_code, job_name ) VALUES ( '29291', '펄프 및 종이 가공용 기계 제조업' );
INSERT INTO job_code ( job_code, job_name ) VALUES ( '29292', '고무, 화학섬유 및 플라스틱 성형기 제조업' );
INSERT INTO job_code ( job_code, job_name ) VALUES ( '29293', '인쇄 및 제책용 기계 제조업' );
INSERT INTO job_code ( job_code, job_name ) VALUES ( '29294', '주형 및 금형 제조업' );
INSERT INTO job_code ( job_code, job_name ) VALUES ( '29299', '그 외 기타 특수 목적용 기계 제조업' );
INSERT INTO job_code ( job_code, job_name ) VALUES ( '30000', '자동차 및 트레일러 제조업' );
INSERT INTO job_code ( job_code, job_name ) VALUES ( '30100', '자동차용 엔진 및 자동차 제조업' );
INSERT INTO job_code ( job_code, job_name ) VALUES ( '30110', '자동차용 엔진 제조업' );
INSERT INTO job_code ( job_code, job_name ) VALUES ( '30120', '자동차 제조업' );
INSERT INTO job_code ( job_code, job_name ) VALUES ( '30121', '승용차 및 기타 여객용 자동차 제조업' );
INSERT INTO job_code ( job_code, job_name ) VALUES ( '30122', '화물 자동차 및 특수 목적용 자동차 제조업' );
INSERT INTO job_code ( job_code, job_name ) VALUES ( '30200', '자동차 차체 및 트레일러 제조업' );
INSERT INTO job_code ( job_code, job_name ) VALUES ( '30201', '차체 및 특장차 제조업' );
INSERT INTO job_code ( job_code, job_name ) VALUES ( '30202', '자동차 구조 및 장치 변경업' );
INSERT INTO job_code ( job_code, job_name ) VALUES ( '30203', '트레일러 및 세미 트레일러 제조업' );
INSERT INTO job_code ( job_code, job_name ) VALUES ( '30300', '자동차 신품 부품 제조업' );
INSERT INTO job_code ( job_code, job_name ) VALUES ( '30310', '자동차 엔진용 신품 부품 제조업' );
INSERT INTO job_code ( job_code, job_name ) VALUES ( '30320', '자동차 차체용 신품 부품 제조업' );
INSERT INTO job_code ( job_code, job_name ) VALUES ( '30330', '자동차용 신품 동력 전달장치 및 전기장치 제조업' );
INSERT INTO job_code ( job_code, job_name ) VALUES ( '30331', '자동차용 신품 동력 전달장치 제조업' );
INSERT INTO job_code ( job_code, job_name ) VALUES ( '30332', '자동차용 신품 전기장치 제조업' );
INSERT INTO job_code ( job_code, job_name ) VALUES ( '30390', '자동차용 기타 신품 부품 제조업' );
INSERT INTO job_code ( job_code, job_name ) VALUES ( '30391', '자동차용 신품 조향장치 및 현가장치 제조업' );
INSERT INTO job_code ( job_code, job_name ) VALUES ( '30392', '자동차용 신품 제동장치 제조업' );
INSERT INTO job_code ( job_code, job_name ) VALUES ( '30393', '자동차용 신품 의자 제조업' );
INSERT INTO job_code ( job_code, job_name ) VALUES ( '30399', '그 외 자동차용 신품 부품 제조업' );
INSERT INTO job_code ( job_code, job_name ) VALUES ( '30400', '자동차 재제조 부품 제조업' );
INSERT INTO job_code ( job_code, job_name ) VALUES ( '31000', '기타 운송장비 제조업' );
INSERT INTO job_code ( job_code, job_name ) VALUES ( '31100', '선박 및 보트 건조업' );
INSERT INTO job_code ( job_code, job_name ) VALUES ( '31110', '선박 및 수상 부유 구조물 건조업' );
INSERT INTO job_code ( job_code, job_name ) VALUES ( '31111', '강선 건조업' );
INSERT INTO job_code ( job_code, job_name ) VALUES ( '31112', '합성수지선 건조업' );
INSERT INTO job_code ( job_code, job_name ) VALUES ( '31113', '기타 선박 건조업' );
INSERT INTO job_code ( job_code, job_name ) VALUES ( '31114', '선박 구성 부분품 제조업' );
INSERT INTO job_code ( job_code, job_name ) VALUES ( '31120', '오락 및 스포츠용 보트 건조업' );
INSERT INTO job_code ( job_code, job_name ) VALUES ( '31200', '철도장비 제조업' );
INSERT INTO job_code ( job_code, job_name ) VALUES ( '31201', '기관차 및 기타 철도 차량 제조업' );
INSERT INTO job_code ( job_code, job_name ) VALUES ( '31202', '철도 차량 부품 및 관련 장치물 제조업' );
INSERT INTO job_code ( job_code, job_name ) VALUES ( '31300', '항공기, 우주선 및 부품 제조업' );
INSERT INTO job_code ( job_code, job_name ) VALUES ( '31310', '항공기, 우주선 및 보조장치 제조업' );
INSERT INTO job_code ( job_code, job_name ) VALUES ( '31311', '유인 항공기, 항공 우주선 및 보조장치 제조업' );
INSERT INTO job_code ( job_code, job_name ) VALUES ( '31312', '무인 항공기 및 무인 비행장치 제조업' );
INSERT INTO job_code ( job_code, job_name ) VALUES ( '31320', '항공기용 엔진 및 부품 제조업' );
INSERT INTO job_code ( job_code, job_name ) VALUES ( '31321', '항공기용 엔진 제조업' );
INSERT INTO job_code ( job_code, job_name ) VALUES ( '31322', '항공기용 부품 제조업' );
INSERT INTO job_code ( job_code, job_name ) VALUES ( '31900', '그 외 기타 운송장비 제조업' );
INSERT INTO job_code ( job_code, job_name ) VALUES ( '31910', '전투용 차량 제조업' );
INSERT INTO job_code ( job_code, job_name ) VALUES ( '31920', '모터사이클 제조업' );
INSERT INTO job_code ( job_code, job_name ) VALUES ( '31990', '그 외 기타 분류 안된 운송장비 제조업' );
INSERT INTO job_code ( job_code, job_name ) VALUES ( '31991', '자전거 및 환자용 차량 제조업' );
INSERT INTO job_code ( job_code, job_name ) VALUES ( '31999', '그 외 기타 달리 분류되지 않은 운송장비 제조업' );
INSERT INTO job_code ( job_code, job_name ) VALUES ( '32000', '가구 제조업' );
INSERT INTO job_code ( job_code, job_name ) VALUES ( '32010', '침대 및 내장 가구 제조업' );
INSERT INTO job_code ( job_code, job_name ) VALUES ( '32011', '매트리스 및 침대 제조업' );
INSERT INTO job_code ( job_code, job_name ) VALUES ( '32019', '소파 및 기타 내장 가구 제조업' );
INSERT INTO job_code ( job_code, job_name ) VALUES ( '32020', '목재 가구 제조업' );
INSERT INTO job_code ( job_code, job_name ) VALUES ( '32021', '주방용 및 음식점용 목재 가구 제조업' );
INSERT INTO job_code ( job_code, job_name ) VALUES ( '32029', '기타 목재 가구 제조업' );
INSERT INTO job_code ( job_code, job_name ) VALUES ( '32090', '기타 가구 제조업' );
INSERT INTO job_code ( job_code, job_name ) VALUES ( '32091', '금속 가구 제조업' );
INSERT INTO job_code ( job_code, job_name ) VALUES ( '32099', '그 외 기타 가구 제조업' );
INSERT INTO job_code ( job_code, job_name ) VALUES ( '33000', '기타 제품 제조업' );
INSERT INTO job_code ( job_code, job_name ) VALUES ( '33100', '귀금속 및 장신용품 제조업' );
INSERT INTO job_code ( job_code, job_name ) VALUES ( '33110', '귀금속 및 관련제품 제조업' );
INSERT INTO job_code ( job_code, job_name ) VALUES ( '33120', '모조 귀금속 및 모조 장신용품 제조업' );
INSERT INTO job_code ( job_code, job_name ) VALUES ( '33200', '악기 제조업' );
INSERT INTO job_code ( job_code, job_name ) VALUES ( '33201', '건반 악기 제조업' );
INSERT INTO job_code ( job_code, job_name ) VALUES ( '33202', '전자 악기 제조업' );
INSERT INTO job_code ( job_code, job_name ) VALUES ( '33209', '기타 악기 제조업' );
INSERT INTO job_code ( job_code, job_name ) VALUES ( '33300', '운동 및 경기용구 제조업' );
INSERT INTO job_code ( job_code, job_name ) VALUES ( '33301', '체조, 육상 및 체력 단련용 장비 제조업' );
INSERT INTO job_code ( job_code, job_name ) VALUES ( '33302', '놀이터용 장비 제조업' );
INSERT INTO job_code ( job_code, job_name ) VALUES ( '33303', '낚시 및 수렵용구 제조업' );
INSERT INTO job_code ( job_code, job_name ) VALUES ( '33309', '기타 운동 및 경기용구 제조업' );
INSERT INTO job_code ( job_code, job_name ) VALUES ( '33400', '인형, 장난감 및 오락용품 제조업' );
INSERT INTO job_code ( job_code, job_name ) VALUES ( '33401', '인형 및 장난감 제조업' );
INSERT INTO job_code ( job_code, job_name ) VALUES ( '33402', '영상게임기 제조업' );
INSERT INTO job_code ( job_code, job_name ) VALUES ( '33409', '기타 오락용품 제조업' );
INSERT INTO job_code ( job_code, job_name ) VALUES ( '33900', '그 외 기타 제품 제조업' );
INSERT INTO job_code ( job_code, job_name ) VALUES ( '33910', '간판 및 광고물 제조업' );
INSERT INTO job_code ( job_code, job_name ) VALUES ( '33920', '사무 및 회화용품 제조업' );
INSERT INTO job_code ( job_code, job_name ) VALUES ( '33930', '가발, 장식용품 및 전시용 모형 제조업' );
INSERT INTO job_code ( job_code, job_name ) VALUES ( '33931', '가발 및 유사 제품 제조업' );
INSERT INTO job_code ( job_code, job_name ) VALUES ( '33932', '전시용 모형 제조업' );
INSERT INTO job_code ( job_code, job_name ) VALUES ( '33933', '표구 처리업' );
INSERT INTO job_code ( job_code, job_name ) VALUES ( '33990', '그 외 기타 분류 안된 제품 제조업' );
INSERT INTO job_code ( job_code, job_name ) VALUES ( '33991', '단추 및 유사 파스너 제조업' );
INSERT INTO job_code ( job_code, job_name ) VALUES ( '33992', '라이터, 연소물 및 흡연용품 제조업' );
INSERT INTO job_code ( job_code, job_name ) VALUES ( '33993', '비 및 솔 제조업' );
INSERT INTO job_code ( job_code, job_name ) VALUES ( '33999', '그 외 기타 달리 분류되지 않은 제품 제조업' );
INSERT INTO job_code ( job_code, job_name ) VALUES ( '34000', '산업용 기계 및 장비 수리업' );
INSERT INTO job_code ( job_code, job_name ) VALUES ( '34010', '일반 기계류 수리업' );
INSERT INTO job_code ( job_code, job_name ) VALUES ( '34011', '건설ㆍ광업용 기계 및 장비 수리업' );
INSERT INTO job_code ( job_code, job_name ) VALUES ( '34019', '기타 일반 기계 및 장비 수리업' );
INSERT INTO job_code ( job_code, job_name ) VALUES ( '34020', '전기ㆍ전자 및 정밀 기기 수리업' );
INSERT INTO job_code ( job_code, job_name ) VALUES ( '38000', '폐기물 수집, 운반, 처리 및 원료 재생업' );
INSERT INTO job_code ( job_code, job_name ) VALUES ( '38230', '건설 폐기물 처리업' );
INSERT INTO job_code ( job_code, job_name ) VALUES ( '41000', '종합 건설업' );
INSERT INTO job_code ( job_code, job_name ) VALUES ( '41100', '건물 건설업' );
INSERT INTO job_code ( job_code, job_name ) VALUES ( '41111', '단독 주택 건설업' );
INSERT INTO job_code ( job_code, job_name ) VALUES ( '41112', '아파트 건설업' );
INSERT INTO job_code ( job_code, job_name ) VALUES ( '41119', '기타 공동 주택 건설업' );
INSERT INTO job_code ( job_code, job_name ) VALUES ( '41120', '비주거용 건물 건설업' );
INSERT INTO job_code ( job_code, job_name ) VALUES ( '41121', '사무ㆍ상업용 및 공공기관용 건물 건설업' );
INSERT INTO job_code ( job_code, job_name ) VALUES ( '41122', '제조업 및 유사 산업용 건물 건설업' );
INSERT INTO job_code ( job_code, job_name ) VALUES ( '41129', '기타 비주거용 건물 건설업' );
INSERT INTO job_code ( job_code, job_name ) VALUES ( '41200', '토목 건설업' );
INSERT INTO job_code ( job_code, job_name ) VALUES ( '41210', '지반조성 건설업' );
INSERT INTO job_code ( job_code, job_name ) VALUES ( '41220', '토목 시설물 건설업' );
INSERT INTO job_code ( job_code, job_name ) VALUES ( '41221', '도로 건설업' );
INSERT INTO job_code ( job_code, job_name ) VALUES ( '41222', '교량, 터널 및 철도 건설업' );
INSERT INTO job_code ( job_code, job_name ) VALUES ( '41223', '항만, 수로, 댐 및 유사 구조물 건설업' );
INSERT INTO job_code ( job_code, job_name ) VALUES ( '41224', '환경설비 건설업' );
INSERT INTO job_code ( job_code, job_name ) VALUES ( '41225', '산업 생산시설 종합 건설업' );
INSERT INTO job_code ( job_code, job_name ) VALUES ( '41226', '조경 건설업' );
INSERT INTO job_code ( job_code, job_name ) VALUES ( '41229', '기타 토목 시설물 건설업' );
INSERT INTO job_code ( job_code, job_name ) VALUES ( '46102', '음ㆍ식료품 및 담배 중개업' );
INSERT INTO job_code ( job_code, job_name ) VALUES ( '46319', '기타 신선 식품 및 단순 가공 식품 도매업' );
INSERT INTO job_code ( job_code, job_name ) VALUES ( '46791', '재생용 재료 수집 및 판매업' );
INSERT INTO job_code ( job_code, job_name ) VALUES ( '49401', '택배업' );
INSERT INTO job_code ( job_code, job_name ) VALUES ( '52102', '냉장 및 냉동 창고업' );
INSERT INTO job_code ( job_code, job_name ) VALUES ( '52939', '기타 항공 운송지원 서비스업' );
INSERT INTO job_code ( job_code, job_name ) VALUES ( '52941', '항공 및 육상 화물 취급업' );
INSERT INTO job_code ( job_code, job_name ) VALUES ( '58000', '출판업' );
INSERT INTO job_code ( job_code, job_name ) VALUES ( '59201', '음악 및 기타 오디오물 출판업' );
INSERT INTO job_code ( job_code, job_name ) VALUES ( '37000', '하수, 폐수 및 분뇨 처리업' );
INSERT INTO job_code ( job_code, job_name ) VALUES ( '41110', '주거용 건물 건설업' );
INSERT INTO job_code ( job_code, job_name ) VALUES ( '42000', '전문직별 공사업' );
INSERT INTO job_code ( job_code, job_name ) VALUES ( '42100', '기반조성 및 시설물 축조관련 전문공사업' );
INSERT INTO job_code ( job_code, job_name ) VALUES ( '42110', '건물 및 구축물 해체 공사업' );
INSERT INTO job_code ( job_code, job_name ) VALUES ( '42120', '기반조성 관련 전문공사업' );
INSERT INTO job_code ( job_code, job_name ) VALUES ( '42121', '토공사업' );
INSERT INTO job_code ( job_code, job_name ) VALUES ( '42122', '보링, 그라우팅 및 관정 공사업' );
INSERT INTO job_code ( job_code, job_name ) VALUES ( '42123', '파일공사 및 축조관련 기초 공사업' );
INSERT INTO job_code ( job_code, job_name ) VALUES ( '42129', '기타 기반조성 관련 전문공사업' );
INSERT INTO job_code ( job_code, job_name ) VALUES ( '42130', '시설물 축조 관련 전문공사업' );
INSERT INTO job_code ( job_code, job_name ) VALUES ( '42131', '철골 및 관련 구조물 공사업' );
INSERT INTO job_code ( job_code, job_name ) VALUES ( '42132', '콘크리트 및 철근 공사업' );
INSERT INTO job_code ( job_code, job_name ) VALUES ( '42133', '조적 및 석공사업' );
INSERT INTO job_code ( job_code, job_name ) VALUES ( '42134', '포장 공사업' );
INSERT INTO job_code ( job_code, job_name ) VALUES ( '42135', '철도 궤도 전문공사업' );
INSERT INTO job_code ( job_code, job_name ) VALUES ( '42136', '수중 공사업' );
INSERT INTO job_code ( job_code, job_name ) VALUES ( '42137', '비계 및 형틀 공사업' );
INSERT INTO job_code ( job_code, job_name ) VALUES ( '42138', '지붕, 내ㆍ외벽 축조 관련 전문공사업' );
INSERT INTO job_code ( job_code, job_name ) VALUES ( '42139', '기타 옥외 시설물 축조관련 전문공사업' );
INSERT INTO job_code ( job_code, job_name ) VALUES ( '42200', '건물설비 설치 공사업' );
INSERT INTO job_code ( job_code, job_name ) VALUES ( '42201', '배관 및 냉ㆍ난방 공사업' );
INSERT INTO job_code ( job_code, job_name ) VALUES ( '42202', '건물용 기계ㆍ장비 설치 공사업' );
INSERT INTO job_code ( job_code, job_name ) VALUES ( '42203', '방음, 방진 및 내화 공사업' );
INSERT INTO job_code ( job_code, job_name ) VALUES ( '42204', '소방시설 공사업' );
INSERT INTO job_code ( job_code, job_name ) VALUES ( '42209', '기타 건물 관련설비 설치 공사업' );
INSERT INTO job_code ( job_code, job_name ) VALUES ( '42300', '전기 및 통신 공사업' );
INSERT INTO job_code ( job_code, job_name ) VALUES ( '42310', '전기 공사업' );
INSERT INTO job_code ( job_code, job_name ) VALUES ( '42311', '일반 전기 공사업' );
INSERT INTO job_code ( job_code, job_name ) VALUES ( '42312', '내부 전기배선 공사업' );
INSERT INTO job_code ( job_code, job_name ) VALUES ( '42320', '통신 공사업' );
INSERT INTO job_code ( job_code, job_name ) VALUES ( '42321', '일반 통신 공사업' );
INSERT INTO job_code ( job_code, job_name ) VALUES ( '42322', '내부 통신배선 공사업' );
INSERT INTO job_code ( job_code, job_name ) VALUES ( '42400', '실내건축 및 건축마무리 공사업' );
INSERT INTO job_code ( job_code, job_name ) VALUES ( '42410', '도장, 도배 및 내장 공사업' );
INSERT INTO job_code ( job_code, job_name ) VALUES ( '42411', '도장 공사업' );
INSERT INTO job_code ( job_code, job_name ) VALUES ( '42412', '도배, 실내 장식 및 내장 목공사업' );
INSERT INTO job_code ( job_code, job_name ) VALUES ( '42420', '유리 및 창호 공사업' );
INSERT INTO job_code ( job_code, job_name ) VALUES ( '42490', '기타 건축 마무리 공사업' );
INSERT INTO job_code ( job_code, job_name ) VALUES ( '42491', '미장, 타일 및 방수 공사업' );
INSERT INTO job_code ( job_code, job_name ) VALUES ( '42492', '건물용 금속 공작물 설치 공사업' );
INSERT INTO job_code ( job_code, job_name ) VALUES ( '42499', '그 외 기타 건축 마무리 공사업' );
INSERT INTO job_code ( job_code, job_name ) VALUES ( '42500', '시설물 유지관리 공사업' );
INSERT INTO job_code ( job_code, job_name ) VALUES ( '42600', '건설장비 운영업' );
INSERT INTO job_code ( job_code, job_name ) VALUES ( '46205', '육지 동물 및 애완 동물 도매업' );
INSERT INTO job_code ( job_code, job_name ) VALUES ( '46209', '기타 산업용 농산물 도매업' );
INSERT INTO job_code ( job_code, job_name ) VALUES ( '46400', '생활용품 도매업' );
INSERT INTO job_code ( job_code, job_name ) VALUES ( '46500', '기계장비 및 관련 물품 도매업' );
INSERT INTO job_code ( job_code, job_name ) VALUES ( '47500', '기타 생활용품 소매업' );
INSERT INTO job_code ( job_code, job_name ) VALUES ( '47800', '기타 상품 전문 소매업' );
INSERT INTO job_code ( job_code, job_name ) VALUES ( '47900', '무점포 소매업' );
INSERT INTO job_code ( job_code, job_name ) VALUES ( '49200', '육상 여객 운송업' );
INSERT INTO job_code ( job_code, job_name ) VALUES ( '55101', '호텔업' );
INSERT INTO job_code ( job_code, job_name ) VALUES ( '55102', '여관업' );
INSERT INTO job_code ( job_code, job_name ) VALUES ( '56110', '한식 음식점업' );
INSERT INTO job_code ( job_code, job_name ) VALUES ( '56120', '외국식 음식점업' );
INSERT INTO job_code ( job_code, job_name ) VALUES ( '56190', '기타 간이 음식점업' );
INSERT INTO job_code ( job_code, job_name ) VALUES ( '58100', '서적, 잡지 및 기타 인쇄물 출판업' );
INSERT INTO job_code ( job_code, job_name ) VALUES ( '74100', '사업시설 유지ㆍ관리 서비스업' );
INSERT INTO job_code ( job_code, job_name ) VALUES ( '74211', '건축물 일반 청소업' );
INSERT INTO job_code ( job_code, job_name ) VALUES ( '74212', '산업설비, 운송장비 및 공공장소 청소업' );
INSERT INTO job_code ( job_code, job_name ) VALUES ( '75200', '여행사 및 기타 여행 보조 서비스업' );
INSERT INTO job_code ( job_code, job_name ) VALUES ( '87000', '사회복지 서비스업' );
INSERT INTO job_code ( job_code, job_name ) VALUES ( '95211', '자동차 종합 수리업' );
INSERT INTO job_code ( job_code, job_name ) VALUES ( '95212', '자동차 전문 수리업' );
INSERT INTO job_code ( job_code, job_name ) VALUES ( '95220', '모터사이클 수리업' );
INSERT INTO job_code ( job_code, job_name ) VALUES ( '96121', '욕탕업' );
INSERT INTO job_code ( job_code, job_name ) VALUES ( '96911', '산업용 세탁업' );
INSERT INTO job_code ( job_code, job_name ) VALUES ( '96993', '개인 간병 및 유사 서비스업' );
INSERT INTO job_code ( job_code, job_name ) VALUES ( '97000', '가구 내 고용활동' );


INSERT INTO user_visa ( user_id, visa, created_at, expired_at ) VALUES ( '1', 'E-9', '2023-11-01', '2028-10-05' );
INSERT INTO user_visa ( user_id, visa, created_at, expired_at ) VALUES ( '2', 'E-9', '2023-10-25', '2028-09-28' );
INSERT INTO user_visa ( user_id, visa, created_at, expired_at ) VALUES ( '3', 'E-9', '2023-10-18', '2028-09-21' );
INSERT INTO user_visa ( user_id, visa, created_at, expired_at ) VALUES ( '4', 'E-9', '2023-10-11', '2028-09-14' );
INSERT INTO user_visa ( user_id, visa, created_at, expired_at ) VALUES ( '5', 'E-9', '2023-10-04', '2028-09-07' );
INSERT INTO user_visa ( user_id, visa, created_at, expired_at ) VALUES ( '6', 'E-9', '2023-09-27', '2028-08-31' );
INSERT INTO user_visa ( user_id, visa, created_at, expired_at ) VALUES ( '7', 'E-9', '2023-09-20', '2028-08-24' );
INSERT INTO user_visa ( user_id, visa, created_at, expired_at ) VALUES ( '8', 'E-9', '2023-09-13', '2028-08-17' );
INSERT INTO user_visa ( user_id, visa, created_at, expired_at ) VALUES ( '9', 'E-9', '2023-09-06', '2028-08-10' );
INSERT INTO user_visa ( user_id, visa, created_at, expired_at ) VALUES ( '10', 'E-9', '2023-08-30', '2028-08-03' );
INSERT INTO user_visa ( user_id, visa, created_at, expired_at ) VALUES ( '11', 'E-9', '2023-08-23', '2028-07-27' );
INSERT INTO user_visa ( user_id, visa, created_at, expired_at ) VALUES ( '12', 'E-9', '2023-08-16', '2028-07-20' );
INSERT INTO user_visa ( user_id, visa, created_at, expired_at ) VALUES ( '13', 'E-9', '2023-08-09', '2028-07-13' );
INSERT INTO user_visa ( user_id, visa, created_at, expired_at ) VALUES ( '14', 'H-2', '2023-08-02', '2026-07-17' );
INSERT INTO user_visa ( user_id, visa, created_at, expired_at ) VALUES ( '15', 'H-2', '2023-07-26', '2026-07-10' );
INSERT INTO user_visa ( user_id, visa, created_at, expired_at ) VALUES ( '16', 'H-2', '2023-07-19', '2026-07-03' );
INSERT INTO user_visa ( user_id, visa, created_at, expired_at ) VALUES ( '17', 'H-2', '2023-07-12', '2026-06-26' );
INSERT INTO user_visa ( user_id, visa, created_at, expired_at ) VALUES ( '18', 'H-2', '2023-07-05', '2026-06-19' );
INSERT INTO user_visa ( user_id, visa, created_at, expired_at ) VALUES ( '19', 'H-2', '2023-06-28', '2026-06-12' );
INSERT INTO user_visa ( user_id, visa, created_at, expired_at ) VALUES ( '20', 'H-2', '2023-06-21', '2026-06-05' );
INSERT INTO user_visa ( user_id, visa, created_at, expired_at ) VALUES ( '21', 'H-2', '2023-06-14', '2026-05-29' );
INSERT INTO user_visa ( user_id, visa, created_at, expired_at ) VALUES ( '22', 'H-2', '2023-06-07', '2026-05-22' );
INSERT INTO user_visa ( user_id, visa, created_at, expired_at ) VALUES ( '23', 'H-2', '2023-05-31', '2026-05-15' );
INSERT INTO user_visa ( user_id, visa, created_at, expired_at ) VALUES ( '24', 'H-2', '2023-05-24', '2026-05-08' );
INSERT INTO user_visa ( user_id, visa, created_at, expired_at ) VALUES ( '25', 'H-2', '2023-05-17', '2026-05-01' );
INSERT INTO user_visa ( user_id, visa, created_at, expired_at ) VALUES ( '26', 'H-2', '2023-05-10', '2026-04-24' );
INSERT INTO user_visa ( user_id, visa, created_at, expired_at ) VALUES ( '27', 'H-2', '2023-05-03', '2026-04-17' );
INSERT INTO user_visa ( user_id, visa, created_at, expired_at ) VALUES ( '28', 'H-2', '2023-04-26', '2026-04-10' );
INSERT INTO user_visa ( user_id, visa, created_at, expired_at ) VALUES ( '29', 'H-2', '2023-04-19', '2026-04-03' );
INSERT INTO user_visa ( user_id, visa, created_at, expired_at ) VALUES ( '30', 'D-2', '2023-04-12', '2025-09-28' );
INSERT INTO user_visa ( user_id, visa, created_at, expired_at ) VALUES ( '31', 'D-2', '2023-04-05', '2025-09-21' );
INSERT INTO user_visa ( user_id, visa, created_at, expired_at ) VALUES ( '32', 'D-2', '2023-03-29', '2025-09-14' );
INSERT INTO user_visa ( user_id, visa, created_at, expired_at ) VALUES ( '33', 'D-2', '2023-03-22', '2025-09-07' );
INSERT INTO user_visa ( user_id, visa, created_at, expired_at ) VALUES ( '34', 'D-2', '2023-03-15', '2025-08-31' );
INSERT INTO user_visa ( user_id, visa, created_at, expired_at ) VALUES ( '35', 'D-2', '2023-03-08', '2025-08-24' );
INSERT INTO user_visa ( user_id, visa, created_at, expired_at ) VALUES ( '36', 'D-2', '2023-03-01', '2025-08-17' );
INSERT INTO user_visa ( user_id, visa, created_at, expired_at ) VALUES ( '37', 'D-2', '2023-02-22', '2025-08-10' );
INSERT INTO user_visa ( user_id, visa, created_at, expired_at ) VALUES ( '38', 'D-2', '2023-02-15', '2025-08-03' );
INSERT INTO user_visa ( user_id, visa, created_at, expired_at ) VALUES ( '39', 'D-2', '2023-02-08', '2025-07-27' );
INSERT INTO user_visa ( user_id, visa, created_at, expired_at ) VALUES ( '40', 'D-2', '2023-02-01', '2025-07-20' );
INSERT INTO user_visa ( user_id, visa, created_at, expired_at ) VALUES ( '41', 'D-2', '2023-01-25', '2025-07-13' );
INSERT INTO user_visa ( user_id, visa, created_at, expired_at ) VALUES ( '42', 'D-2', '2023-01-18', '2025-07-06' );
INSERT INTO user_visa ( user_id, visa, created_at, expired_at ) VALUES ( '43', 'D-2', '2023-01-11', '2025-06-29' );
INSERT INTO user_visa ( user_id, visa, created_at, expired_at ) VALUES ( '44', 'D-2', '2023-01-04', '2025-06-22' );
INSERT INTO user_visa ( user_id, visa, created_at, expired_at ) VALUES ( '45', 'D-2', '2022-12-28', '2025-06-15' );
INSERT INTO user_visa ( user_id, visa, created_at, expired_at ) VALUES ( '46', 'D-2', '2022-12-21', '2025-06-08' );
INSERT INTO user_visa ( user_id, visa, created_at, expired_at ) VALUES ( '47', 'D-2', '2022-12-14', '2025-06-01' );
INSERT INTO user_visa ( user_id, visa, created_at, expired_at ) VALUES ( '48', 'D-2', '2022-12-07', '2025-05-25' );
INSERT INTO user_visa ( user_id, visa, created_at, expired_at ) VALUES ( '49', 'D-2', '2022-11-30', '2025-05-18' );
INSERT INTO user_visa ( user_id, visa, created_at, expired_at ) VALUES ( '50', 'D-2', '2022-11-23', '2025-05-11' );


INSERT INTO visa_filter (job_code, visa) VALUES ('01100', 'E-9');
INSERT INTO visa_filter ( job_code, visa  ) VALUES ( '01200', 'E-9'  );
INSERT INTO visa_filter ( job_code, visa  ) VALUES ( '01400', 'E-9'  );
INSERT INTO visa_filter ( job_code, visa  ) VALUES ( '03112', 'E-9'  );
INSERT INTO visa_filter ( job_code, visa  ) VALUES ( '03210', 'E-9'  );
INSERT INTO visa_filter ( job_code, visa  ) VALUES ( '07220', 'E-9'  );
INSERT INTO visa_filter ( job_code, visa  ) VALUES ( '10000', 'E-9'  );
INSERT INTO visa_filter ( job_code, visa  ) VALUES ( '10100', 'E-9'  );
INSERT INTO visa_filter ( job_code, visa  ) VALUES ( '10110', 'E-9'  );
INSERT INTO visa_filter ( job_code, visa  ) VALUES ( '10111', 'E-9'  );
INSERT INTO visa_filter ( job_code, visa  ) VALUES ( '10112', 'E-9'  );
INSERT INTO visa_filter ( job_code, visa  ) VALUES ( '10120', 'E-9'  );
INSERT INTO visa_filter ( job_code, visa  ) VALUES ( '10121', 'E-9'  );
INSERT INTO visa_filter ( job_code, visa  ) VALUES ( '10122', 'E-9'  );
INSERT INTO visa_filter ( job_code, visa  ) VALUES ( '10129', 'E-9'  );
INSERT INTO visa_filter ( job_code, visa  ) VALUES ( '10200', 'E-9'  );
INSERT INTO visa_filter ( job_code, visa  ) VALUES ( '10210', 'E-9'  );
INSERT INTO visa_filter ( job_code, visa  ) VALUES ( '10211', 'E-9'  );
INSERT INTO visa_filter ( job_code, visa  ) VALUES ( '10212', 'E-9'  );
INSERT INTO visa_filter ( job_code, visa  ) VALUES ( '10213', 'E-9'  );
INSERT INTO visa_filter ( job_code, visa  ) VALUES ( '10219', 'E-9'  );
INSERT INTO visa_filter ( job_code, visa  ) VALUES ( '10220', 'E-9'  );
INSERT INTO visa_filter ( job_code, visa  ) VALUES ( '10300', 'E-9'  );
INSERT INTO visa_filter ( job_code, visa  ) VALUES ( '10301', 'E-9'  );
INSERT INTO visa_filter ( job_code, visa  ) VALUES ( '10302', 'E-9'  );
INSERT INTO visa_filter ( job_code, visa  ) VALUES ( '10309', 'E-9'  );
INSERT INTO visa_filter ( job_code, visa  ) VALUES ( '10400', 'E-9'  );
INSERT INTO visa_filter ( job_code, visa  ) VALUES ( '10401', 'E-9'  );
INSERT INTO visa_filter ( job_code, visa  ) VALUES ( '10402', 'E-9'  );
INSERT INTO visa_filter ( job_code, visa  ) VALUES ( '10403', 'E-9'  );
INSERT INTO visa_filter ( job_code, visa  ) VALUES ( '10500', 'E-9'  );
INSERT INTO visa_filter ( job_code, visa  ) VALUES ( '10501', 'E-9'  );
INSERT INTO visa_filter ( job_code, visa  ) VALUES ( '10502', 'E-9'  );
INSERT INTO visa_filter ( job_code, visa  ) VALUES ( '10600', 'E-9'  );
INSERT INTO visa_filter ( job_code, visa  ) VALUES ( '10610', 'E-9'  );
INSERT INTO visa_filter ( job_code, visa  ) VALUES ( '10611', 'E-9'  );
INSERT INTO visa_filter ( job_code, visa  ) VALUES ( '10612', 'E-9'  );
INSERT INTO visa_filter ( job_code, visa  ) VALUES ( '10613', 'E-9'  );
INSERT INTO visa_filter ( job_code, visa  ) VALUES ( '10619', 'E-9'  );
INSERT INTO visa_filter ( job_code, visa  ) VALUES ( '10620', 'E-9'  );
INSERT INTO visa_filter ( job_code, visa  ) VALUES ( '10700', 'E-9'  );
INSERT INTO visa_filter ( job_code, visa  ) VALUES ( '10710', 'E-9'  );
INSERT INTO visa_filter ( job_code, visa  ) VALUES ( '10711', 'E-9'  );
INSERT INTO visa_filter ( job_code, visa  ) VALUES ( '10712', 'E-9'  );
INSERT INTO visa_filter ( job_code, visa  ) VALUES ( '10713', 'E-9'  );
INSERT INTO visa_filter ( job_code, visa  ) VALUES ( '10720', 'E-9'  );
INSERT INTO visa_filter ( job_code, visa  ) VALUES ( '10730', 'E-9'  );
INSERT INTO visa_filter ( job_code, visa  ) VALUES ( '10740', 'E-9'  );
INSERT INTO visa_filter ( job_code, visa  ) VALUES ( '10741', 'E-9'  );
INSERT INTO visa_filter ( job_code, visa  ) VALUES ( '10742', 'E-9'  );
INSERT INTO visa_filter ( job_code, visa  ) VALUES ( '10743', 'E-9'  );
INSERT INTO visa_filter ( job_code, visa  ) VALUES ( '10749', 'E-9'  );
INSERT INTO visa_filter ( job_code, visa  ) VALUES ( '10750', 'E-9'  );
INSERT INTO visa_filter ( job_code, visa  ) VALUES ( '10751', 'E-9'  );
INSERT INTO visa_filter ( job_code, visa  ) VALUES ( '10759', 'E-9'  );
INSERT INTO visa_filter ( job_code, visa  ) VALUES ( '10790', 'E-9'  );
INSERT INTO visa_filter ( job_code, visa  ) VALUES ( '10791', 'E-9'  );
INSERT INTO visa_filter ( job_code, visa  ) VALUES ( '10792', 'E-9'  );
INSERT INTO visa_filter ( job_code, visa  ) VALUES ( '10793', 'E-9'  );
INSERT INTO visa_filter ( job_code, visa  ) VALUES ( '10794', 'E-9'  );
INSERT INTO visa_filter ( job_code, visa  ) VALUES ( '10795', 'E-9'  );
INSERT INTO visa_filter ( job_code, visa  ) VALUES ( '10796', 'E-9'  );
INSERT INTO visa_filter ( job_code, visa  ) VALUES ( '10797', 'E-9'  );
INSERT INTO visa_filter ( job_code, visa  ) VALUES ( '10799', 'E-9'  );
INSERT INTO visa_filter ( job_code, visa  ) VALUES ( '10800', 'E-9'  );
INSERT INTO visa_filter ( job_code, visa  ) VALUES ( '10801', 'E-9'  );
INSERT INTO visa_filter ( job_code, visa  ) VALUES ( '10802', 'E-9'  );
INSERT INTO visa_filter ( job_code, visa  ) VALUES ( '11000', 'E-9'  );
INSERT INTO visa_filter ( job_code, visa  ) VALUES ( '11100', 'E-9'  );
INSERT INTO visa_filter ( job_code, visa  ) VALUES ( '11110', 'E-9'  );
INSERT INTO visa_filter ( job_code, visa  ) VALUES ( '11111', 'E-9'  );
INSERT INTO visa_filter ( job_code, visa  ) VALUES ( '11112', 'E-9'  );
INSERT INTO visa_filter ( job_code, visa  ) VALUES ( '11119', 'E-9'  );
INSERT INTO visa_filter ( job_code, visa  ) VALUES ( '11120', 'E-9'  );
INSERT INTO visa_filter ( job_code, visa  ) VALUES ( '11121', 'E-9'  );
INSERT INTO visa_filter ( job_code, visa  ) VALUES ( '11122', 'E-9'  );
INSERT INTO visa_filter ( job_code, visa  ) VALUES ( '11129', 'E-9'  );
INSERT INTO visa_filter ( job_code, visa  ) VALUES ( '11200', 'E-9'  );
INSERT INTO visa_filter ( job_code, visa  ) VALUES ( '11201', 'E-9'  );
INSERT INTO visa_filter ( job_code, visa  ) VALUES ( '11202', 'E-9'  );
INSERT INTO visa_filter ( job_code, visa  ) VALUES ( '11209', 'E-9'  );
INSERT INTO visa_filter ( job_code, visa  ) VALUES ( '12000', 'E-9'  );
INSERT INTO visa_filter ( job_code, visa  ) VALUES ( '13000', 'E-9'  );
INSERT INTO visa_filter ( job_code, visa  ) VALUES ( '13100', 'E-9'  );
INSERT INTO visa_filter ( job_code, visa  ) VALUES ( '13101', 'E-9'  );
INSERT INTO visa_filter ( job_code, visa  ) VALUES ( '13102', 'E-9'  );
INSERT INTO visa_filter ( job_code, visa  ) VALUES ( '13103', 'E-9'  );
INSERT INTO visa_filter ( job_code, visa  ) VALUES ( '13104', 'E-9'  );
INSERT INTO visa_filter ( job_code, visa  ) VALUES ( '13109', 'E-9'  );
INSERT INTO visa_filter ( job_code, visa  ) VALUES ( '13200', 'E-9'  );
INSERT INTO visa_filter ( job_code, visa  ) VALUES ( '13210', 'E-9'  );
INSERT INTO visa_filter ( job_code, visa  ) VALUES ( '13211', 'E-9'  );
INSERT INTO visa_filter ( job_code, visa  ) VALUES ( '13212', 'E-9'  );
INSERT INTO visa_filter ( job_code, visa  ) VALUES ( '13213', 'E-9'  );
INSERT INTO visa_filter ( job_code, visa  ) VALUES ( '13219', 'E-9'  );
INSERT INTO visa_filter ( job_code, visa  ) VALUES ( '13220', 'E-9'  );
INSERT INTO visa_filter ( job_code, visa  ) VALUES ( '13221', 'E-9'  );
INSERT INTO visa_filter ( job_code, visa  ) VALUES ( '13222', 'E-9'  );
INSERT INTO visa_filter ( job_code, visa  ) VALUES ( '13223', 'E-9'  );
INSERT INTO visa_filter ( job_code, visa  ) VALUES ( '13224', 'E-9'  );
INSERT INTO visa_filter ( job_code, visa  ) VALUES ( '13225', 'E-9'  );
INSERT INTO visa_filter ( job_code, visa  ) VALUES ( '13229', 'E-9'  );
INSERT INTO visa_filter ( job_code, visa  ) VALUES ( '13300', 'E-9'  );
INSERT INTO visa_filter ( job_code, visa  ) VALUES ( '13400', 'E-9'  );
INSERT INTO visa_filter ( job_code, visa  ) VALUES ( '13401', 'E-9'  );
INSERT INTO visa_filter ( job_code, visa  ) VALUES ( '13402', 'E-9'  );
INSERT INTO visa_filter ( job_code, visa  ) VALUES ( '13403', 'E-9'  );
INSERT INTO visa_filter ( job_code, visa  ) VALUES ( '13409', 'E-9'  );
INSERT INTO visa_filter ( job_code, visa  ) VALUES ( '13900', 'E-9'  );
INSERT INTO visa_filter ( job_code, visa  ) VALUES ( '13910', 'E-9'  );
INSERT INTO visa_filter ( job_code, visa  ) VALUES ( '13920', 'E-9'  );
INSERT INTO visa_filter ( job_code, visa  ) VALUES ( '13921', 'E-9'  );
INSERT INTO visa_filter ( job_code, visa  ) VALUES ( '13922', 'E-9'  );
INSERT INTO visa_filter ( job_code, visa  ) VALUES ( '13990', 'E-9'  );
INSERT INTO visa_filter ( job_code, visa  ) VALUES ( '13991', 'E-9'  );
INSERT INTO visa_filter ( job_code, visa  ) VALUES ( '13992', 'E-9'  );
INSERT INTO visa_filter ( job_code, visa  ) VALUES ( '13993', 'E-9'  );
INSERT INTO visa_filter ( job_code, visa  ) VALUES ( '13994', 'E-9'  );
INSERT INTO visa_filter ( job_code, visa  ) VALUES ( '13999', 'E-9'  );
INSERT INTO visa_filter ( job_code, visa  ) VALUES ( '14000', 'E-9'  );
INSERT INTO visa_filter ( job_code, visa  ) VALUES ( '14100', 'E-9'  );
INSERT INTO visa_filter ( job_code, visa  ) VALUES ( '14110', 'E-9'  );
INSERT INTO visa_filter ( job_code, visa  ) VALUES ( '14111', 'E-9'  );
INSERT INTO visa_filter ( job_code, visa  ) VALUES ( '14112', 'E-9'  );
INSERT INTO visa_filter ( job_code, visa  ) VALUES ( '14120', 'E-9'  );
INSERT INTO visa_filter ( job_code, visa  ) VALUES ( '14130', 'E-9'  );
INSERT INTO visa_filter ( job_code, visa  ) VALUES ( '14190', 'E-9'  );
INSERT INTO visa_filter ( job_code, visa  ) VALUES ( '14191', 'E-9'  );
INSERT INTO visa_filter ( job_code, visa  ) VALUES ( '14192', 'E-9'  );
INSERT INTO visa_filter ( job_code, visa  ) VALUES ( '14193', 'E-9'  );
INSERT INTO visa_filter ( job_code, visa  ) VALUES ( '14194', 'E-9'  );
INSERT INTO visa_filter ( job_code, visa  ) VALUES ( '14199', 'E-9'  );
INSERT INTO visa_filter ( job_code, visa  ) VALUES ( '14200', 'E-9'  );
INSERT INTO visa_filter ( job_code, visa  ) VALUES ( '14300', 'E-9'  );
INSERT INTO visa_filter ( job_code, visa  ) VALUES ( '14400', 'E-9'  );
INSERT INTO visa_filter ( job_code, visa  ) VALUES ( '14410', 'E-9'  );
INSERT INTO visa_filter ( job_code, visa  ) VALUES ( '14411', 'E-9'  );
INSERT INTO visa_filter ( job_code, visa  ) VALUES ( '14419', 'E-9'  );
INSERT INTO visa_filter ( job_code, visa  ) VALUES ( '14490', 'E-9'  );
INSERT INTO visa_filter ( job_code, visa  ) VALUES ( '14491', 'E-9'  );
INSERT INTO visa_filter ( job_code, visa  ) VALUES ( '14499', 'E-9'  );
INSERT INTO visa_filter ( job_code, visa  ) VALUES ( '15000', 'E-9'  );
INSERT INTO visa_filter ( job_code, visa  ) VALUES ( '15100', 'E-9'  );
INSERT INTO visa_filter ( job_code, visa  ) VALUES ( '15110', 'E-9'  );
INSERT INTO visa_filter ( job_code, visa  ) VALUES ( '15120', 'E-9'  );
INSERT INTO visa_filter ( job_code, visa  ) VALUES ( '15121', 'E-9'  );
INSERT INTO visa_filter ( job_code, visa  ) VALUES ( '15129', 'E-9'  );
INSERT INTO visa_filter ( job_code, visa  ) VALUES ( '15190', 'E-9'  );
INSERT INTO visa_filter ( job_code, visa  ) VALUES ( '15200', 'E-9'  );
INSERT INTO visa_filter ( job_code, visa  ) VALUES ( '15210', 'E-9'  );
INSERT INTO visa_filter ( job_code, visa  ) VALUES ( '15211', 'E-9'  );
INSERT INTO visa_filter ( job_code, visa  ) VALUES ( '15219', 'E-9'  );
INSERT INTO visa_filter ( job_code, visa  ) VALUES ( '15220', 'E-9'  );
INSERT INTO visa_filter ( job_code, visa  ) VALUES ( '16000', 'E-9'  );
INSERT INTO visa_filter ( job_code, visa  ) VALUES ( '16100', 'E-9'  );
INSERT INTO visa_filter ( job_code, visa  ) VALUES ( '16101', 'E-9'  );
INSERT INTO visa_filter ( job_code, visa  ) VALUES ( '16102', 'E-9'  );
INSERT INTO visa_filter ( job_code, visa  ) VALUES ( '16103', 'E-9'  );
INSERT INTO visa_filter ( job_code, visa  ) VALUES ( '16200', 'E-9'  );
INSERT INTO visa_filter ( job_code, visa  ) VALUES ( '16210', 'E-9'  );
INSERT INTO visa_filter ( job_code, visa  ) VALUES ( '16211', 'E-9'  );
INSERT INTO visa_filter ( job_code, visa  ) VALUES ( '16212', 'E-9'  );
INSERT INTO visa_filter ( job_code, visa  ) VALUES ( '16220', 'E-9'  );
INSERT INTO visa_filter ( job_code, visa  ) VALUES ( '16221', 'E-9'  );
INSERT INTO visa_filter ( job_code, visa  ) VALUES ( '16229', 'E-9'  );
INSERT INTO visa_filter ( job_code, visa  ) VALUES ( '16230', 'E-9'  );
INSERT INTO visa_filter ( job_code, visa  ) VALUES ( '16231', 'E-9'  );
INSERT INTO visa_filter ( job_code, visa  ) VALUES ( '16232', 'E-9'  );
INSERT INTO visa_filter ( job_code, visa  ) VALUES ( '16290', 'E-9'  );
INSERT INTO visa_filter ( job_code, visa  ) VALUES ( '16291', 'E-9'  );
INSERT INTO visa_filter ( job_code, visa  ) VALUES ( '16292', 'E-9'  );
INSERT INTO visa_filter ( job_code, visa  ) VALUES ( '16299', 'E-9'  );
INSERT INTO visa_filter ( job_code, visa  ) VALUES ( '16300', 'E-9'  );
INSERT INTO visa_filter ( job_code, visa  ) VALUES ( '17000', 'E-9'  );
INSERT INTO visa_filter ( job_code, visa  ) VALUES ( '17100', 'E-9'  );
INSERT INTO visa_filter ( job_code, visa  ) VALUES ( '17110', 'E-9'  );
INSERT INTO visa_filter ( job_code, visa  ) VALUES ( '17120', 'E-9'  );
INSERT INTO visa_filter ( job_code, visa  ) VALUES ( '17121', 'E-9'  );
INSERT INTO visa_filter ( job_code, visa  ) VALUES ( '17122', 'E-9'  );
INSERT INTO visa_filter ( job_code, visa  ) VALUES ( '17123', 'E-9'  );
INSERT INTO visa_filter ( job_code, visa  ) VALUES ( '17124', 'E-9'  );
INSERT INTO visa_filter ( job_code, visa  ) VALUES ( '17125', 'E-9'  );
INSERT INTO visa_filter ( job_code, visa  ) VALUES ( '17129', 'E-9'  );
INSERT INTO visa_filter ( job_code, visa  ) VALUES ( '17200', 'E-9'  );
INSERT INTO visa_filter ( job_code, visa  ) VALUES ( '17210', 'E-9'  );
INSERT INTO visa_filter ( job_code, visa  ) VALUES ( '17211', 'E-9'  );
INSERT INTO visa_filter ( job_code, visa  ) VALUES ( '17212', 'E-9'  );
INSERT INTO visa_filter ( job_code, visa  ) VALUES ( '17220', 'E-9'  );
INSERT INTO visa_filter ( job_code, visa  ) VALUES ( '17221', 'E-9'  );
INSERT INTO visa_filter ( job_code, visa  ) VALUES ( '17222', 'E-9'  );
INSERT INTO visa_filter ( job_code, visa  ) VALUES ( '17223', 'E-9'  );
INSERT INTO visa_filter ( job_code, visa  ) VALUES ( '17229', 'E-9'  );
INSERT INTO visa_filter ( job_code, visa  ) VALUES ( '17900', 'E-9'  );
INSERT INTO visa_filter ( job_code, visa  ) VALUES ( '17901', 'E-9'  );
INSERT INTO visa_filter ( job_code, visa  ) VALUES ( '17902', 'E-9'  );
INSERT INTO visa_filter ( job_code, visa  ) VALUES ( '17903', 'E-9'  );
INSERT INTO visa_filter ( job_code, visa  ) VALUES ( '17909', 'E-9'  );
INSERT INTO visa_filter ( job_code, visa  ) VALUES ( '18000', 'E-9'  );
INSERT INTO visa_filter ( job_code, visa  ) VALUES ( '18100', 'E-9'  );
INSERT INTO visa_filter ( job_code, visa  ) VALUES ( '18110', 'E-9'  );
INSERT INTO visa_filter ( job_code, visa  ) VALUES ( '18111', 'E-9'  );
INSERT INTO visa_filter ( job_code, visa  ) VALUES ( '18112', 'E-9'  );
INSERT INTO visa_filter ( job_code, visa  ) VALUES ( '18113', 'E-9'  );
INSERT INTO visa_filter ( job_code, visa  ) VALUES ( '18119', 'E-9'  );
INSERT INTO visa_filter ( job_code, visa  ) VALUES ( '18120', 'E-9'  );
INSERT INTO visa_filter ( job_code, visa  ) VALUES ( '18121', 'E-9'  );
INSERT INTO visa_filter ( job_code, visa  ) VALUES ( '18122', 'E-9'  );
INSERT INTO visa_filter ( job_code, visa  ) VALUES ( '18129', 'E-9'  );
INSERT INTO visa_filter ( job_code, visa  ) VALUES ( '18200', 'E-9'  );
INSERT INTO visa_filter ( job_code, visa  ) VALUES ( '19000', 'E-9'  );
INSERT INTO visa_filter ( job_code, visa  ) VALUES ( '19100', 'E-9'  );
INSERT INTO visa_filter ( job_code, visa  ) VALUES ( '19101', 'E-9'  );
INSERT INTO visa_filter ( job_code, visa  ) VALUES ( '19102', 'E-9'  );
INSERT INTO visa_filter ( job_code, visa  ) VALUES ( '19200', 'E-9'  );
INSERT INTO visa_filter ( job_code, visa  ) VALUES ( '19210', 'E-9'  );
INSERT INTO visa_filter ( job_code, visa  ) VALUES ( '19220', 'E-9'  );
INSERT INTO visa_filter ( job_code, visa  ) VALUES ( '19221', 'E-9'  );
INSERT INTO visa_filter ( job_code, visa  ) VALUES ( '19229', 'E-9'  );
INSERT INTO visa_filter ( job_code, visa  ) VALUES ( '20000', 'E-9'  );
INSERT INTO visa_filter ( job_code, visa  ) VALUES ( '20100', 'E-9'  );
INSERT INTO visa_filter ( job_code, visa  ) VALUES ( '20110', 'E-9'  );
INSERT INTO visa_filter ( job_code, visa  ) VALUES ( '20111', 'E-9'  );
INSERT INTO visa_filter ( job_code, visa  ) VALUES ( '20112', 'E-9'  );
INSERT INTO visa_filter ( job_code, visa  ) VALUES ( '20119', 'E-9'  );
INSERT INTO visa_filter ( job_code, visa  ) VALUES ( '20120', 'E-9'  );
INSERT INTO visa_filter ( job_code, visa  ) VALUES ( '20121', 'E-9'  );
INSERT INTO visa_filter ( job_code, visa  ) VALUES ( '20129', 'E-9'  );
INSERT INTO visa_filter ( job_code, visa  ) VALUES ( '20130', 'E-9'  );
INSERT INTO visa_filter ( job_code, visa  ) VALUES ( '20131', 'E-9'  );
INSERT INTO visa_filter ( job_code, visa  ) VALUES ( '20132', 'E-9'  );
INSERT INTO visa_filter ( job_code, visa  ) VALUES ( '20200', 'E-9'  );
INSERT INTO visa_filter ( job_code, visa  ) VALUES ( '20201', 'E-9'  );
INSERT INTO visa_filter ( job_code, visa  ) VALUES ( '20202', 'E-9'  );
INSERT INTO visa_filter ( job_code, visa  ) VALUES ( '20203', 'E-9'  );
INSERT INTO visa_filter ( job_code, visa  ) VALUES ( '20300', 'E-9'  );
INSERT INTO visa_filter ( job_code, visa  ) VALUES ( '20310', 'E-9'  );
INSERT INTO visa_filter ( job_code, visa  ) VALUES ( '20311', 'E-9'  );
INSERT INTO visa_filter ( job_code, visa  ) VALUES ( '20312', 'E-9'  );
INSERT INTO visa_filter ( job_code, visa  ) VALUES ( '20313', 'E-9'  );
INSERT INTO visa_filter ( job_code, visa  ) VALUES ( '20320', 'E-9'  );
INSERT INTO visa_filter ( job_code, visa  ) VALUES ( '20321', 'E-9'  );
INSERT INTO visa_filter ( job_code, visa  ) VALUES ( '20322', 'E-9'  );
INSERT INTO visa_filter ( job_code, visa  ) VALUES ( '20400', 'E-9'  );
INSERT INTO visa_filter ( job_code, visa  ) VALUES ( '20410', 'E-9'  );
INSERT INTO visa_filter ( job_code, visa  ) VALUES ( '20411', 'E-9'  );
INSERT INTO visa_filter ( job_code, visa  ) VALUES ( '20412', 'E-9'  );
INSERT INTO visa_filter ( job_code, visa  ) VALUES ( '20413', 'E-9'  );
INSERT INTO visa_filter ( job_code, visa  ) VALUES ( '20420', 'E-9'  );
INSERT INTO visa_filter ( job_code, visa  ) VALUES ( '20421', 'E-9'  );
INSERT INTO visa_filter ( job_code, visa  ) VALUES ( '20422', 'E-9'  );
INSERT INTO visa_filter ( job_code, visa  ) VALUES ( '20423', 'E-9'  );
INSERT INTO visa_filter ( job_code, visa  ) VALUES ( '20424', 'E-9'  );
INSERT INTO visa_filter ( job_code, visa  ) VALUES ( '20490', 'E-9'  );
INSERT INTO visa_filter ( job_code, visa  ) VALUES ( '20491', 'E-9'  );
INSERT INTO visa_filter ( job_code, visa  ) VALUES ( '20492', 'E-9'  );
INSERT INTO visa_filter ( job_code, visa  ) VALUES ( '20493', 'E-9'  );
INSERT INTO visa_filter ( job_code, visa  ) VALUES ( '20494', 'E-9'  );
INSERT INTO visa_filter ( job_code, visa  ) VALUES ( '20495', 'E-9'  );
INSERT INTO visa_filter ( job_code, visa  ) VALUES ( '20499', 'E-9'  );
INSERT INTO visa_filter ( job_code, visa  ) VALUES ( '20500', 'E-9'  );
INSERT INTO visa_filter ( job_code, visa  ) VALUES ( '20501', 'E-9'  );
INSERT INTO visa_filter ( job_code, visa  ) VALUES ( '20502', 'E-9'  );
INSERT INTO visa_filter ( job_code, visa  ) VALUES ( '21000', 'E-9'  );
INSERT INTO visa_filter ( job_code, visa  ) VALUES ( '21100', 'E-9'  );
INSERT INTO visa_filter ( job_code, visa  ) VALUES ( '21101', 'E-9'  );
INSERT INTO visa_filter ( job_code, visa  ) VALUES ( '21102', 'E-9'  );
INSERT INTO visa_filter ( job_code, visa  ) VALUES ( '21200', 'E-9'  );
INSERT INTO visa_filter ( job_code, visa  ) VALUES ( '21210', 'E-9'  );
INSERT INTO visa_filter ( job_code, visa  ) VALUES ( '21220', 'E-9'  );
INSERT INTO visa_filter ( job_code, visa  ) VALUES ( '21230', 'E-9'  );
INSERT INTO visa_filter ( job_code, visa  ) VALUES ( '21300', 'E-9'  );
INSERT INTO visa_filter ( job_code, visa  ) VALUES ( '22000', 'E-9'  );
INSERT INTO visa_filter ( job_code, visa  ) VALUES ( '22100', 'E-9'  );
INSERT INTO visa_filter ( job_code, visa  ) VALUES ( '22110', 'E-9'  );
INSERT INTO visa_filter ( job_code, visa  ) VALUES ( '22111', 'E-9'  );
INSERT INTO visa_filter ( job_code, visa  ) VALUES ( '22112', 'E-9'  );
INSERT INTO visa_filter ( job_code, visa  ) VALUES ( '22190', 'E-9'  );
INSERT INTO visa_filter ( job_code, visa  ) VALUES ( '22191', 'E-9'  );
INSERT INTO visa_filter ( job_code, visa  ) VALUES ( '22192', 'E-9'  );
INSERT INTO visa_filter ( job_code, visa  ) VALUES ( '22193', 'E-9'  );
INSERT INTO visa_filter ( job_code, visa  ) VALUES ( '22199', 'E-9'  );
INSERT INTO visa_filter ( job_code, visa  ) VALUES ( '22200', 'E-9'  );
INSERT INTO visa_filter ( job_code, visa  ) VALUES ( '22210', 'E-9'  );
INSERT INTO visa_filter ( job_code, visa  ) VALUES ( '22211', 'E-9'  );
INSERT INTO visa_filter ( job_code, visa  ) VALUES ( '22212', 'E-9'  );
INSERT INTO visa_filter ( job_code, visa  ) VALUES ( '22213', 'E-9'  );
INSERT INTO visa_filter ( job_code, visa  ) VALUES ( '22214', 'E-9'  );
INSERT INTO visa_filter ( job_code, visa  ) VALUES ( '22220', 'E-9'  );
INSERT INTO visa_filter ( job_code, visa  ) VALUES ( '22221', 'E-9'  );
INSERT INTO visa_filter ( job_code, visa  ) VALUES ( '22222', 'E-9'  );
INSERT INTO visa_filter ( job_code, visa  ) VALUES ( '22223', 'E-9'  );
INSERT INTO visa_filter ( job_code, visa  ) VALUES ( '22229', 'E-9'  );
INSERT INTO visa_filter ( job_code, visa  ) VALUES ( '22230', 'E-9'  );
INSERT INTO visa_filter ( job_code, visa  ) VALUES ( '22231', 'E-9'  );
INSERT INTO visa_filter ( job_code, visa  ) VALUES ( '22232', 'E-9'  );
INSERT INTO visa_filter ( job_code, visa  ) VALUES ( '22240', 'E-9'  );
INSERT INTO visa_filter ( job_code, visa  ) VALUES ( '22241', 'E-9'  );
INSERT INTO visa_filter ( job_code, visa  ) VALUES ( '22249', 'E-9'  );
INSERT INTO visa_filter ( job_code, visa  ) VALUES ( '22250', 'E-9'  );
INSERT INTO visa_filter ( job_code, visa  ) VALUES ( '22251', 'E-9'  );
INSERT INTO visa_filter ( job_code, visa  ) VALUES ( '22259', 'E-9'  );
INSERT INTO visa_filter ( job_code, visa  ) VALUES ( '22290', 'E-9'  );
INSERT INTO visa_filter ( job_code, visa  ) VALUES ( '22291', 'E-9'  );
INSERT INTO visa_filter ( job_code, visa  ) VALUES ( '22292', 'E-9'  );
INSERT INTO visa_filter ( job_code, visa  ) VALUES ( '22299', 'E-9'  );
INSERT INTO visa_filter ( job_code, visa  ) VALUES ( '23000', 'E-9'  );
INSERT INTO visa_filter ( job_code, visa  ) VALUES ( '23100', 'E-9'  );
INSERT INTO visa_filter ( job_code, visa  ) VALUES ( '23110', 'E-9'  );
INSERT INTO visa_filter ( job_code, visa  ) VALUES ( '23111', 'E-9'  );
INSERT INTO visa_filter ( job_code, visa  ) VALUES ( '23112', 'E-9'  );
INSERT INTO visa_filter ( job_code, visa  ) VALUES ( '23119', 'E-9'  );
INSERT INTO visa_filter ( job_code, visa  ) VALUES ( '23120', 'E-9'  );
INSERT INTO visa_filter ( job_code, visa  ) VALUES ( '23121', 'E-9'  );
INSERT INTO visa_filter ( job_code, visa  ) VALUES ( '23122', 'E-9'  );
INSERT INTO visa_filter ( job_code, visa  ) VALUES ( '23129', 'E-9'  );
INSERT INTO visa_filter ( job_code, visa  ) VALUES ( '23190', 'E-9'  );
INSERT INTO visa_filter ( job_code, visa  ) VALUES ( '23191', 'E-9'  );
INSERT INTO visa_filter ( job_code, visa  ) VALUES ( '23192', 'E-9'  );
INSERT INTO visa_filter ( job_code, visa  ) VALUES ( '23199', 'E-9'  );
INSERT INTO visa_filter ( job_code, visa  ) VALUES ( '23200', 'E-9'  );
INSERT INTO visa_filter ( job_code, visa  ) VALUES ( '23210', 'E-9'  );
INSERT INTO visa_filter ( job_code, visa  ) VALUES ( '23211', 'E-9'  );
INSERT INTO visa_filter ( job_code, visa  ) VALUES ( '23212', 'E-9'  );
INSERT INTO visa_filter ( job_code, visa  ) VALUES ( '23220', 'E-9'  );
INSERT INTO visa_filter ( job_code, visa  ) VALUES ( '23221', 'E-9'  );
INSERT INTO visa_filter ( job_code, visa  ) VALUES ( '23222', 'E-9'  );
INSERT INTO visa_filter ( job_code, visa  ) VALUES ( '23229', 'E-9'  );
INSERT INTO visa_filter ( job_code, visa  ) VALUES ( '23230', 'E-9'  );
INSERT INTO visa_filter ( job_code, visa  ) VALUES ( '23231', 'E-9'  );
INSERT INTO visa_filter ( job_code, visa  ) VALUES ( '23232', 'E-9'  );
INSERT INTO visa_filter ( job_code, visa  ) VALUES ( '23239', 'E-9'  );
INSERT INTO visa_filter ( job_code, visa  ) VALUES ( '23300', 'E-9'  );
INSERT INTO visa_filter ( job_code, visa  ) VALUES ( '23310', 'E-9'  );
INSERT INTO visa_filter ( job_code, visa  ) VALUES ( '23311', 'E-9'  );
INSERT INTO visa_filter ( job_code, visa  ) VALUES ( '23312', 'E-9'  );
INSERT INTO visa_filter ( job_code, visa  ) VALUES ( '23320', 'E-9'  );
INSERT INTO visa_filter ( job_code, visa  ) VALUES ( '23321', 'E-9'  );
INSERT INTO visa_filter ( job_code, visa  ) VALUES ( '23322', 'E-9'  );
INSERT INTO visa_filter ( job_code, visa  ) VALUES ( '23323', 'E-9'  );
INSERT INTO visa_filter ( job_code, visa  ) VALUES ( '23324', 'E-9'  );
INSERT INTO visa_filter ( job_code, visa  ) VALUES ( '23325', 'E-9'  );
INSERT INTO visa_filter ( job_code, visa  ) VALUES ( '23329', 'E-9'  );
INSERT INTO visa_filter ( job_code, visa  ) VALUES ( '23900', 'E-9'  );
INSERT INTO visa_filter ( job_code, visa  ) VALUES ( '23910', 'E-9'  );
INSERT INTO visa_filter ( job_code, visa  ) VALUES ( '23911', 'E-9'  );
INSERT INTO visa_filter ( job_code, visa  ) VALUES ( '23919', 'E-9'  );
INSERT INTO visa_filter ( job_code, visa  ) VALUES ( '23990', 'E-9'  );
INSERT INTO visa_filter ( job_code, visa  ) VALUES ( '23991', 'E-9'  );
INSERT INTO visa_filter ( job_code, visa  ) VALUES ( '23992', 'E-9'  );
INSERT INTO visa_filter ( job_code, visa  ) VALUES ( '23993', 'E-9'  );
INSERT INTO visa_filter ( job_code, visa  ) VALUES ( '23994', 'E-9'  );
INSERT INTO visa_filter ( job_code, visa  ) VALUES ( '23995', 'E-9'  );
INSERT INTO visa_filter ( job_code, visa  ) VALUES ( '23999', 'E-9'  );
INSERT INTO visa_filter ( job_code, visa  ) VALUES ( '24000', 'E-9'  );
INSERT INTO visa_filter ( job_code, visa  ) VALUES ( '24100', 'E-9'  );
INSERT INTO visa_filter ( job_code, visa  ) VALUES ( '24110', 'E-9'  );
INSERT INTO visa_filter ( job_code, visa  ) VALUES ( '24111', 'E-9'  );
INSERT INTO visa_filter ( job_code, visa  ) VALUES ( '24112', 'E-9'  );
INSERT INTO visa_filter ( job_code, visa  ) VALUES ( '24113', 'E-9'  );
INSERT INTO visa_filter ( job_code, visa  ) VALUES ( '24119', 'E-9'  );
INSERT INTO visa_filter ( job_code, visa  ) VALUES ( '24120', 'E-9'  );
INSERT INTO visa_filter ( job_code, visa  ) VALUES ( '24121', 'E-9'  );
INSERT INTO visa_filter ( job_code, visa  ) VALUES ( '24122', 'E-9'  );
INSERT INTO visa_filter ( job_code, visa  ) VALUES ( '24123', 'E-9'  );
INSERT INTO visa_filter ( job_code, visa  ) VALUES ( '24130', 'E-9'  );
INSERT INTO visa_filter ( job_code, visa  ) VALUES ( '24131', 'E-9'  );
INSERT INTO visa_filter ( job_code, visa  ) VALUES ( '24132', 'E-9'  );
INSERT INTO visa_filter ( job_code, visa  ) VALUES ( '24133', 'E-9'  );
INSERT INTO visa_filter ( job_code, visa  ) VALUES ( '24190', 'E-9'  );
INSERT INTO visa_filter ( job_code, visa  ) VALUES ( '24191', 'E-9'  );
INSERT INTO visa_filter ( job_code, visa  ) VALUES ( '24199', 'E-9'  );
INSERT INTO visa_filter ( job_code, visa  ) VALUES ( '24200', 'E-9'  );
INSERT INTO visa_filter ( job_code, visa  ) VALUES ( '24210', 'E-9'  );
INSERT INTO visa_filter ( job_code, visa  ) VALUES ( '24211', 'E-9'  );
INSERT INTO visa_filter ( job_code, visa  ) VALUES ( '24212', 'E-9'  );
INSERT INTO visa_filter ( job_code, visa  ) VALUES ( '24213', 'E-9'  );
INSERT INTO visa_filter ( job_code, visa  ) VALUES ( '24219', 'E-9'  );
INSERT INTO visa_filter ( job_code, visa  ) VALUES ( '24220', 'E-9'  );
INSERT INTO visa_filter ( job_code, visa  ) VALUES ( '24221', 'E-9'  );
INSERT INTO visa_filter ( job_code, visa  ) VALUES ( '24222', 'E-9'  );
INSERT INTO visa_filter ( job_code, visa  ) VALUES ( '24229', 'E-9'  );
INSERT INTO visa_filter ( job_code, visa  ) VALUES ( '24290', 'E-9'  );
INSERT INTO visa_filter ( job_code, visa  ) VALUES ( '24300', 'E-9'  );
INSERT INTO visa_filter ( job_code, visa  ) VALUES ( '24310', 'E-9'  );
INSERT INTO visa_filter ( job_code, visa  ) VALUES ( '24311', 'E-9'  );
INSERT INTO visa_filter ( job_code, visa  ) VALUES ( '24312', 'E-9'  );
INSERT INTO visa_filter ( job_code, visa  ) VALUES ( '24320', 'E-9'  );
INSERT INTO visa_filter ( job_code, visa  ) VALUES ( '24321', 'E-9'  );
INSERT INTO visa_filter ( job_code, visa  ) VALUES ( '24322', 'E-9'  );
INSERT INTO visa_filter ( job_code, visa  ) VALUES ( '24329', 'E-9'  );
INSERT INTO visa_filter ( job_code, visa  ) VALUES ( '25000', 'E-9'  );
INSERT INTO visa_filter ( job_code, visa  ) VALUES ( '25100', 'E-9'  );
INSERT INTO visa_filter ( job_code, visa  ) VALUES ( '25110', 'E-9'  );
INSERT INTO visa_filter ( job_code, visa  ) VALUES ( '25111', 'E-9'  );
INSERT INTO visa_filter ( job_code, visa  ) VALUES ( '25112', 'E-9'  );
INSERT INTO visa_filter ( job_code, visa  ) VALUES ( '25113', 'E-9'  );
INSERT INTO visa_filter ( job_code, visa  ) VALUES ( '25114', 'E-9'  );
INSERT INTO visa_filter ( job_code, visa  ) VALUES ( '25119', 'E-9'  );
INSERT INTO visa_filter ( job_code, visa  ) VALUES ( '25120', 'E-9'  );
INSERT INTO visa_filter ( job_code, visa  ) VALUES ( '25121', 'E-9'  );
INSERT INTO visa_filter ( job_code, visa  ) VALUES ( '25122', 'E-9'  );
INSERT INTO visa_filter ( job_code, visa  ) VALUES ( '25123', 'E-9'  );
INSERT INTO visa_filter ( job_code, visa  ) VALUES ( '25130', 'E-9'  );
INSERT INTO visa_filter ( job_code, visa  ) VALUES ( '25200', 'E-9'  );
INSERT INTO visa_filter ( job_code, visa  ) VALUES ( '25900', 'E-9'  );
INSERT INTO visa_filter ( job_code, visa  ) VALUES ( '25910', 'E-9'  );
INSERT INTO visa_filter ( job_code, visa  ) VALUES ( '25911', 'E-9'  );
INSERT INTO visa_filter ( job_code, visa  ) VALUES ( '25912', 'E-9'  );
INSERT INTO visa_filter ( job_code, visa  ) VALUES ( '25913', 'E-9'  );
INSERT INTO visa_filter ( job_code, visa  ) VALUES ( '25914', 'E-9'  );
INSERT INTO visa_filter ( job_code, visa  ) VALUES ( '25920', 'E-9'  );
INSERT INTO visa_filter ( job_code, visa  ) VALUES ( '25921', 'E-9'  );
INSERT INTO visa_filter ( job_code, visa  ) VALUES ( '25922', 'E-9'  );
INSERT INTO visa_filter ( job_code, visa  ) VALUES ( '25923', 'E-9'  );
INSERT INTO visa_filter ( job_code, visa  ) VALUES ( '25924', 'E-9'  );
INSERT INTO visa_filter ( job_code, visa  ) VALUES ( '25929', 'E-9'  );
INSERT INTO visa_filter ( job_code, visa  ) VALUES ( '25930', 'E-9'  );
INSERT INTO visa_filter ( job_code, visa  ) VALUES ( '25931', 'E-9'  );
INSERT INTO visa_filter ( job_code, visa  ) VALUES ( '25932', 'E-9'  );
INSERT INTO visa_filter ( job_code, visa  ) VALUES ( '25933', 'E-9'  );
INSERT INTO visa_filter ( job_code, visa  ) VALUES ( '25934', 'E-9'  );
INSERT INTO visa_filter ( job_code, visa  ) VALUES ( '25940', 'E-9'  );
INSERT INTO visa_filter ( job_code, visa  ) VALUES ( '25941', 'E-9'  );
INSERT INTO visa_filter ( job_code, visa  ) VALUES ( '25942', 'E-9'  );
INSERT INTO visa_filter ( job_code, visa  ) VALUES ( '25943', 'E-9'  );
INSERT INTO visa_filter ( job_code, visa  ) VALUES ( '25944', 'E-9'  );
INSERT INTO visa_filter ( job_code, visa  ) VALUES ( '25990', 'E-9'  );
INSERT INTO visa_filter ( job_code, visa  ) VALUES ( '25991', 'E-9'  );
INSERT INTO visa_filter ( job_code, visa  ) VALUES ( '25992', 'E-9'  );
INSERT INTO visa_filter ( job_code, visa  ) VALUES ( '25993', 'E-9'  );
INSERT INTO visa_filter ( job_code, visa  ) VALUES ( '25994', 'E-9'  );
INSERT INTO visa_filter ( job_code, visa  ) VALUES ( '25995', 'E-9'  );
INSERT INTO visa_filter ( job_code, visa  ) VALUES ( '25999', 'E-9'  );
INSERT INTO visa_filter ( job_code, visa  ) VALUES ( '26000', 'E-9'  );
INSERT INTO visa_filter ( job_code, visa  ) VALUES ( '26100', 'E-9'  );
INSERT INTO visa_filter ( job_code, visa  ) VALUES ( '26110', 'E-9'  );
INSERT INTO visa_filter ( job_code, visa  ) VALUES ( '26111', 'E-9'  );
INSERT INTO visa_filter ( job_code, visa  ) VALUES ( '26112', 'E-9'  );
INSERT INTO visa_filter ( job_code, visa  ) VALUES ( '26120', 'E-9'  );
INSERT INTO visa_filter ( job_code, visa  ) VALUES ( '26121', 'E-9'  );
INSERT INTO visa_filter ( job_code, visa  ) VALUES ( '26129', 'E-9'  );
INSERT INTO visa_filter ( job_code, visa  ) VALUES ( '26200', 'E-9'  );
INSERT INTO visa_filter ( job_code, visa  ) VALUES ( '26210', 'E-9'  );
INSERT INTO visa_filter ( job_code, visa  ) VALUES ( '26211', 'E-9'  );
INSERT INTO visa_filter ( job_code, visa  ) VALUES ( '26212', 'E-9'  );
INSERT INTO visa_filter ( job_code, visa  ) VALUES ( '26219', 'E-9'  );
INSERT INTO visa_filter ( job_code, visa  ) VALUES ( '26220', 'E-9'  );
INSERT INTO visa_filter ( job_code, visa  ) VALUES ( '26221', 'E-9'  );
INSERT INTO visa_filter ( job_code, visa  ) VALUES ( '26222', 'E-9'  );
INSERT INTO visa_filter ( job_code, visa  ) VALUES ( '26223', 'E-9'  );
INSERT INTO visa_filter ( job_code, visa  ) VALUES ( '26224', 'E-9'  );
INSERT INTO visa_filter ( job_code, visa  ) VALUES ( '26290', 'E-9'  );
INSERT INTO visa_filter ( job_code, visa  ) VALUES ( '26291', 'E-9'  );
INSERT INTO visa_filter ( job_code, visa  ) VALUES ( '26292', 'E-9'  );
INSERT INTO visa_filter ( job_code, visa  ) VALUES ( '26293', 'E-9'  );
INSERT INTO visa_filter ( job_code, visa  ) VALUES ( '26294', 'E-9'  );
INSERT INTO visa_filter ( job_code, visa  ) VALUES ( '26295', 'E-9'  );
INSERT INTO visa_filter ( job_code, visa  ) VALUES ( '26299', 'E-9'  );
INSERT INTO visa_filter ( job_code, visa  ) VALUES ( '26300', 'E-9'  );
INSERT INTO visa_filter ( job_code, visa  ) VALUES ( '26310', 'E-9'  );
INSERT INTO visa_filter ( job_code, visa  ) VALUES ( '26320', 'E-9'  );
INSERT INTO visa_filter ( job_code, visa  ) VALUES ( '26321', 'E-9'  );
INSERT INTO visa_filter ( job_code, visa  ) VALUES ( '26322', 'E-9'  );
INSERT INTO visa_filter ( job_code, visa  ) VALUES ( '26323', 'E-9'  );
INSERT INTO visa_filter ( job_code, visa  ) VALUES ( '26329', 'E-9'  );
INSERT INTO visa_filter ( job_code, visa  ) VALUES ( '26400', 'E-9'  );
INSERT INTO visa_filter ( job_code, visa  ) VALUES ( '26410', 'E-9'  );
INSERT INTO visa_filter ( job_code, visa  ) VALUES ( '26420', 'E-9'  );
INSERT INTO visa_filter ( job_code, visa  ) VALUES ( '26421', 'E-9'  );
INSERT INTO visa_filter ( job_code, visa  ) VALUES ( '26422', 'E-9'  );
INSERT INTO visa_filter ( job_code, visa  ) VALUES ( '26429', 'E-9'  );
INSERT INTO visa_filter ( job_code, visa  ) VALUES ( '26500', 'E-9'  );
INSERT INTO visa_filter ( job_code, visa  ) VALUES ( '26510', 'E-9'  );
INSERT INTO visa_filter ( job_code, visa  ) VALUES ( '26511', 'E-9'  );
INSERT INTO visa_filter ( job_code, visa  ) VALUES ( '26519', 'E-9'  );
INSERT INTO visa_filter ( job_code, visa  ) VALUES ( '26520', 'E-9'  );
INSERT INTO visa_filter ( job_code, visa  ) VALUES ( '26521', 'E-9'  );
INSERT INTO visa_filter ( job_code, visa  ) VALUES ( '26529', 'E-9'  );
INSERT INTO visa_filter ( job_code, visa  ) VALUES ( '26600', 'E-9'  );
INSERT INTO visa_filter ( job_code, visa  ) VALUES ( '27000', 'E-9'  );
INSERT INTO visa_filter ( job_code, visa  ) VALUES ( '27100', 'E-9'  );
INSERT INTO visa_filter ( job_code, visa  ) VALUES ( '27110', 'E-9'  );
INSERT INTO visa_filter ( job_code, visa  ) VALUES ( '27111', 'E-9'  );
INSERT INTO visa_filter ( job_code, visa  ) VALUES ( '27112', 'E-9'  );
INSERT INTO visa_filter ( job_code, visa  ) VALUES ( '27190', 'E-9'  );
INSERT INTO visa_filter ( job_code, visa  ) VALUES ( '27191', 'E-9'  );
INSERT INTO visa_filter ( job_code, visa  ) VALUES ( '27192', 'E-9'  );
INSERT INTO visa_filter ( job_code, visa  ) VALUES ( '27193', 'E-9'  );
INSERT INTO visa_filter ( job_code, visa  ) VALUES ( '27194', 'E-9'  );
INSERT INTO visa_filter ( job_code, visa  ) VALUES ( '27199', 'E-9'  );
INSERT INTO visa_filter ( job_code, visa  ) VALUES ( '27200', 'E-9'  );
INSERT INTO visa_filter ( job_code, visa  ) VALUES ( '27210', 'E-9'  );
INSERT INTO visa_filter ( job_code, visa  ) VALUES ( '27211', 'E-9'  );
INSERT INTO visa_filter ( job_code, visa  ) VALUES ( '27212', 'E-9'  );
INSERT INTO visa_filter ( job_code, visa  ) VALUES ( '27213', 'E-9'  );
INSERT INTO visa_filter ( job_code, visa  ) VALUES ( '27214', 'E-9'  );
INSERT INTO visa_filter ( job_code, visa  ) VALUES ( '27215', 'E-9'  );
INSERT INTO visa_filter ( job_code, visa  ) VALUES ( '27216', 'E-9'  );
INSERT INTO visa_filter ( job_code, visa  ) VALUES ( '27219', 'E-9'  );
INSERT INTO visa_filter ( job_code, visa  ) VALUES ( '27300', 'E-9'  );
INSERT INTO visa_filter ( job_code, visa  ) VALUES ( '27301', 'E-9'  );
INSERT INTO visa_filter ( job_code, visa  ) VALUES ( '27302', 'E-9'  );
INSERT INTO visa_filter ( job_code, visa  ) VALUES ( '27309', 'E-9'  );
INSERT INTO visa_filter ( job_code, visa  ) VALUES ( '27400', 'E-9'  );
INSERT INTO visa_filter ( job_code, visa  ) VALUES ( '28000', 'E-9'  );
INSERT INTO visa_filter ( job_code, visa  ) VALUES ( '28100', 'E-9'  );
INSERT INTO visa_filter ( job_code, visa  ) VALUES ( '28110', 'E-9'  );
INSERT INTO visa_filter ( job_code, visa  ) VALUES ( '28111', 'E-9'  );
INSERT INTO visa_filter ( job_code, visa  ) VALUES ( '28112', 'E-9'  );
INSERT INTO visa_filter ( job_code, visa  ) VALUES ( '28113', 'E-9'  );
INSERT INTO visa_filter ( job_code, visa  ) VALUES ( '28114', 'E-9'  );
INSERT INTO visa_filter ( job_code, visa  ) VALUES ( '28119', 'E-9'  );
INSERT INTO visa_filter ( job_code, visa  ) VALUES ( '28120', 'E-9'  );
INSERT INTO visa_filter ( job_code, visa  ) VALUES ( '28121', 'E-9'  );
INSERT INTO visa_filter ( job_code, visa  ) VALUES ( '28122', 'E-9'  );
INSERT INTO visa_filter ( job_code, visa  ) VALUES ( '28123', 'E-9'  );
INSERT INTO visa_filter ( job_code, visa  ) VALUES ( '28200', 'E-9'  );
INSERT INTO visa_filter ( job_code, visa  ) VALUES ( '28201', 'E-9'  );
INSERT INTO visa_filter ( job_code, visa  ) VALUES ( '28202', 'E-9'  );
INSERT INTO visa_filter ( job_code, visa  ) VALUES ( '28300', 'E-9'  );
INSERT INTO visa_filter ( job_code, visa  ) VALUES ( '28301', 'E-9'  );
INSERT INTO visa_filter ( job_code, visa  ) VALUES ( '28302', 'E-9'  );
INSERT INTO visa_filter ( job_code, visa  ) VALUES ( '28303', 'E-9'  );
INSERT INTO visa_filter ( job_code, visa  ) VALUES ( '28400', 'E-9'  );
INSERT INTO visa_filter ( job_code, visa  ) VALUES ( '28410', 'E-9'  );
INSERT INTO visa_filter ( job_code, visa  ) VALUES ( '28420', 'E-9'  );
INSERT INTO visa_filter ( job_code, visa  ) VALUES ( '28421', 'E-9'  );
INSERT INTO visa_filter ( job_code, visa  ) VALUES ( '28422', 'E-9'  );
INSERT INTO visa_filter ( job_code, visa  ) VALUES ( '28423', 'E-9'  );
INSERT INTO visa_filter ( job_code, visa  ) VALUES ( '28429', 'E-9'  );
INSERT INTO visa_filter ( job_code, visa  ) VALUES ( '28500', 'E-9'  );
INSERT INTO visa_filter ( job_code, visa  ) VALUES ( '28510', 'E-9'  );
INSERT INTO visa_filter ( job_code, visa  ) VALUES ( '28511', 'E-9'  );
INSERT INTO visa_filter ( job_code, visa  ) VALUES ( '28512', 'E-9'  );
INSERT INTO visa_filter ( job_code, visa  ) VALUES ( '28519', 'E-9'  );
INSERT INTO visa_filter ( job_code, visa  ) VALUES ( '28520', 'E-9'  );
INSERT INTO visa_filter ( job_code, visa  ) VALUES ( '28900', 'E-9'  );
INSERT INTO visa_filter ( job_code, visa  ) VALUES ( '28901', 'E-9'  );
INSERT INTO visa_filter ( job_code, visa  ) VALUES ( '28902', 'E-9'  );
INSERT INTO visa_filter ( job_code, visa  ) VALUES ( '28903', 'E-9'  );
INSERT INTO visa_filter ( job_code, visa  ) VALUES ( '28909', 'E-9'  );
INSERT INTO visa_filter ( job_code, visa  ) VALUES ( '29000', 'E-9'  );
INSERT INTO visa_filter ( job_code, visa  ) VALUES ( '29100', 'E-9'  );
INSERT INTO visa_filter ( job_code, visa  ) VALUES ( '29110', 'E-9'  );
INSERT INTO visa_filter ( job_code, visa  ) VALUES ( '29111', 'E-9'  );
INSERT INTO visa_filter ( job_code, visa  ) VALUES ( '29119', 'E-9'  );
INSERT INTO visa_filter ( job_code, visa  ) VALUES ( '29120', 'E-9'  );
INSERT INTO visa_filter ( job_code, visa  ) VALUES ( '29130', 'E-9'  );
INSERT INTO visa_filter ( job_code, visa  ) VALUES ( '29131', 'E-9'  );
INSERT INTO visa_filter ( job_code, visa  ) VALUES ( '29132', 'E-9'  );
INSERT INTO visa_filter ( job_code, visa  ) VALUES ( '29133', 'E-9'  );
INSERT INTO visa_filter ( job_code, visa  ) VALUES ( '29140', 'E-9'  );
INSERT INTO visa_filter ( job_code, visa  ) VALUES ( '29141', 'E-9'  );
INSERT INTO visa_filter ( job_code, visa  ) VALUES ( '29142', 'E-9'  );
INSERT INTO visa_filter ( job_code, visa  ) VALUES ( '29150', 'E-9'  );
INSERT INTO visa_filter ( job_code, visa  ) VALUES ( '29160', 'E-9'  );
INSERT INTO visa_filter ( job_code, visa  ) VALUES ( '29161', 'E-9'  );
INSERT INTO visa_filter ( job_code, visa  ) VALUES ( '29162', 'E-9'  );
INSERT INTO visa_filter ( job_code, visa  ) VALUES ( '29163', 'E-9'  );
INSERT INTO visa_filter ( job_code, visa  ) VALUES ( '29169', 'E-9'  );
INSERT INTO visa_filter ( job_code, visa  ) VALUES ( '29170', 'E-9'  );
INSERT INTO visa_filter ( job_code, visa  ) VALUES ( '29171', 'E-9'  );
INSERT INTO visa_filter ( job_code, visa  ) VALUES ( '29172', 'E-9'  );
INSERT INTO visa_filter ( job_code, visa  ) VALUES ( '29173', 'E-9'  );
INSERT INTO visa_filter ( job_code, visa  ) VALUES ( '29174', 'E-9'  );
INSERT INTO visa_filter ( job_code, visa  ) VALUES ( '29175', 'E-9'  );
INSERT INTO visa_filter ( job_code, visa  ) VALUES ( '29176', 'E-9'  );
INSERT INTO visa_filter ( job_code, visa  ) VALUES ( '29180', 'E-9'  );
INSERT INTO visa_filter ( job_code, visa  ) VALUES ( '29190', 'E-9'  );
INSERT INTO visa_filter ( job_code, visa  ) VALUES ( '29191', 'E-9'  );
INSERT INTO visa_filter ( job_code, visa  ) VALUES ( '29192', 'E-9'  );
INSERT INTO visa_filter ( job_code, visa  ) VALUES ( '29193', 'E-9'  );
INSERT INTO visa_filter ( job_code, visa  ) VALUES ( '29194', 'E-9'  );
INSERT INTO visa_filter ( job_code, visa  ) VALUES ( '29199', 'E-9'  );
INSERT INTO visa_filter ( job_code, visa  ) VALUES ( '29200', 'E-9'  );
INSERT INTO visa_filter ( job_code, visa  ) VALUES ( '29210', 'E-9'  );
INSERT INTO visa_filter ( job_code, visa  ) VALUES ( '29220', 'E-9'  );
INSERT INTO visa_filter ( job_code, visa  ) VALUES ( '29221', 'E-9'  );
INSERT INTO visa_filter ( job_code, visa  ) VALUES ( '29222', 'E-9'  );
INSERT INTO visa_filter ( job_code, visa  ) VALUES ( '29223', 'E-9'  );
INSERT INTO visa_filter ( job_code, visa  ) VALUES ( '29224', 'E-9'  );
INSERT INTO visa_filter ( job_code, visa  ) VALUES ( '29229', 'E-9'  );
INSERT INTO visa_filter ( job_code, visa  ) VALUES ( '29230', 'E-9'  );
INSERT INTO visa_filter ( job_code, visa  ) VALUES ( '29240', 'E-9'  );
INSERT INTO visa_filter ( job_code, visa  ) VALUES ( '29241', 'E-9'  );
INSERT INTO visa_filter ( job_code, visa  ) VALUES ( '29242', 'E-9'  );
INSERT INTO visa_filter ( job_code, visa  ) VALUES ( '29250', 'E-9'  );
INSERT INTO visa_filter ( job_code, visa  ) VALUES ( '29260', 'E-9'  );
INSERT INTO visa_filter ( job_code, visa  ) VALUES ( '29261', 'E-9'  );
INSERT INTO visa_filter ( job_code, visa  ) VALUES ( '29269', 'E-9'  );
INSERT INTO visa_filter ( job_code, visa  ) VALUES ( '29270', 'E-9'  );
INSERT INTO visa_filter ( job_code, visa  ) VALUES ( '29271', 'E-9'  );
INSERT INTO visa_filter ( job_code, visa  ) VALUES ( '29272', 'E-9'  );
INSERT INTO visa_filter ( job_code, visa  ) VALUES ( '29280', 'E-9'  );
INSERT INTO visa_filter ( job_code, visa  ) VALUES ( '29290', 'E-9'  );
INSERT INTO visa_filter ( job_code, visa  ) VALUES ( '29291', 'E-9'  );
INSERT INTO visa_filter ( job_code, visa  ) VALUES ( '29292', 'E-9'  );
INSERT INTO visa_filter ( job_code, visa  ) VALUES ( '29293', 'E-9'  );
INSERT INTO visa_filter ( job_code, visa  ) VALUES ( '29294', 'E-9'  );
INSERT INTO visa_filter ( job_code, visa  ) VALUES ( '29299', 'E-9'  );
INSERT INTO visa_filter ( job_code, visa  ) VALUES ( '30000', 'E-9'  );
INSERT INTO visa_filter ( job_code, visa  ) VALUES ( '30100', 'E-9'  );
INSERT INTO visa_filter ( job_code, visa  ) VALUES ( '30110', 'E-9'  );
INSERT INTO visa_filter ( job_code, visa  ) VALUES ( '30120', 'E-9'  );
INSERT INTO visa_filter ( job_code, visa  ) VALUES ( '30121', 'E-9'  );
INSERT INTO visa_filter ( job_code, visa  ) VALUES ( '30122', 'E-9'  );
INSERT INTO visa_filter ( job_code, visa  ) VALUES ( '30200', 'E-9'  );
INSERT INTO visa_filter ( job_code, visa  ) VALUES ( '30201', 'E-9'  );
INSERT INTO visa_filter ( job_code, visa  ) VALUES ( '30202', 'E-9'  );
INSERT INTO visa_filter ( job_code, visa  ) VALUES ( '30203', 'E-9'  );
INSERT INTO visa_filter ( job_code, visa  ) VALUES ( '30300', 'E-9'  );
INSERT INTO visa_filter ( job_code, visa  ) VALUES ( '30310', 'E-9'  );
INSERT INTO visa_filter ( job_code, visa  ) VALUES ( '30320', 'E-9'  );
INSERT INTO visa_filter ( job_code, visa  ) VALUES ( '30330', 'E-9'  );
INSERT INTO visa_filter ( job_code, visa  ) VALUES ( '30331', 'E-9'  );
INSERT INTO visa_filter ( job_code, visa  ) VALUES ( '30332', 'E-9'  );
INSERT INTO visa_filter ( job_code, visa  ) VALUES ( '30390', 'E-9'  );
INSERT INTO visa_filter ( job_code, visa  ) VALUES ( '30391', 'E-9'  );
INSERT INTO visa_filter ( job_code, visa  ) VALUES ( '30392', 'E-9'  );
INSERT INTO visa_filter ( job_code, visa  ) VALUES ( '30393', 'E-9'  );
INSERT INTO visa_filter ( job_code, visa  ) VALUES ( '30399', 'E-9'  );
INSERT INTO visa_filter ( job_code, visa  ) VALUES ( '30400', 'E-9'  );
INSERT INTO visa_filter ( job_code, visa  ) VALUES ( '31000', 'E-9'  );
INSERT INTO visa_filter ( job_code, visa  ) VALUES ( '31100', 'E-9'  );
INSERT INTO visa_filter ( job_code, visa  ) VALUES ( '31110', 'E-9'  );
INSERT INTO visa_filter ( job_code, visa  ) VALUES ( '31111', 'E-9'  );
INSERT INTO visa_filter ( job_code, visa  ) VALUES ( '31112', 'E-9'  );
INSERT INTO visa_filter ( job_code, visa  ) VALUES ( '31113', 'E-9'  );
INSERT INTO visa_filter ( job_code, visa  ) VALUES ( '31114', 'E-9'  );
INSERT INTO visa_filter ( job_code, visa  ) VALUES ( '31120', 'E-9'  );
INSERT INTO visa_filter ( job_code, visa  ) VALUES ( '31200', 'E-9'  );
INSERT INTO visa_filter ( job_code, visa  ) VALUES ( '31201', 'E-9'  );
INSERT INTO visa_filter ( job_code, visa  ) VALUES ( '31202', 'E-9'  );
INSERT INTO visa_filter ( job_code, visa  ) VALUES ( '31300', 'E-9'  );
INSERT INTO visa_filter ( job_code, visa  ) VALUES ( '31310', 'E-9'  );
INSERT INTO visa_filter ( job_code, visa  ) VALUES ( '31311', 'E-9'  );
INSERT INTO visa_filter ( job_code, visa  ) VALUES ( '31312', 'E-9'  );
INSERT INTO visa_filter ( job_code, visa  ) VALUES ( '31320', 'E-9'  );
INSERT INTO visa_filter ( job_code, visa  ) VALUES ( '31321', 'E-9'  );
INSERT INTO visa_filter ( job_code, visa  ) VALUES ( '31322', 'E-9'  );
INSERT INTO visa_filter ( job_code, visa  ) VALUES ( '31900', 'E-9'  );
INSERT INTO visa_filter ( job_code, visa  ) VALUES ( '31910', 'E-9'  );
INSERT INTO visa_filter ( job_code, visa  ) VALUES ( '31920', 'E-9'  );
INSERT INTO visa_filter ( job_code, visa  ) VALUES ( '31990', 'E-9'  );
INSERT INTO visa_filter ( job_code, visa  ) VALUES ( '31991', 'E-9'  );
INSERT INTO visa_filter ( job_code, visa  ) VALUES ( '31999', 'E-9'  );
INSERT INTO visa_filter ( job_code, visa  ) VALUES ( '32000', 'E-9'  );
INSERT INTO visa_filter ( job_code, visa  ) VALUES ( '32010', 'E-9'  );
INSERT INTO visa_filter ( job_code, visa  ) VALUES ( '32011', 'E-9'  );
INSERT INTO visa_filter ( job_code, visa  ) VALUES ( '32019', 'E-9'  );
INSERT INTO visa_filter ( job_code, visa  ) VALUES ( '32020', 'E-9'  );
INSERT INTO visa_filter ( job_code, visa  ) VALUES ( '32021', 'E-9'  );
INSERT INTO visa_filter ( job_code, visa  ) VALUES ( '32029', 'E-9'  );
INSERT INTO visa_filter ( job_code, visa  ) VALUES ( '32090', 'E-9'  );
INSERT INTO visa_filter ( job_code, visa  ) VALUES ( '32091', 'E-9'  );
INSERT INTO visa_filter ( job_code, visa  ) VALUES ( '32099', 'E-9'  );
INSERT INTO visa_filter ( job_code, visa  ) VALUES ( '33000', 'E-9'  );
INSERT INTO visa_filter ( job_code, visa  ) VALUES ( '33100', 'E-9'  );
INSERT INTO visa_filter ( job_code, visa  ) VALUES ( '33110', 'E-9'  );
INSERT INTO visa_filter ( job_code, visa  ) VALUES ( '33120', 'E-9'  );
INSERT INTO visa_filter ( job_code, visa  ) VALUES ( '33200', 'E-9'  );
INSERT INTO visa_filter ( job_code, visa  ) VALUES ( '33201', 'E-9'  );
INSERT INTO visa_filter ( job_code, visa  ) VALUES ( '33202', 'E-9'  );
INSERT INTO visa_filter ( job_code, visa  ) VALUES ( '33209', 'E-9'  );
INSERT INTO visa_filter ( job_code, visa  ) VALUES ( '33300', 'E-9'  );
INSERT INTO visa_filter ( job_code, visa  ) VALUES ( '33301', 'E-9'  );
INSERT INTO visa_filter ( job_code, visa  ) VALUES ( '33302', 'E-9'  );
INSERT INTO visa_filter ( job_code, visa  ) VALUES ( '33303', 'E-9'  );
INSERT INTO visa_filter ( job_code, visa  ) VALUES ( '33309', 'E-9'  );
INSERT INTO visa_filter ( job_code, visa  ) VALUES ( '33400', 'E-9'  );
INSERT INTO visa_filter ( job_code, visa  ) VALUES ( '33401', 'E-9'  );
INSERT INTO visa_filter ( job_code, visa  ) VALUES ( '33402', 'E-9'  );
INSERT INTO visa_filter ( job_code, visa  ) VALUES ( '33409', 'E-9'  );
INSERT INTO visa_filter ( job_code, visa  ) VALUES ( '33900', 'E-9'  );
INSERT INTO visa_filter ( job_code, visa  ) VALUES ( '33910', 'E-9'  );
INSERT INTO visa_filter ( job_code, visa  ) VALUES ( '33920', 'E-9'  );
INSERT INTO visa_filter ( job_code, visa  ) VALUES ( '33930', 'E-9'  );
INSERT INTO visa_filter ( job_code, visa  ) VALUES ( '33931', 'E-9'  );
INSERT INTO visa_filter ( job_code, visa  ) VALUES ( '33932', 'E-9'  );
INSERT INTO visa_filter ( job_code, visa  ) VALUES ( '33933', 'E-9'  );
INSERT INTO visa_filter ( job_code, visa  ) VALUES ( '33990', 'E-9'  );
INSERT INTO visa_filter ( job_code, visa  ) VALUES ( '33991', 'E-9'  );
INSERT INTO visa_filter ( job_code, visa  ) VALUES ( '33992', 'E-9'  );
INSERT INTO visa_filter ( job_code, visa  ) VALUES ( '33993', 'E-9'  );
INSERT INTO visa_filter ( job_code, visa  ) VALUES ( '33999', 'E-9'  );
INSERT INTO visa_filter ( job_code, visa  ) VALUES ( '34000', 'E-9'  );
INSERT INTO visa_filter ( job_code, visa  ) VALUES ( '34010', 'E-9'  );
INSERT INTO visa_filter ( job_code, visa  ) VALUES ( '34011', 'E-9'  );
INSERT INTO visa_filter ( job_code, visa  ) VALUES ( '34019', 'E-9'  );
INSERT INTO visa_filter ( job_code, visa  ) VALUES ( '34020', 'E-9'  );
INSERT INTO visa_filter ( job_code, visa  ) VALUES ( '38000', 'E-9'  );
INSERT INTO visa_filter ( job_code, visa  ) VALUES ( '38230', 'E-9'  );
INSERT INTO visa_filter ( job_code, visa  ) VALUES ( '41000', 'E-9'  );
INSERT INTO visa_filter ( job_code, visa  ) VALUES ( '41100', 'E-9'  );
INSERT INTO visa_filter ( job_code, visa  ) VALUES ( '41111', 'E-9'  );
INSERT INTO visa_filter ( job_code, visa  ) VALUES ( '41112', 'E-9'  );
INSERT INTO visa_filter ( job_code, visa  ) VALUES ( '41119', 'E-9'  );
INSERT INTO visa_filter ( job_code, visa  ) VALUES ( '41120', 'E-9'  );
INSERT INTO visa_filter ( job_code, visa  ) VALUES ( '41121', 'E-9'  );
INSERT INTO visa_filter ( job_code, visa  ) VALUES ( '41122', 'E-9'  );
INSERT INTO visa_filter ( job_code, visa  ) VALUES ( '41129', 'E-9'  );
INSERT INTO visa_filter ( job_code, visa  ) VALUES ( '41200', 'E-9'  );
INSERT INTO visa_filter ( job_code, visa  ) VALUES ( '41210', 'E-9'  );
INSERT INTO visa_filter ( job_code, visa  ) VALUES ( '41220', 'E-9'  );
INSERT INTO visa_filter ( job_code, visa  ) VALUES ( '41221', 'E-9'  );
INSERT INTO visa_filter ( job_code, visa  ) VALUES ( '41222', 'E-9'  );
INSERT INTO visa_filter ( job_code, visa  ) VALUES ( '41223', 'E-9'  );
INSERT INTO visa_filter ( job_code, visa  ) VALUES ( '41224', 'E-9'  );
INSERT INTO visa_filter ( job_code, visa  ) VALUES ( '41225', 'E-9'  );
INSERT INTO visa_filter ( job_code, visa  ) VALUES ( '41226', 'E-9'  );
INSERT INTO visa_filter ( job_code, visa  ) VALUES ( '41229', 'E-9'  );
INSERT INTO visa_filter ( job_code, visa  ) VALUES ( '46102', 'E-9'  );
INSERT INTO visa_filter ( job_code, visa  ) VALUES ( '46319', 'E-9'  );
INSERT INTO visa_filter ( job_code, visa  ) VALUES ( '46791', 'E-9'  );
INSERT INTO visa_filter ( job_code, visa  ) VALUES ( '49401', 'E-9'  );
INSERT INTO visa_filter ( job_code, visa  ) VALUES ( '52102', 'E-9'  );
INSERT INTO visa_filter ( job_code, visa  ) VALUES ( '52939', 'E-9'  );
INSERT INTO visa_filter ( job_code, visa  ) VALUES ( '52941', 'E-9'  );
INSERT INTO visa_filter ( job_code, visa  ) VALUES ( '58000', 'E-9'  );
INSERT INTO visa_filter ( job_code, visa  ) VALUES ( '59201', 'E-9'  );
INSERT INTO visa_filter ( job_code, visa  ) VALUES ( '01100', 'H-2'  );
INSERT INTO visa_filter ( job_code, visa  ) VALUES ( '01200', 'H-2'  );
INSERT INTO visa_filter ( job_code, visa  ) VALUES ( '01400', 'H-2'  );
INSERT INTO visa_filter ( job_code, visa  ) VALUES ( '03112', 'H-2'  );
INSERT INTO visa_filter ( job_code, visa  ) VALUES ( '03210', 'H-2'  );
INSERT INTO visa_filter ( job_code, visa  ) VALUES ( '07220', 'H-2'  );
INSERT INTO visa_filter ( job_code, visa  ) VALUES ( '10000', 'H-2'  );
INSERT INTO visa_filter ( job_code, visa  ) VALUES ( '10100', 'H-2'  );
INSERT INTO visa_filter ( job_code, visa  ) VALUES ( '10110', 'H-2'  );
INSERT INTO visa_filter ( job_code, visa  ) VALUES ( '10111', 'H-2'  );
INSERT INTO visa_filter ( job_code, visa  ) VALUES ( '10112', 'H-2'  );
INSERT INTO visa_filter ( job_code, visa  ) VALUES ( '10120', 'H-2'  );
INSERT INTO visa_filter ( job_code, visa  ) VALUES ( '10121', 'H-2'  );
INSERT INTO visa_filter ( job_code, visa  ) VALUES ( '10122', 'H-2'  );
INSERT INTO visa_filter ( job_code, visa  ) VALUES ( '10129', 'H-2'  );
INSERT INTO visa_filter ( job_code, visa  ) VALUES ( '10200', 'H-2'  );
INSERT INTO visa_filter ( job_code, visa  ) VALUES ( '10210', 'H-2'  );
INSERT INTO visa_filter ( job_code, visa  ) VALUES ( '10211', 'H-2'  );
INSERT INTO visa_filter ( job_code, visa  ) VALUES ( '10212', 'H-2'  );
INSERT INTO visa_filter ( job_code, visa  ) VALUES ( '10213', 'H-2'  );
INSERT INTO visa_filter ( job_code, visa  ) VALUES ( '10219', 'H-2'  );
INSERT INTO visa_filter ( job_code, visa  ) VALUES ( '10220', 'H-2'  );
INSERT INTO visa_filter ( job_code, visa  ) VALUES ( '10300', 'H-2'  );
INSERT INTO visa_filter ( job_code, visa  ) VALUES ( '10301', 'H-2'  );
INSERT INTO visa_filter ( job_code, visa  ) VALUES ( '10302', 'H-2'  );
INSERT INTO visa_filter ( job_code, visa  ) VALUES ( '10309', 'H-2'  );
INSERT INTO visa_filter ( job_code, visa  ) VALUES ( '10400', 'H-2'  );
INSERT INTO visa_filter ( job_code, visa  ) VALUES ( '10401', 'H-2'  );
INSERT INTO visa_filter ( job_code, visa  ) VALUES ( '10402', 'H-2'  );
INSERT INTO visa_filter ( job_code, visa  ) VALUES ( '10403', 'H-2'  );
INSERT INTO visa_filter ( job_code, visa  ) VALUES ( '10500', 'H-2'  );
INSERT INTO visa_filter ( job_code, visa  ) VALUES ( '10501', 'H-2'  );
INSERT INTO visa_filter ( job_code, visa  ) VALUES ( '10502', 'H-2'  );
INSERT INTO visa_filter ( job_code, visa  ) VALUES ( '10600', 'H-2'  );
INSERT INTO visa_filter ( job_code, visa  ) VALUES ( '10610', 'H-2'  );
INSERT INTO visa_filter ( job_code, visa  ) VALUES ( '10611', 'H-2'  );
INSERT INTO visa_filter ( job_code, visa  ) VALUES ( '10612', 'H-2'  );
INSERT INTO visa_filter ( job_code, visa  ) VALUES ( '10613', 'H-2'  );
INSERT INTO visa_filter ( job_code, visa  ) VALUES ( '10619', 'H-2'  );
INSERT INTO visa_filter ( job_code, visa  ) VALUES ( '10620', 'H-2'  );
INSERT INTO visa_filter ( job_code, visa  ) VALUES ( '10700', 'H-2'  );
INSERT INTO visa_filter ( job_code, visa  ) VALUES ( '10710', 'H-2'  );
INSERT INTO visa_filter ( job_code, visa  ) VALUES ( '10711', 'H-2'  );
INSERT INTO visa_filter ( job_code, visa  ) VALUES ( '10712', 'H-2'  );
INSERT INTO visa_filter ( job_code, visa  ) VALUES ( '10713', 'H-2'  );
INSERT INTO visa_filter ( job_code, visa  ) VALUES ( '10720', 'H-2'  );
INSERT INTO visa_filter ( job_code, visa  ) VALUES ( '10730', 'H-2'  );
INSERT INTO visa_filter ( job_code, visa  ) VALUES ( '10740', 'H-2'  );
INSERT INTO visa_filter ( job_code, visa  ) VALUES ( '10741', 'H-2'  );
INSERT INTO visa_filter ( job_code, visa  ) VALUES ( '10742', 'H-2'  );
INSERT INTO visa_filter ( job_code, visa  ) VALUES ( '10743', 'H-2'  );
INSERT INTO visa_filter ( job_code, visa  ) VALUES ( '10749', 'H-2'  );
INSERT INTO visa_filter ( job_code, visa  ) VALUES ( '10750', 'H-2'  );
INSERT INTO visa_filter ( job_code, visa  ) VALUES ( '10751', 'H-2'  );
INSERT INTO visa_filter ( job_code, visa  ) VALUES ( '10759', 'H-2'  );
INSERT INTO visa_filter ( job_code, visa  ) VALUES ( '10790', 'H-2'  );
INSERT INTO visa_filter ( job_code, visa  ) VALUES ( '10791', 'H-2'  );
INSERT INTO visa_filter ( job_code, visa  ) VALUES ( '10792', 'H-2'  );
INSERT INTO visa_filter ( job_code, visa  ) VALUES ( '10793', 'H-2'  );
INSERT INTO visa_filter ( job_code, visa  ) VALUES ( '10794', 'H-2'  );
INSERT INTO visa_filter ( job_code, visa  ) VALUES ( '10795', 'H-2'  );
INSERT INTO visa_filter ( job_code, visa  ) VALUES ( '10796', 'H-2'  );
INSERT INTO visa_filter ( job_code, visa  ) VALUES ( '10797', 'H-2'  );
INSERT INTO visa_filter ( job_code, visa  ) VALUES ( '10799', 'H-2'  );
INSERT INTO visa_filter ( job_code, visa  ) VALUES ( '10800', 'H-2'  );
INSERT INTO visa_filter ( job_code, visa  ) VALUES ( '10801', 'H-2'  );
INSERT INTO visa_filter ( job_code, visa  ) VALUES ( '10802', 'H-2'  );
INSERT INTO visa_filter ( job_code, visa  ) VALUES ( '11000', 'H-2'  );
INSERT INTO visa_filter ( job_code, visa  ) VALUES ( '11100', 'H-2'  );
INSERT INTO visa_filter ( job_code, visa  ) VALUES ( '11110', 'H-2'  );
INSERT INTO visa_filter ( job_code, visa  ) VALUES ( '11111', 'H-2'  );
INSERT INTO visa_filter ( job_code, visa  ) VALUES ( '11112', 'H-2'  );
INSERT INTO visa_filter ( job_code, visa  ) VALUES ( '11119', 'H-2'  );
INSERT INTO visa_filter ( job_code, visa  ) VALUES ( '11120', 'H-2'  );
INSERT INTO visa_filter ( job_code, visa  ) VALUES ( '11121', 'H-2'  );
INSERT INTO visa_filter ( job_code, visa  ) VALUES ( '11122', 'H-2'  );
INSERT INTO visa_filter ( job_code, visa  ) VALUES ( '11129', 'H-2'  );
INSERT INTO visa_filter ( job_code, visa  ) VALUES ( '11200', 'H-2'  );
INSERT INTO visa_filter ( job_code, visa  ) VALUES ( '11201', 'H-2'  );
INSERT INTO visa_filter ( job_code, visa  ) VALUES ( '11202', 'H-2'  );
INSERT INTO visa_filter ( job_code, visa  ) VALUES ( '11209', 'H-2'  );
INSERT INTO visa_filter ( job_code, visa  ) VALUES ( '12000', 'H-2'  );
INSERT INTO visa_filter ( job_code, visa  ) VALUES ( '13000', 'H-2'  );
INSERT INTO visa_filter ( job_code, visa  ) VALUES ( '13100', 'H-2'  );
INSERT INTO visa_filter ( job_code, visa  ) VALUES ( '13101', 'H-2'  );
INSERT INTO visa_filter ( job_code, visa  ) VALUES ( '13102', 'H-2'  );
INSERT INTO visa_filter ( job_code, visa  ) VALUES ( '13103', 'H-2'  );
INSERT INTO visa_filter ( job_code, visa  ) VALUES ( '13104', 'H-2'  );
INSERT INTO visa_filter ( job_code, visa  ) VALUES ( '13109', 'H-2'  );
INSERT INTO visa_filter ( job_code, visa  ) VALUES ( '13200', 'H-2'  );
INSERT INTO visa_filter ( job_code, visa  ) VALUES ( '13210', 'H-2'  );
INSERT INTO visa_filter ( job_code, visa  ) VALUES ( '13211', 'H-2'  );
INSERT INTO visa_filter ( job_code, visa  ) VALUES ( '13212', 'H-2'  );
INSERT INTO visa_filter ( job_code, visa  ) VALUES ( '13213', 'H-2'  );
INSERT INTO visa_filter ( job_code, visa  ) VALUES ( '13219', 'H-2'  );
INSERT INTO visa_filter ( job_code, visa  ) VALUES ( '13220', 'H-2'  );
INSERT INTO visa_filter ( job_code, visa  ) VALUES ( '13221', 'H-2'  );
INSERT INTO visa_filter ( job_code, visa  ) VALUES ( '13222', 'H-2'  );
INSERT INTO visa_filter ( job_code, visa  ) VALUES ( '13223', 'H-2'  );
INSERT INTO visa_filter ( job_code, visa  ) VALUES ( '13224', 'H-2'  );
INSERT INTO visa_filter ( job_code, visa  ) VALUES ( '13225', 'H-2'  );
INSERT INTO visa_filter ( job_code, visa  ) VALUES ( '13229', 'H-2'  );
INSERT INTO visa_filter ( job_code, visa  ) VALUES ( '13300', 'H-2'  );
INSERT INTO visa_filter ( job_code, visa  ) VALUES ( '13400', 'H-2'  );
INSERT INTO visa_filter ( job_code, visa  ) VALUES ( '13401', 'H-2'  );
INSERT INTO visa_filter ( job_code, visa  ) VALUES ( '13402', 'H-2'  );
INSERT INTO visa_filter ( job_code, visa  ) VALUES ( '13403', 'H-2'  );
INSERT INTO visa_filter ( job_code, visa  ) VALUES ( '13409', 'H-2'  );
INSERT INTO visa_filter ( job_code, visa  ) VALUES ( '13900', 'H-2'  );
INSERT INTO visa_filter ( job_code, visa  ) VALUES ( '13910', 'H-2'  );
INSERT INTO visa_filter ( job_code, visa  ) VALUES ( '13920', 'H-2'  );
INSERT INTO visa_filter ( job_code, visa  ) VALUES ( '13921', 'H-2'  );
INSERT INTO visa_filter ( job_code, visa  ) VALUES ( '13922', 'H-2'  );
INSERT INTO visa_filter ( job_code, visa  ) VALUES ( '13990', 'H-2'  );
INSERT INTO visa_filter ( job_code, visa  ) VALUES ( '13991', 'H-2'  );
INSERT INTO visa_filter ( job_code, visa  ) VALUES ( '13992', 'H-2'  );
INSERT INTO visa_filter ( job_code, visa  ) VALUES ( '13993', 'H-2'  );
INSERT INTO visa_filter ( job_code, visa  ) VALUES ( '13994', 'H-2'  );
INSERT INTO visa_filter ( job_code, visa  ) VALUES ( '13999', 'H-2'  );
INSERT INTO visa_filter ( job_code, visa  ) VALUES ( '14000', 'H-2'  );
INSERT INTO visa_filter ( job_code, visa  ) VALUES ( '14100', 'H-2'  );
INSERT INTO visa_filter ( job_code, visa  ) VALUES ( '14110', 'H-2'  );
INSERT INTO visa_filter ( job_code, visa  ) VALUES ( '14111', 'H-2'  );
INSERT INTO visa_filter ( job_code, visa  ) VALUES ( '14112', 'H-2'  );
INSERT INTO visa_filter ( job_code, visa  ) VALUES ( '14120', 'H-2'  );
INSERT INTO visa_filter ( job_code, visa  ) VALUES ( '14130', 'H-2'  );
INSERT INTO visa_filter ( job_code, visa  ) VALUES ( '14190', 'H-2'  );
INSERT INTO visa_filter ( job_code, visa  ) VALUES ( '14191', 'H-2'  );
INSERT INTO visa_filter ( job_code, visa  ) VALUES ( '14192', 'H-2'  );
INSERT INTO visa_filter ( job_code, visa  ) VALUES ( '14193', 'H-2'  );
INSERT INTO visa_filter ( job_code, visa  ) VALUES ( '14194', 'H-2'  );
INSERT INTO visa_filter ( job_code, visa  ) VALUES ( '14199', 'H-2'  );
INSERT INTO visa_filter ( job_code, visa  ) VALUES ( '14200', 'H-2'  );
INSERT INTO visa_filter ( job_code, visa  ) VALUES ( '14300', 'H-2'  );
INSERT INTO visa_filter ( job_code, visa  ) VALUES ( '14400', 'H-2'  );
INSERT INTO visa_filter ( job_code, visa  ) VALUES ( '14410', 'H-2'  );
INSERT INTO visa_filter ( job_code, visa  ) VALUES ( '14411', 'H-2'  );
INSERT INTO visa_filter ( job_code, visa  ) VALUES ( '14419', 'H-2'  );
INSERT INTO visa_filter ( job_code, visa  ) VALUES ( '14490', 'H-2'  );
INSERT INTO visa_filter ( job_code, visa  ) VALUES ( '14491', 'H-2'  );
INSERT INTO visa_filter ( job_code, visa  ) VALUES ( '14499', 'H-2'  );
INSERT INTO visa_filter ( job_code, visa  ) VALUES ( '15000', 'H-2'  );
INSERT INTO visa_filter ( job_code, visa  ) VALUES ( '15100', 'H-2'  );
INSERT INTO visa_filter ( job_code, visa  ) VALUES ( '15110', 'H-2'  );
INSERT INTO visa_filter ( job_code, visa  ) VALUES ( '15120', 'H-2'  );
INSERT INTO visa_filter ( job_code, visa  ) VALUES ( '15121', 'H-2'  );
INSERT INTO visa_filter ( job_code, visa  ) VALUES ( '15129', 'H-2'  );
INSERT INTO visa_filter ( job_code, visa  ) VALUES ( '15190', 'H-2'  );
INSERT INTO visa_filter ( job_code, visa  ) VALUES ( '15200', 'H-2'  );
INSERT INTO visa_filter ( job_code, visa  ) VALUES ( '15210', 'H-2'  );
INSERT INTO visa_filter ( job_code, visa  ) VALUES ( '15211', 'H-2'  );
INSERT INTO visa_filter ( job_code, visa  ) VALUES ( '15219', 'H-2'  );
INSERT INTO visa_filter ( job_code, visa  ) VALUES ( '15220', 'H-2'  );
INSERT INTO visa_filter ( job_code, visa  ) VALUES ( '16000', 'H-2'  );
INSERT INTO visa_filter ( job_code, visa  ) VALUES ( '16100', 'H-2'  );
INSERT INTO visa_filter ( job_code, visa  ) VALUES ( '16101', 'H-2'  );
INSERT INTO visa_filter ( job_code, visa  ) VALUES ( '16102', 'H-2'  );
INSERT INTO visa_filter ( job_code, visa  ) VALUES ( '16103', 'H-2'  );
INSERT INTO visa_filter ( job_code, visa  ) VALUES ( '16200', 'H-2'  );
INSERT INTO visa_filter ( job_code, visa  ) VALUES ( '16210', 'H-2'  );
INSERT INTO visa_filter ( job_code, visa  ) VALUES ( '16211', 'H-2'  );
INSERT INTO visa_filter ( job_code, visa  ) VALUES ( '16212', 'H-2'  );
INSERT INTO visa_filter ( job_code, visa  ) VALUES ( '16220', 'H-2'  );
INSERT INTO visa_filter ( job_code, visa  ) VALUES ( '16221', 'H-2'  );
INSERT INTO visa_filter ( job_code, visa  ) VALUES ( '16229', 'H-2'  );
INSERT INTO visa_filter ( job_code, visa  ) VALUES ( '16230', 'H-2'  );
INSERT INTO visa_filter ( job_code, visa  ) VALUES ( '16231', 'H-2'  );
INSERT INTO visa_filter ( job_code, visa  ) VALUES ( '16232', 'H-2'  );
INSERT INTO visa_filter ( job_code, visa  ) VALUES ( '16290', 'H-2'  );
INSERT INTO visa_filter ( job_code, visa  ) VALUES ( '16291', 'H-2'  );
INSERT INTO visa_filter ( job_code, visa  ) VALUES ( '16292', 'H-2'  );
INSERT INTO visa_filter ( job_code, visa  ) VALUES ( '16299', 'H-2'  );
INSERT INTO visa_filter ( job_code, visa  ) VALUES ( '16300', 'H-2'  );
INSERT INTO visa_filter ( job_code, visa  ) VALUES ( '17000', 'H-2'  );
INSERT INTO visa_filter ( job_code, visa  ) VALUES ( '17100', 'H-2'  );
INSERT INTO visa_filter ( job_code, visa  ) VALUES ( '17110', 'H-2'  );
INSERT INTO visa_filter ( job_code, visa  ) VALUES ( '17120', 'H-2'  );
INSERT INTO visa_filter ( job_code, visa  ) VALUES ( '17121', 'H-2'  );
INSERT INTO visa_filter ( job_code, visa  ) VALUES ( '17122', 'H-2'  );
INSERT INTO visa_filter ( job_code, visa  ) VALUES ( '17123', 'H-2'  );
INSERT INTO visa_filter ( job_code, visa  ) VALUES ( '17124', 'H-2'  );
INSERT INTO visa_filter ( job_code, visa  ) VALUES ( '17125', 'H-2'  );
INSERT INTO visa_filter ( job_code, visa  ) VALUES ( '17129', 'H-2'  );
INSERT INTO visa_filter ( job_code, visa  ) VALUES ( '17200', 'H-2'  );
INSERT INTO visa_filter ( job_code, visa  ) VALUES ( '17210', 'H-2'  );
INSERT INTO visa_filter ( job_code, visa  ) VALUES ( '17211', 'H-2'  );
INSERT INTO visa_filter ( job_code, visa  ) VALUES ( '17212', 'H-2'  );
INSERT INTO visa_filter ( job_code, visa  ) VALUES ( '17220', 'H-2'  );
INSERT INTO visa_filter ( job_code, visa  ) VALUES ( '17221', 'H-2'  );
INSERT INTO visa_filter ( job_code, visa  ) VALUES ( '17222', 'H-2'  );
INSERT INTO visa_filter ( job_code, visa  ) VALUES ( '17223', 'H-2'  );
INSERT INTO visa_filter ( job_code, visa  ) VALUES ( '17229', 'H-2'  );
INSERT INTO visa_filter ( job_code, visa  ) VALUES ( '17900', 'H-2'  );
INSERT INTO visa_filter ( job_code, visa  ) VALUES ( '17901', 'H-2'  );
INSERT INTO visa_filter ( job_code, visa  ) VALUES ( '17902', 'H-2'  );
INSERT INTO visa_filter ( job_code, visa  ) VALUES ( '17903', 'H-2'  );
INSERT INTO visa_filter ( job_code, visa  ) VALUES ( '17909', 'H-2'  );
INSERT INTO visa_filter ( job_code, visa  ) VALUES ( '18000', 'H-2'  );
INSERT INTO visa_filter ( job_code, visa  ) VALUES ( '18100', 'H-2'  );
INSERT INTO visa_filter ( job_code, visa  ) VALUES ( '18110', 'H-2'  );
INSERT INTO visa_filter ( job_code, visa  ) VALUES ( '18111', 'H-2'  );
INSERT INTO visa_filter ( job_code, visa  ) VALUES ( '18112', 'H-2'  );
INSERT INTO visa_filter ( job_code, visa  ) VALUES ( '18113', 'H-2'  );
INSERT INTO visa_filter ( job_code, visa  ) VALUES ( '18119', 'H-2'  );
INSERT INTO visa_filter ( job_code, visa  ) VALUES ( '18120', 'H-2'  );
INSERT INTO visa_filter ( job_code, visa  ) VALUES ( '18121', 'H-2'  );
INSERT INTO visa_filter ( job_code, visa  ) VALUES ( '18122', 'H-2'  );
INSERT INTO visa_filter ( job_code, visa  ) VALUES ( '18129', 'H-2'  );
INSERT INTO visa_filter ( job_code, visa  ) VALUES ( '18200', 'H-2'  );
INSERT INTO visa_filter ( job_code, visa  ) VALUES ( '19000', 'H-2'  );
INSERT INTO visa_filter ( job_code, visa  ) VALUES ( '19100', 'H-2'  );
INSERT INTO visa_filter ( job_code, visa  ) VALUES ( '19101', 'H-2'  );
INSERT INTO visa_filter ( job_code, visa  ) VALUES ( '19102', 'H-2'  );
INSERT INTO visa_filter ( job_code, visa  ) VALUES ( '19200', 'H-2'  );
INSERT INTO visa_filter ( job_code, visa  ) VALUES ( '19210', 'H-2'  );
INSERT INTO visa_filter ( job_code, visa  ) VALUES ( '19220', 'H-2'  );
INSERT INTO visa_filter ( job_code, visa  ) VALUES ( '19221', 'H-2'  );
INSERT INTO visa_filter ( job_code, visa  ) VALUES ( '19229', 'H-2'  );
INSERT INTO visa_filter ( job_code, visa  ) VALUES ( '20000', 'H-2'  );
INSERT INTO visa_filter ( job_code, visa  ) VALUES ( '20100', 'H-2'  );
INSERT INTO visa_filter ( job_code, visa  ) VALUES ( '20110', 'H-2'  );
INSERT INTO visa_filter ( job_code, visa  ) VALUES ( '20111', 'H-2'  );
INSERT INTO visa_filter ( job_code, visa  ) VALUES ( '20112', 'H-2'  );
INSERT INTO visa_filter ( job_code, visa  ) VALUES ( '20119', 'H-2'  );
INSERT INTO visa_filter ( job_code, visa  ) VALUES ( '20120', 'H-2'  );
INSERT INTO visa_filter ( job_code, visa  ) VALUES ( '20121', 'H-2'  );
INSERT INTO visa_filter ( job_code, visa  ) VALUES ( '20129', 'H-2'  );
INSERT INTO visa_filter ( job_code, visa  ) VALUES ( '20130', 'H-2'  );
INSERT INTO visa_filter ( job_code, visa  ) VALUES ( '20131', 'H-2'  );
INSERT INTO visa_filter ( job_code, visa  ) VALUES ( '20132', 'H-2'  );
INSERT INTO visa_filter ( job_code, visa  ) VALUES ( '20200', 'H-2'  );
INSERT INTO visa_filter ( job_code, visa  ) VALUES ( '20201', 'H-2'  );
INSERT INTO visa_filter ( job_code, visa  ) VALUES ( '20202', 'H-2'  );
INSERT INTO visa_filter ( job_code, visa  ) VALUES ( '20203', 'H-2'  );
INSERT INTO visa_filter ( job_code, visa  ) VALUES ( '20300', 'H-2'  );
INSERT INTO visa_filter ( job_code, visa  ) VALUES ( '20310', 'H-2'  );
INSERT INTO visa_filter ( job_code, visa  ) VALUES ( '20311', 'H-2'  );
INSERT INTO visa_filter ( job_code, visa  ) VALUES ( '20312', 'H-2'  );
INSERT INTO visa_filter ( job_code, visa  ) VALUES ( '20313', 'H-2'  );
INSERT INTO visa_filter ( job_code, visa  ) VALUES ( '20320', 'H-2'  );
INSERT INTO visa_filter ( job_code, visa  ) VALUES ( '20321', 'H-2'  );
INSERT INTO visa_filter ( job_code, visa  ) VALUES ( '20322', 'H-2'  );
INSERT INTO visa_filter ( job_code, visa  ) VALUES ( '20400', 'H-2'  );
INSERT INTO visa_filter ( job_code, visa  ) VALUES ( '20410', 'H-2'  );
INSERT INTO visa_filter ( job_code, visa  ) VALUES ( '20411', 'H-2'  );
INSERT INTO visa_filter ( job_code, visa  ) VALUES ( '20412', 'H-2'  );
INSERT INTO visa_filter ( job_code, visa  ) VALUES ( '20413', 'H-2'  );
INSERT INTO visa_filter ( job_code, visa  ) VALUES ( '20420', 'H-2'  );
INSERT INTO visa_filter ( job_code, visa  ) VALUES ( '20421', 'H-2'  );
INSERT INTO visa_filter ( job_code, visa  ) VALUES ( '20422', 'H-2'  );
INSERT INTO visa_filter ( job_code, visa  ) VALUES ( '20423', 'H-2'  );
INSERT INTO visa_filter ( job_code, visa  ) VALUES ( '20424', 'H-2'  );
INSERT INTO visa_filter ( job_code, visa  ) VALUES ( '20490', 'H-2'  );
INSERT INTO visa_filter ( job_code, visa  ) VALUES ( '20491', 'H-2'  );
INSERT INTO visa_filter ( job_code, visa  ) VALUES ( '20492', 'H-2'  );
INSERT INTO visa_filter ( job_code, visa  ) VALUES ( '20493', 'H-2'  );
INSERT INTO visa_filter ( job_code, visa  ) VALUES ( '20494', 'H-2'  );
INSERT INTO visa_filter ( job_code, visa  ) VALUES ( '20495', 'H-2'  );
INSERT INTO visa_filter ( job_code, visa  ) VALUES ( '20499', 'H-2'  );
INSERT INTO visa_filter ( job_code, visa  ) VALUES ( '20500', 'H-2'  );
INSERT INTO visa_filter ( job_code, visa  ) VALUES ( '20501', 'H-2'  );
INSERT INTO visa_filter ( job_code, visa  ) VALUES ( '20502', 'H-2'  );
INSERT INTO visa_filter ( job_code, visa  ) VALUES ( '21000', 'H-2'  );
INSERT INTO visa_filter ( job_code, visa  ) VALUES ( '21100', 'H-2'  );
INSERT INTO visa_filter ( job_code, visa  ) VALUES ( '21101', 'H-2'  );
INSERT INTO visa_filter ( job_code, visa  ) VALUES ( '21102', 'H-2'  );
INSERT INTO visa_filter ( job_code, visa  ) VALUES ( '21200', 'H-2'  );
INSERT INTO visa_filter ( job_code, visa  ) VALUES ( '21210', 'H-2'  );
INSERT INTO visa_filter ( job_code, visa  ) VALUES ( '21220', 'H-2'  );
INSERT INTO visa_filter ( job_code, visa  ) VALUES ( '21230', 'H-2'  );
INSERT INTO visa_filter ( job_code, visa  ) VALUES ( '21300', 'H-2'  );
INSERT INTO visa_filter ( job_code, visa  ) VALUES ( '22000', 'H-2'  );
INSERT INTO visa_filter ( job_code, visa  ) VALUES ( '22100', 'H-2'  );
INSERT INTO visa_filter ( job_code, visa  ) VALUES ( '22110', 'H-2'  );
INSERT INTO visa_filter ( job_code, visa  ) VALUES ( '22111', 'H-2'  );
INSERT INTO visa_filter ( job_code, visa  ) VALUES ( '22112', 'H-2'  );
INSERT INTO visa_filter ( job_code, visa  ) VALUES ( '22190', 'H-2'  );
INSERT INTO visa_filter ( job_code, visa  ) VALUES ( '22191', 'H-2'  );
INSERT INTO visa_filter ( job_code, visa  ) VALUES ( '22192', 'H-2'  );
INSERT INTO visa_filter ( job_code, visa  ) VALUES ( '22193', 'H-2'  );
INSERT INTO visa_filter ( job_code, visa  ) VALUES ( '22199', 'H-2'  );
INSERT INTO visa_filter ( job_code, visa  ) VALUES ( '22200', 'H-2'  );
INSERT INTO visa_filter ( job_code, visa  ) VALUES ( '22210', 'H-2'  );
INSERT INTO visa_filter ( job_code, visa  ) VALUES ( '22211', 'H-2'  );
INSERT INTO visa_filter ( job_code, visa  ) VALUES ( '22212', 'H-2'  );
INSERT INTO visa_filter ( job_code, visa  ) VALUES ( '22213', 'H-2'  );
INSERT INTO visa_filter ( job_code, visa  ) VALUES ( '22214', 'H-2'  );
INSERT INTO visa_filter ( job_code, visa  ) VALUES ( '22220', 'H-2'  );
INSERT INTO visa_filter ( job_code, visa  ) VALUES ( '22221', 'H-2'  );
INSERT INTO visa_filter ( job_code, visa  ) VALUES ( '22222', 'H-2'  );
INSERT INTO visa_filter ( job_code, visa  ) VALUES ( '22223', 'H-2'  );
INSERT INTO visa_filter ( job_code, visa  ) VALUES ( '22229', 'H-2'  );
INSERT INTO visa_filter ( job_code, visa  ) VALUES ( '22230', 'H-2'  );
INSERT INTO visa_filter ( job_code, visa  ) VALUES ( '22231', 'H-2'  );
INSERT INTO visa_filter ( job_code, visa  ) VALUES ( '22232', 'H-2'  );
INSERT INTO visa_filter ( job_code, visa  ) VALUES ( '22240', 'H-2'  );
INSERT INTO visa_filter ( job_code, visa  ) VALUES ( '22241', 'H-2'  );
INSERT INTO visa_filter ( job_code, visa  ) VALUES ( '22249', 'H-2'  );
INSERT INTO visa_filter ( job_code, visa  ) VALUES ( '22250', 'H-2'  );
INSERT INTO visa_filter ( job_code, visa  ) VALUES ( '22251', 'H-2'  );
INSERT INTO visa_filter ( job_code, visa  ) VALUES ( '22259', 'H-2'  );
INSERT INTO visa_filter ( job_code, visa  ) VALUES ( '22290', 'H-2'  );
INSERT INTO visa_filter ( job_code, visa  ) VALUES ( '22291', 'H-2'  );
INSERT INTO visa_filter ( job_code, visa  ) VALUES ( '22292', 'H-2'  );
INSERT INTO visa_filter ( job_code, visa  ) VALUES ( '22299', 'H-2'  );
INSERT INTO visa_filter ( job_code, visa  ) VALUES ( '23000', 'H-2'  );
INSERT INTO visa_filter ( job_code, visa  ) VALUES ( '23100', 'H-2'  );
INSERT INTO visa_filter ( job_code, visa  ) VALUES ( '23110', 'H-2'  );
INSERT INTO visa_filter ( job_code, visa  ) VALUES ( '23111', 'H-2'  );
INSERT INTO visa_filter ( job_code, visa  ) VALUES ( '23112', 'H-2'  );
INSERT INTO visa_filter ( job_code, visa  ) VALUES ( '23119', 'H-2'  );
INSERT INTO visa_filter ( job_code, visa  ) VALUES ( '23120', 'H-2'  );
INSERT INTO visa_filter ( job_code, visa  ) VALUES ( '23121', 'H-2'  );
INSERT INTO visa_filter ( job_code, visa  ) VALUES ( '23122', 'H-2'  );
INSERT INTO visa_filter ( job_code, visa  ) VALUES ( '23129', 'H-2'  );
INSERT INTO visa_filter ( job_code, visa  ) VALUES ( '23190', 'H-2'  );
INSERT INTO visa_filter ( job_code, visa  ) VALUES ( '23191', 'H-2'  );
INSERT INTO visa_filter ( job_code, visa  ) VALUES ( '23192', 'H-2'  );
INSERT INTO visa_filter ( job_code, visa  ) VALUES ( '23199', 'H-2'  );
INSERT INTO visa_filter ( job_code, visa  ) VALUES ( '23200', 'H-2'  );
INSERT INTO visa_filter ( job_code, visa  ) VALUES ( '23210', 'H-2'  );
INSERT INTO visa_filter ( job_code, visa  ) VALUES ( '23211', 'H-2'  );
INSERT INTO visa_filter ( job_code, visa  ) VALUES ( '23212', 'H-2'  );
INSERT INTO visa_filter ( job_code, visa  ) VALUES ( '23220', 'H-2'  );
INSERT INTO visa_filter ( job_code, visa  ) VALUES ( '23221', 'H-2'  );
INSERT INTO visa_filter ( job_code, visa  ) VALUES ( '23222', 'H-2'  );
INSERT INTO visa_filter ( job_code, visa  ) VALUES ( '23229', 'H-2'  );
INSERT INTO visa_filter ( job_code, visa  ) VALUES ( '23230', 'H-2'  );
INSERT INTO visa_filter ( job_code, visa  ) VALUES ( '23231', 'H-2'  );
INSERT INTO visa_filter ( job_code, visa  ) VALUES ( '23232', 'H-2'  );
INSERT INTO visa_filter ( job_code, visa  ) VALUES ( '23239', 'H-2'  );
INSERT INTO visa_filter ( job_code, visa  ) VALUES ( '23300', 'H-2'  );
INSERT INTO visa_filter ( job_code, visa  ) VALUES ( '23310', 'H-2'  );
INSERT INTO visa_filter ( job_code, visa  ) VALUES ( '23311', 'H-2'  );
INSERT INTO visa_filter ( job_code, visa  ) VALUES ( '23312', 'H-2'  );
INSERT INTO visa_filter ( job_code, visa  ) VALUES ( '23320', 'H-2'  );
INSERT INTO visa_filter ( job_code, visa  ) VALUES ( '23321', 'H-2'  );
INSERT INTO visa_filter ( job_code, visa  ) VALUES ( '23322', 'H-2'  );
INSERT INTO visa_filter ( job_code, visa  ) VALUES ( '23323', 'H-2'  );
INSERT INTO visa_filter ( job_code, visa  ) VALUES ( '23324', 'H-2'  );
INSERT INTO visa_filter ( job_code, visa  ) VALUES ( '23325', 'H-2'  );
INSERT INTO visa_filter ( job_code, visa  ) VALUES ( '23329', 'H-2'  );
INSERT INTO visa_filter ( job_code, visa  ) VALUES ( '23900', 'H-2'  );
INSERT INTO visa_filter ( job_code, visa  ) VALUES ( '23910', 'H-2'  );
INSERT INTO visa_filter ( job_code, visa  ) VALUES ( '23911', 'H-2'  );
INSERT INTO visa_filter ( job_code, visa  ) VALUES ( '23919', 'H-2'  );
INSERT INTO visa_filter ( job_code, visa  ) VALUES ( '23990', 'H-2'  );
INSERT INTO visa_filter ( job_code, visa  ) VALUES ( '23991', 'H-2'  );
INSERT INTO visa_filter ( job_code, visa  ) VALUES ( '23992', 'H-2'  );
INSERT INTO visa_filter ( job_code, visa  ) VALUES ( '23993', 'H-2'  );
INSERT INTO visa_filter ( job_code, visa  ) VALUES ( '23994', 'H-2'  );
INSERT INTO visa_filter ( job_code, visa  ) VALUES ( '23995', 'H-2'  );
INSERT INTO visa_filter ( job_code, visa  ) VALUES ( '23999', 'H-2'  );
INSERT INTO visa_filter ( job_code, visa  ) VALUES ( '24000', 'H-2'  );
INSERT INTO visa_filter ( job_code, visa  ) VALUES ( '24100', 'H-2'  );
INSERT INTO visa_filter ( job_code, visa  ) VALUES ( '24110', 'H-2'  );
INSERT INTO visa_filter ( job_code, visa  ) VALUES ( '24111', 'H-2'  );
INSERT INTO visa_filter ( job_code, visa  ) VALUES ( '24112', 'H-2'  );
INSERT INTO visa_filter ( job_code, visa  ) VALUES ( '24113', 'H-2'  );
INSERT INTO visa_filter ( job_code, visa  ) VALUES ( '24119', 'H-2'  );
INSERT INTO visa_filter ( job_code, visa  ) VALUES ( '24120', 'H-2'  );
INSERT INTO visa_filter ( job_code, visa  ) VALUES ( '24121', 'H-2'  );
INSERT INTO visa_filter ( job_code, visa  ) VALUES ( '24122', 'H-2'  );
INSERT INTO visa_filter ( job_code, visa  ) VALUES ( '24123', 'H-2'  );
INSERT INTO visa_filter ( job_code, visa  ) VALUES ( '24130', 'H-2'  );
INSERT INTO visa_filter ( job_code, visa  ) VALUES ( '24131', 'H-2'  );
INSERT INTO visa_filter ( job_code, visa  ) VALUES ( '24132', 'H-2'  );
INSERT INTO visa_filter ( job_code, visa  ) VALUES ( '24133', 'H-2'  );
INSERT INTO visa_filter ( job_code, visa  ) VALUES ( '24190', 'H-2'  );
INSERT INTO visa_filter ( job_code, visa  ) VALUES ( '24191', 'H-2'  );
INSERT INTO visa_filter ( job_code, visa  ) VALUES ( '24199', 'H-2'  );
INSERT INTO visa_filter ( job_code, visa  ) VALUES ( '24200', 'H-2'  );
INSERT INTO visa_filter ( job_code, visa  ) VALUES ( '24210', 'H-2'  );
INSERT INTO visa_filter ( job_code, visa  ) VALUES ( '24211', 'H-2'  );
INSERT INTO visa_filter ( job_code, visa  ) VALUES ( '24212', 'H-2'  );
INSERT INTO visa_filter ( job_code, visa  ) VALUES ( '24213', 'H-2'  );
INSERT INTO visa_filter ( job_code, visa  ) VALUES ( '24219', 'H-2'  );
INSERT INTO visa_filter ( job_code, visa  ) VALUES ( '24220', 'H-2'  );
INSERT INTO visa_filter ( job_code, visa  ) VALUES ( '24221', 'H-2'  );
INSERT INTO visa_filter ( job_code, visa  ) VALUES ( '24222', 'H-2'  );
INSERT INTO visa_filter ( job_code, visa  ) VALUES ( '24229', 'H-2'  );
INSERT INTO visa_filter ( job_code, visa  ) VALUES ( '24290', 'H-2'  );
INSERT INTO visa_filter ( job_code, visa  ) VALUES ( '24300', 'H-2'  );
INSERT INTO visa_filter ( job_code, visa  ) VALUES ( '24310', 'H-2'  );
INSERT INTO visa_filter ( job_code, visa  ) VALUES ( '24311', 'H-2'  );
INSERT INTO visa_filter ( job_code, visa  ) VALUES ( '24312', 'H-2'  );
INSERT INTO visa_filter ( job_code, visa  ) VALUES ( '24320', 'H-2'  );
INSERT INTO visa_filter ( job_code, visa  ) VALUES ( '24321', 'H-2'  );
INSERT INTO visa_filter ( job_code, visa  ) VALUES ( '24322', 'H-2'  );
INSERT INTO visa_filter ( job_code, visa  ) VALUES ( '24329', 'H-2'  );
INSERT INTO visa_filter ( job_code, visa  ) VALUES ( '25000', 'H-2'  );
INSERT INTO visa_filter ( job_code, visa  ) VALUES ( '25100', 'H-2'  );
INSERT INTO visa_filter ( job_code, visa  ) VALUES ( '25110', 'H-2'  );
INSERT INTO visa_filter ( job_code, visa  ) VALUES ( '25111', 'H-2'  );
INSERT INTO visa_filter ( job_code, visa  ) VALUES ( '25112', 'H-2'  );
INSERT INTO visa_filter ( job_code, visa  ) VALUES ( '25113', 'H-2'  );
INSERT INTO visa_filter ( job_code, visa  ) VALUES ( '25114', 'H-2'  );
INSERT INTO visa_filter ( job_code, visa  ) VALUES ( '25119', 'H-2'  );
INSERT INTO visa_filter ( job_code, visa  ) VALUES ( '25120', 'H-2'  );
INSERT INTO visa_filter ( job_code, visa  ) VALUES ( '25121', 'H-2'  );
INSERT INTO visa_filter ( job_code, visa  ) VALUES ( '25122', 'H-2'  );
INSERT INTO visa_filter ( job_code, visa  ) VALUES ( '25123', 'H-2'  );
INSERT INTO visa_filter ( job_code, visa  ) VALUES ( '25130', 'H-2'  );
INSERT INTO visa_filter ( job_code, visa  ) VALUES ( '25200', 'H-2'  );
INSERT INTO visa_filter ( job_code, visa  ) VALUES ( '25900', 'H-2'  );
INSERT INTO visa_filter ( job_code, visa  ) VALUES ( '25910', 'H-2'  );
INSERT INTO visa_filter ( job_code, visa  ) VALUES ( '25911', 'H-2'  );
INSERT INTO visa_filter ( job_code, visa  ) VALUES ( '25912', 'H-2'  );
INSERT INTO visa_filter ( job_code, visa  ) VALUES ( '25913', 'H-2'  );
INSERT INTO visa_filter ( job_code, visa  ) VALUES ( '25914', 'H-2'  );
INSERT INTO visa_filter ( job_code, visa  ) VALUES ( '25920', 'H-2'  );
INSERT INTO visa_filter ( job_code, visa  ) VALUES ( '25921', 'H-2'  );
INSERT INTO visa_filter ( job_code, visa  ) VALUES ( '25922', 'H-2'  );
INSERT INTO visa_filter ( job_code, visa  ) VALUES ( '25923', 'H-2'  );
INSERT INTO visa_filter ( job_code, visa  ) VALUES ( '25924', 'H-2'  );
INSERT INTO visa_filter ( job_code, visa  ) VALUES ( '25929', 'H-2'  );
INSERT INTO visa_filter ( job_code, visa  ) VALUES ( '25930', 'H-2'  );
INSERT INTO visa_filter ( job_code, visa  ) VALUES ( '25931', 'H-2'  );
INSERT INTO visa_filter ( job_code, visa  ) VALUES ( '25932', 'H-2'  );
INSERT INTO visa_filter ( job_code, visa  ) VALUES ( '25933', 'H-2'  );
INSERT INTO visa_filter ( job_code, visa  ) VALUES ( '25934', 'H-2'  );
INSERT INTO visa_filter ( job_code, visa  ) VALUES ( '25940', 'H-2'  );
INSERT INTO visa_filter ( job_code, visa  ) VALUES ( '25941', 'H-2'  );
INSERT INTO visa_filter ( job_code, visa  ) VALUES ( '25942', 'H-2'  );
INSERT INTO visa_filter ( job_code, visa  ) VALUES ( '25943', 'H-2'  );
INSERT INTO visa_filter ( job_code, visa  ) VALUES ( '25944', 'H-2'  );
INSERT INTO visa_filter ( job_code, visa  ) VALUES ( '25990', 'H-2'  );
INSERT INTO visa_filter ( job_code, visa  ) VALUES ( '25991', 'H-2'  );
INSERT INTO visa_filter ( job_code, visa  ) VALUES ( '25992', 'H-2'  );
INSERT INTO visa_filter ( job_code, visa  ) VALUES ( '25993', 'H-2'  );
INSERT INTO visa_filter ( job_code, visa  ) VALUES ( '25994', 'H-2'  );
INSERT INTO visa_filter ( job_code, visa  ) VALUES ( '25995', 'H-2'  );
INSERT INTO visa_filter ( job_code, visa  ) VALUES ( '25999', 'H-2'  );
INSERT INTO visa_filter ( job_code, visa  ) VALUES ( '26000', 'H-2'  );
INSERT INTO visa_filter ( job_code, visa  ) VALUES ( '26100', 'H-2'  );
INSERT INTO visa_filter ( job_code, visa  ) VALUES ( '26110', 'H-2'  );
INSERT INTO visa_filter ( job_code, visa  ) VALUES ( '26111', 'H-2'  );
INSERT INTO visa_filter ( job_code, visa  ) VALUES ( '26112', 'H-2'  );
INSERT INTO visa_filter ( job_code, visa  ) VALUES ( '26120', 'H-2'  );
INSERT INTO visa_filter ( job_code, visa  ) VALUES ( '26121', 'H-2'  );
INSERT INTO visa_filter ( job_code, visa  ) VALUES ( '26129', 'H-2'  );
INSERT INTO visa_filter ( job_code, visa  ) VALUES ( '26200', 'H-2'  );
INSERT INTO visa_filter ( job_code, visa  ) VALUES ( '26210', 'H-2'  );
INSERT INTO visa_filter ( job_code, visa  ) VALUES ( '26211', 'H-2'  );
INSERT INTO visa_filter ( job_code, visa  ) VALUES ( '26212', 'H-2'  );
INSERT INTO visa_filter ( job_code, visa  ) VALUES ( '26219', 'H-2'  );
INSERT INTO visa_filter ( job_code, visa  ) VALUES ( '26220', 'H-2'  );
INSERT INTO visa_filter ( job_code, visa  ) VALUES ( '26221', 'H-2'  );
INSERT INTO visa_filter ( job_code, visa  ) VALUES ( '26222', 'H-2'  );
INSERT INTO visa_filter ( job_code, visa  ) VALUES ( '26223', 'H-2'  );
INSERT INTO visa_filter ( job_code, visa  ) VALUES ( '26224', 'H-2'  );
INSERT INTO visa_filter ( job_code, visa  ) VALUES ( '26290', 'H-2'  );
INSERT INTO visa_filter ( job_code, visa  ) VALUES ( '26291', 'H-2'  );
INSERT INTO visa_filter ( job_code, visa  ) VALUES ( '26292', 'H-2'  );
INSERT INTO visa_filter ( job_code, visa  ) VALUES ( '26293', 'H-2'  );
INSERT INTO visa_filter ( job_code, visa  ) VALUES ( '26294', 'H-2'  );
INSERT INTO visa_filter ( job_code, visa  ) VALUES ( '26295', 'H-2'  );
INSERT INTO visa_filter ( job_code, visa  ) VALUES ( '26299', 'H-2'  );
INSERT INTO visa_filter ( job_code, visa  ) VALUES ( '26300', 'H-2'  );
INSERT INTO visa_filter ( job_code, visa  ) VALUES ( '26310', 'H-2'  );
INSERT INTO visa_filter ( job_code, visa  ) VALUES ( '26320', 'H-2'  );
INSERT INTO visa_filter ( job_code, visa  ) VALUES ( '26321', 'H-2'  );
INSERT INTO visa_filter ( job_code, visa  ) VALUES ( '26322', 'H-2'  );
INSERT INTO visa_filter ( job_code, visa  ) VALUES ( '26323', 'H-2'  );
INSERT INTO visa_filter ( job_code, visa  ) VALUES ( '26329', 'H-2'  );
INSERT INTO visa_filter ( job_code, visa  ) VALUES ( '26400', 'H-2'  );
INSERT INTO visa_filter ( job_code, visa  ) VALUES ( '26410', 'H-2'  );
INSERT INTO visa_filter ( job_code, visa  ) VALUES ( '26420', 'H-2'  );
INSERT INTO visa_filter ( job_code, visa  ) VALUES ( '26421', 'H-2'  );
INSERT INTO visa_filter ( job_code, visa  ) VALUES ( '26422', 'H-2'  );
INSERT INTO visa_filter ( job_code, visa  ) VALUES ( '26429', 'H-2'  );
INSERT INTO visa_filter ( job_code, visa  ) VALUES ( '26500', 'H-2'  );
INSERT INTO visa_filter ( job_code, visa  ) VALUES ( '26510', 'H-2'  );
INSERT INTO visa_filter ( job_code, visa  ) VALUES ( '26511', 'H-2'  );
INSERT INTO visa_filter ( job_code, visa  ) VALUES ( '26519', 'H-2'  );
INSERT INTO visa_filter ( job_code, visa  ) VALUES ( '26520', 'H-2'  );
INSERT INTO visa_filter ( job_code, visa  ) VALUES ( '26521', 'H-2'  );
INSERT INTO visa_filter ( job_code, visa  ) VALUES ( '26529', 'H-2'  );
INSERT INTO visa_filter ( job_code, visa  ) VALUES ( '26600', 'H-2'  );
INSERT INTO visa_filter ( job_code, visa  ) VALUES ( '27000', 'H-2'  );
INSERT INTO visa_filter ( job_code, visa  ) VALUES ( '27100', 'H-2'  );
INSERT INTO visa_filter ( job_code, visa  ) VALUES ( '27110', 'H-2'  );
INSERT INTO visa_filter ( job_code, visa  ) VALUES ( '27111', 'H-2'  );
INSERT INTO visa_filter ( job_code, visa  ) VALUES ( '27112', 'H-2'  );
INSERT INTO visa_filter ( job_code, visa  ) VALUES ( '27190', 'H-2'  );
INSERT INTO visa_filter ( job_code, visa  ) VALUES ( '27191', 'H-2'  );
INSERT INTO visa_filter ( job_code, visa  ) VALUES ( '27192', 'H-2'  );
INSERT INTO visa_filter ( job_code, visa  ) VALUES ( '27193', 'H-2'  );
INSERT INTO visa_filter ( job_code, visa  ) VALUES ( '27194', 'H-2'  );
INSERT INTO visa_filter ( job_code, visa  ) VALUES ( '27199', 'H-2'  );
INSERT INTO visa_filter ( job_code, visa  ) VALUES ( '27200', 'H-2'  );
INSERT INTO visa_filter ( job_code, visa  ) VALUES ( '27210', 'H-2'  );
INSERT INTO visa_filter ( job_code, visa  ) VALUES ( '27211', 'H-2'  );
INSERT INTO visa_filter ( job_code, visa  ) VALUES ( '27212', 'H-2'  );
INSERT INTO visa_filter ( job_code, visa  ) VALUES ( '27213', 'H-2'  );
INSERT INTO visa_filter ( job_code, visa  ) VALUES ( '27214', 'H-2'  );
INSERT INTO visa_filter ( job_code, visa  ) VALUES ( '27215', 'H-2'  );
INSERT INTO visa_filter ( job_code, visa  ) VALUES ( '27216', 'H-2'  );
INSERT INTO visa_filter ( job_code, visa  ) VALUES ( '27219', 'H-2'  );
INSERT INTO visa_filter ( job_code, visa  ) VALUES ( '27300', 'H-2'  );
INSERT INTO visa_filter ( job_code, visa  ) VALUES ( '27301', 'H-2'  );
INSERT INTO visa_filter ( job_code, visa  ) VALUES ( '27302', 'H-2'  );
INSERT INTO visa_filter ( job_code, visa  ) VALUES ( '27309', 'H-2'  );
INSERT INTO visa_filter ( job_code, visa  ) VALUES ( '27400', 'H-2'  );
INSERT INTO visa_filter ( job_code, visa  ) VALUES ( '28000', 'H-2'  );
INSERT INTO visa_filter ( job_code, visa  ) VALUES ( '28100', 'H-2'  );
INSERT INTO visa_filter ( job_code, visa  ) VALUES ( '28110', 'H-2'  );
INSERT INTO visa_filter ( job_code, visa  ) VALUES ( '28111', 'H-2'  );
INSERT INTO visa_filter ( job_code, visa  ) VALUES ( '28112', 'H-2'  );
INSERT INTO visa_filter ( job_code, visa  ) VALUES ( '28113', 'H-2'  );
INSERT INTO visa_filter ( job_code, visa  ) VALUES ( '28114', 'H-2'  );
INSERT INTO visa_filter ( job_code, visa  ) VALUES ( '28119', 'H-2'  );
INSERT INTO visa_filter ( job_code, visa  ) VALUES ( '28120', 'H-2'  );
INSERT INTO visa_filter ( job_code, visa  ) VALUES ( '28121', 'H-2'  );
INSERT INTO visa_filter ( job_code, visa  ) VALUES ( '28122', 'H-2'  );
INSERT INTO visa_filter ( job_code, visa  ) VALUES ( '28123', 'H-2'  );
INSERT INTO visa_filter ( job_code, visa  ) VALUES ( '28200', 'H-2'  );
INSERT INTO visa_filter ( job_code, visa  ) VALUES ( '28201', 'H-2'  );
INSERT INTO visa_filter ( job_code, visa  ) VALUES ( '28202', 'H-2'  );
INSERT INTO visa_filter ( job_code, visa  ) VALUES ( '28300', 'H-2'  );
INSERT INTO visa_filter ( job_code, visa  ) VALUES ( '28301', 'H-2'  );
INSERT INTO visa_filter ( job_code, visa  ) VALUES ( '28302', 'H-2'  );
INSERT INTO visa_filter ( job_code, visa  ) VALUES ( '28303', 'H-2'  );
INSERT INTO visa_filter ( job_code, visa  ) VALUES ( '28400', 'H-2'  );
INSERT INTO visa_filter ( job_code, visa  ) VALUES ( '28410', 'H-2'  );
INSERT INTO visa_filter ( job_code, visa  ) VALUES ( '28420', 'H-2'  );
INSERT INTO visa_filter ( job_code, visa  ) VALUES ( '28421', 'H-2'  );
INSERT INTO visa_filter ( job_code, visa  ) VALUES ( '28422', 'H-2'  );
INSERT INTO visa_filter ( job_code, visa  ) VALUES ( '28423', 'H-2'  );
INSERT INTO visa_filter ( job_code, visa  ) VALUES ( '28429', 'H-2'  );
INSERT INTO visa_filter ( job_code, visa  ) VALUES ( '28500', 'H-2'  );
INSERT INTO visa_filter ( job_code, visa  ) VALUES ( '28510', 'H-2'  );
INSERT INTO visa_filter ( job_code, visa  ) VALUES ( '28511', 'H-2'  );
INSERT INTO visa_filter ( job_code, visa  ) VALUES ( '28512', 'H-2'  );
INSERT INTO visa_filter ( job_code, visa  ) VALUES ( '28519', 'H-2'  );
INSERT INTO visa_filter ( job_code, visa  ) VALUES ( '28520', 'H-2'  );
INSERT INTO visa_filter ( job_code, visa  ) VALUES ( '28900', 'H-2'  );
INSERT INTO visa_filter ( job_code, visa  ) VALUES ( '28901', 'H-2'  );
INSERT INTO visa_filter ( job_code, visa  ) VALUES ( '28902', 'H-2'  );
INSERT INTO visa_filter ( job_code, visa  ) VALUES ( '28903', 'H-2'  );
INSERT INTO visa_filter ( job_code, visa  ) VALUES ( '28909', 'H-2'  );
INSERT INTO visa_filter ( job_code, visa  ) VALUES ( '29000', 'H-2'  );
INSERT INTO visa_filter ( job_code, visa  ) VALUES ( '29100', 'H-2'  );
INSERT INTO visa_filter ( job_code, visa  ) VALUES ( '29110', 'H-2'  );
INSERT INTO visa_filter ( job_code, visa  ) VALUES ( '29111', 'H-2'  );
INSERT INTO visa_filter ( job_code, visa  ) VALUES ( '29119', 'H-2'  );
INSERT INTO visa_filter ( job_code, visa  ) VALUES ( '29120', 'H-2'  );
INSERT INTO visa_filter ( job_code, visa  ) VALUES ( '29130', 'H-2'  );
INSERT INTO visa_filter ( job_code, visa  ) VALUES ( '29131', 'H-2'  );
INSERT INTO visa_filter ( job_code, visa  ) VALUES ( '29132', 'H-2'  );
INSERT INTO visa_filter ( job_code, visa  ) VALUES ( '29133', 'H-2'  );
INSERT INTO visa_filter ( job_code, visa  ) VALUES ( '29140', 'H-2'  );
INSERT INTO visa_filter ( job_code, visa  ) VALUES ( '29141', 'H-2'  );
INSERT INTO visa_filter ( job_code, visa  ) VALUES ( '29142', 'H-2'  );
INSERT INTO visa_filter ( job_code, visa  ) VALUES ( '29150', 'H-2'  );
INSERT INTO visa_filter ( job_code, visa  ) VALUES ( '29160', 'H-2'  );
INSERT INTO visa_filter ( job_code, visa  ) VALUES ( '29161', 'H-2'  );
INSERT INTO visa_filter ( job_code, visa  ) VALUES ( '29162', 'H-2'  );
INSERT INTO visa_filter ( job_code, visa  ) VALUES ( '29163', 'H-2'  );
INSERT INTO visa_filter ( job_code, visa  ) VALUES ( '29169', 'H-2'  );
INSERT INTO visa_filter ( job_code, visa  ) VALUES ( '29170', 'H-2'  );
INSERT INTO visa_filter ( job_code, visa  ) VALUES ( '29171', 'H-2'  );
INSERT INTO visa_filter ( job_code, visa  ) VALUES ( '29172', 'H-2'  );
INSERT INTO visa_filter ( job_code, visa  ) VALUES ( '29173', 'H-2'  );
INSERT INTO visa_filter ( job_code, visa  ) VALUES ( '29174', 'H-2'  );
INSERT INTO visa_filter ( job_code, visa  ) VALUES ( '29175', 'H-2'  );
INSERT INTO visa_filter ( job_code, visa  ) VALUES ( '29176', 'H-2'  );
INSERT INTO visa_filter ( job_code, visa  ) VALUES ( '29180', 'H-2'  );
INSERT INTO visa_filter ( job_code, visa  ) VALUES ( '29190', 'H-2'  );
INSERT INTO visa_filter ( job_code, visa  ) VALUES ( '29191', 'H-2'  );
INSERT INTO visa_filter ( job_code, visa  ) VALUES ( '29192', 'H-2'  );
INSERT INTO visa_filter ( job_code, visa  ) VALUES ( '29193', 'H-2'  );
INSERT INTO visa_filter ( job_code, visa  ) VALUES ( '29194', 'H-2'  );
INSERT INTO visa_filter ( job_code, visa  ) VALUES ( '29199', 'H-2'  );
INSERT INTO visa_filter ( job_code, visa  ) VALUES ( '29200', 'H-2'  );
INSERT INTO visa_filter ( job_code, visa  ) VALUES ( '29210', 'H-2'  );
INSERT INTO visa_filter ( job_code, visa  ) VALUES ( '29220', 'H-2'  );
INSERT INTO visa_filter ( job_code, visa  ) VALUES ( '29221', 'H-2'  );
INSERT INTO visa_filter ( job_code, visa  ) VALUES ( '29222', 'H-2'  );
INSERT INTO visa_filter ( job_code, visa  ) VALUES ( '29223', 'H-2'  );
INSERT INTO visa_filter ( job_code, visa  ) VALUES ( '29224', 'H-2'  );
INSERT INTO visa_filter ( job_code, visa  ) VALUES ( '29229', 'H-2'  );
INSERT INTO visa_filter ( job_code, visa  ) VALUES ( '29230', 'H-2'  );
INSERT INTO visa_filter ( job_code, visa  ) VALUES ( '29240', 'H-2'  );
INSERT INTO visa_filter ( job_code, visa  ) VALUES ( '29241', 'H-2'  );
INSERT INTO visa_filter ( job_code, visa  ) VALUES ( '29242', 'H-2'  );
INSERT INTO visa_filter ( job_code, visa  ) VALUES ( '29250', 'H-2'  );
INSERT INTO visa_filter ( job_code, visa  ) VALUES ( '29260', 'H-2'  );
INSERT INTO visa_filter ( job_code, visa  ) VALUES ( '29261', 'H-2'  );
INSERT INTO visa_filter ( job_code, visa  ) VALUES ( '29269', 'H-2'  );
INSERT INTO visa_filter ( job_code, visa  ) VALUES ( '29270', 'H-2'  );
INSERT INTO visa_filter ( job_code, visa  ) VALUES ( '29271', 'H-2'  );
INSERT INTO visa_filter ( job_code, visa  ) VALUES ( '29272', 'H-2'  );
INSERT INTO visa_filter ( job_code, visa  ) VALUES ( '29280', 'H-2'  );
INSERT INTO visa_filter ( job_code, visa  ) VALUES ( '29290', 'H-2'  );
INSERT INTO visa_filter ( job_code, visa  ) VALUES ( '29291', 'H-2'  );
INSERT INTO visa_filter ( job_code, visa  ) VALUES ( '29292', 'H-2'  );
INSERT INTO visa_filter ( job_code, visa  ) VALUES ( '29293', 'H-2'  );
INSERT INTO visa_filter ( job_code, visa  ) VALUES ( '29294', 'H-2'  );
INSERT INTO visa_filter ( job_code, visa  ) VALUES ( '29299', 'H-2'  );
INSERT INTO visa_filter ( job_code, visa  ) VALUES ( '30000', 'H-2'  );
INSERT INTO visa_filter ( job_code, visa  ) VALUES ( '30100', 'H-2'  );
INSERT INTO visa_filter ( job_code, visa  ) VALUES ( '30110', 'H-2'  );
INSERT INTO visa_filter ( job_code, visa  ) VALUES ( '30120', 'H-2'  );
INSERT INTO visa_filter ( job_code, visa  ) VALUES ( '30121', 'H-2'  );
INSERT INTO visa_filter ( job_code, visa  ) VALUES ( '30122', 'H-2'  );
INSERT INTO visa_filter ( job_code, visa  ) VALUES ( '30200', 'H-2'  );
INSERT INTO visa_filter ( job_code, visa  ) VALUES ( '30201', 'H-2'  );
INSERT INTO visa_filter ( job_code, visa  ) VALUES ( '30202', 'H-2'  );
INSERT INTO visa_filter ( job_code, visa  ) VALUES ( '30203', 'H-2'  );
INSERT INTO visa_filter ( job_code, visa  ) VALUES ( '30300', 'H-2'  );
INSERT INTO visa_filter ( job_code, visa  ) VALUES ( '30310', 'H-2'  );
INSERT INTO visa_filter ( job_code, visa  ) VALUES ( '30320', 'H-2'  );
INSERT INTO visa_filter ( job_code, visa  ) VALUES ( '30330', 'H-2'  );
INSERT INTO visa_filter ( job_code, visa  ) VALUES ( '30331', 'H-2'  );
INSERT INTO visa_filter ( job_code, visa  ) VALUES ( '30332', 'H-2'  );
INSERT INTO visa_filter ( job_code, visa  ) VALUES ( '30390', 'H-2'  );
INSERT INTO visa_filter ( job_code, visa  ) VALUES ( '30391', 'H-2'  );
INSERT INTO visa_filter ( job_code, visa  ) VALUES ( '30392', 'H-2'  );
INSERT INTO visa_filter ( job_code, visa  ) VALUES ( '30393', 'H-2'  );
INSERT INTO visa_filter ( job_code, visa  ) VALUES ( '30399', 'H-2'  );
INSERT INTO visa_filter ( job_code, visa  ) VALUES ( '30400', 'H-2'  );
INSERT INTO visa_filter ( job_code, visa  ) VALUES ( '31000', 'H-2'  );
INSERT INTO visa_filter ( job_code, visa  ) VALUES ( '31100', 'H-2'  );
INSERT INTO visa_filter ( job_code, visa  ) VALUES ( '31110', 'H-2'  );
INSERT INTO visa_filter ( job_code, visa  ) VALUES ( '31111', 'H-2'  );
INSERT INTO visa_filter ( job_code, visa  ) VALUES ( '31112', 'H-2'  );
INSERT INTO visa_filter ( job_code, visa  ) VALUES ( '31113', 'H-2'  );
INSERT INTO visa_filter ( job_code, visa  ) VALUES ( '31114', 'H-2'  );
INSERT INTO visa_filter ( job_code, visa  ) VALUES ( '31120', 'H-2'  );
INSERT INTO visa_filter ( job_code, visa  ) VALUES ( '31200', 'H-2'  );
INSERT INTO visa_filter ( job_code, visa  ) VALUES ( '31201', 'H-2'  );
INSERT INTO visa_filter ( job_code, visa  ) VALUES ( '31202', 'H-2'  );
INSERT INTO visa_filter ( job_code, visa  ) VALUES ( '31300', 'H-2'  );
INSERT INTO visa_filter ( job_code, visa  ) VALUES ( '31310', 'H-2'  );
INSERT INTO visa_filter ( job_code, visa  ) VALUES ( '31311', 'H-2'  );
INSERT INTO visa_filter ( job_code, visa  ) VALUES ( '31312', 'H-2'  );
INSERT INTO visa_filter ( job_code, visa  ) VALUES ( '31320', 'H-2'  );
INSERT INTO visa_filter ( job_code, visa  ) VALUES ( '31321', 'H-2'  );
INSERT INTO visa_filter ( job_code, visa  ) VALUES ( '31322', 'H-2'  );
INSERT INTO visa_filter ( job_code, visa  ) VALUES ( '31900', 'H-2'  );
INSERT INTO visa_filter ( job_code, visa  ) VALUES ( '31910', 'H-2'  );
INSERT INTO visa_filter ( job_code, visa  ) VALUES ( '31920', 'H-2'  );
INSERT INTO visa_filter ( job_code, visa  ) VALUES ( '31990', 'H-2'  );
INSERT INTO visa_filter ( job_code, visa  ) VALUES ( '31991', 'H-2'  );
INSERT INTO visa_filter ( job_code, visa  ) VALUES ( '31999', 'H-2'  );
INSERT INTO visa_filter ( job_code, visa  ) VALUES ( '32000', 'H-2'  );
INSERT INTO visa_filter ( job_code, visa  ) VALUES ( '32010', 'H-2'  );
INSERT INTO visa_filter ( job_code, visa  ) VALUES ( '32011', 'H-2'  );
INSERT INTO visa_filter ( job_code, visa  ) VALUES ( '32019', 'H-2'  );
INSERT INTO visa_filter ( job_code, visa  ) VALUES ( '32020', 'H-2'  );
INSERT INTO visa_filter ( job_code, visa  ) VALUES ( '32021', 'H-2'  );
INSERT INTO visa_filter ( job_code, visa  ) VALUES ( '32029', 'H-2'  );
INSERT INTO visa_filter ( job_code, visa  ) VALUES ( '32090', 'H-2'  );
INSERT INTO visa_filter ( job_code, visa  ) VALUES ( '32091', 'H-2'  );
INSERT INTO visa_filter ( job_code, visa  ) VALUES ( '32099', 'H-2'  );
INSERT INTO visa_filter ( job_code, visa  ) VALUES ( '33000', 'H-2'  );
INSERT INTO visa_filter ( job_code, visa  ) VALUES ( '33100', 'H-2'  );
INSERT INTO visa_filter ( job_code, visa  ) VALUES ( '33110', 'H-2'  );
INSERT INTO visa_filter ( job_code, visa  ) VALUES ( '33120', 'H-2'  );
INSERT INTO visa_filter ( job_code, visa  ) VALUES ( '33200', 'H-2'  );
INSERT INTO visa_filter ( job_code, visa  ) VALUES ( '33201', 'H-2'  );
INSERT INTO visa_filter ( job_code, visa  ) VALUES ( '33202', 'H-2'  );
INSERT INTO visa_filter ( job_code, visa  ) VALUES ( '33209', 'H-2'  );
INSERT INTO visa_filter ( job_code, visa  ) VALUES ( '33300', 'H-2'  );
INSERT INTO visa_filter ( job_code, visa  ) VALUES ( '33301', 'H-2'  );
INSERT INTO visa_filter ( job_code, visa  ) VALUES ( '33302', 'H-2'  );
INSERT INTO visa_filter ( job_code, visa  ) VALUES ( '33303', 'H-2'  );
INSERT INTO visa_filter ( job_code, visa  ) VALUES ( '33309', 'H-2'  );
INSERT INTO visa_filter ( job_code, visa  ) VALUES ( '33400', 'H-2'  );
INSERT INTO visa_filter ( job_code, visa  ) VALUES ( '33401', 'H-2'  );
INSERT INTO visa_filter ( job_code, visa  ) VALUES ( '33402', 'H-2'  );
INSERT INTO visa_filter ( job_code, visa  ) VALUES ( '33409', 'H-2'  );
INSERT INTO visa_filter ( job_code, visa  ) VALUES ( '33900', 'H-2'  );
INSERT INTO visa_filter ( job_code, visa  ) VALUES ( '33910', 'H-2'  );
INSERT INTO visa_filter ( job_code, visa  ) VALUES ( '33920', 'H-2'  );
INSERT INTO visa_filter ( job_code, visa  ) VALUES ( '33930', 'H-2'  );
INSERT INTO visa_filter ( job_code, visa  ) VALUES ( '33931', 'H-2'  );
INSERT INTO visa_filter ( job_code, visa  ) VALUES ( '33932', 'H-2'  );
INSERT INTO visa_filter ( job_code, visa  ) VALUES ( '33933', 'H-2'  );
INSERT INTO visa_filter ( job_code, visa  ) VALUES ( '33990', 'H-2'  );
INSERT INTO visa_filter ( job_code, visa  ) VALUES ( '33991', 'H-2'  );
INSERT INTO visa_filter ( job_code, visa  ) VALUES ( '33992', 'H-2'  );
INSERT INTO visa_filter ( job_code, visa  ) VALUES ( '33993', 'H-2'  );
INSERT INTO visa_filter ( job_code, visa  ) VALUES ( '33999', 'H-2'  );
INSERT INTO visa_filter ( job_code, visa  ) VALUES ( '34000', 'H-2'  );
INSERT INTO visa_filter ( job_code, visa  ) VALUES ( '34010', 'H-2'  );
INSERT INTO visa_filter ( job_code, visa  ) VALUES ( '34011', 'H-2'  );
INSERT INTO visa_filter ( job_code, visa  ) VALUES ( '34019', 'H-2'  );
INSERT INTO visa_filter ( job_code, visa  ) VALUES ( '34020', 'H-2'  );
INSERT INTO visa_filter ( job_code, visa  ) VALUES ( '37000', 'H-2'  );
INSERT INTO visa_filter ( job_code, visa  ) VALUES ( '38000', 'H-2'  );
INSERT INTO visa_filter ( job_code, visa  ) VALUES ( '41000', 'H-2'  );
INSERT INTO visa_filter ( job_code, visa  ) VALUES ( '41100', 'H-2'  );
INSERT INTO visa_filter ( job_code, visa  ) VALUES ( '41110', 'H-2'  );
INSERT INTO visa_filter ( job_code, visa  ) VALUES ( '41111', 'H-2'  );
INSERT INTO visa_filter ( job_code, visa  ) VALUES ( '41112', 'H-2'  );
INSERT INTO visa_filter ( job_code, visa  ) VALUES ( '41119', 'H-2'  );
INSERT INTO visa_filter ( job_code, visa  ) VALUES ( '41120', 'H-2'  );
INSERT INTO visa_filter ( job_code, visa  ) VALUES ( '41121', 'H-2'  );
INSERT INTO visa_filter ( job_code, visa  ) VALUES ( '41122', 'H-2'  );
INSERT INTO visa_filter ( job_code, visa  ) VALUES ( '41129', 'H-2'  );
INSERT INTO visa_filter ( job_code, visa  ) VALUES ( '41200', 'H-2'  );
INSERT INTO visa_filter ( job_code, visa  ) VALUES ( '41210', 'H-2'  );
INSERT INTO visa_filter ( job_code, visa  ) VALUES ( '41220', 'H-2'  );
INSERT INTO visa_filter ( job_code, visa  ) VALUES ( '41221', 'H-2'  );
INSERT INTO visa_filter ( job_code, visa  ) VALUES ( '41222', 'H-2'  );
INSERT INTO visa_filter ( job_code, visa  ) VALUES ( '41223', 'H-2'  );
INSERT INTO visa_filter ( job_code, visa  ) VALUES ( '41224', 'H-2'  );
INSERT INTO visa_filter ( job_code, visa  ) VALUES ( '41225', 'H-2'  );
INSERT INTO visa_filter ( job_code, visa  ) VALUES ( '41226', 'H-2'  );
INSERT INTO visa_filter ( job_code, visa  ) VALUES ( '41229', 'H-2'  );
INSERT INTO visa_filter ( job_code, visa  ) VALUES ( '42000', 'H-2'  );
INSERT INTO visa_filter ( job_code, visa  ) VALUES ( '42100', 'H-2'  );
INSERT INTO visa_filter ( job_code, visa  ) VALUES ( '42110', 'H-2'  );
INSERT INTO visa_filter ( job_code, visa  ) VALUES ( '42120', 'H-2'  );
INSERT INTO visa_filter ( job_code, visa  ) VALUES ( '42121', 'H-2'  );
INSERT INTO visa_filter ( job_code, visa  ) VALUES ( '42122', 'H-2'  );
INSERT INTO visa_filter ( job_code, visa  ) VALUES ( '42123', 'H-2'  );
INSERT INTO visa_filter ( job_code, visa  ) VALUES ( '42129', 'H-2'  );
INSERT INTO visa_filter ( job_code, visa  ) VALUES ( '42130', 'H-2'  );
INSERT INTO visa_filter ( job_code, visa  ) VALUES ( '42131', 'H-2'  );
INSERT INTO visa_filter ( job_code, visa  ) VALUES ( '42132', 'H-2'  );
INSERT INTO visa_filter ( job_code, visa  ) VALUES ( '42133', 'H-2'  );
INSERT INTO visa_filter ( job_code, visa  ) VALUES ( '42134', 'H-2'  );
INSERT INTO visa_filter ( job_code, visa  ) VALUES ( '42135', 'H-2'  );
INSERT INTO visa_filter ( job_code, visa  ) VALUES ( '42136', 'H-2'  );
INSERT INTO visa_filter ( job_code, visa  ) VALUES ( '42137', 'H-2'  );
INSERT INTO visa_filter ( job_code, visa  ) VALUES ( '42138', 'H-2'  );
INSERT INTO visa_filter ( job_code, visa  ) VALUES ( '42139', 'H-2'  );
INSERT INTO visa_filter ( job_code, visa  ) VALUES ( '42200', 'H-2'  );
INSERT INTO visa_filter ( job_code, visa  ) VALUES ( '42201', 'H-2'  );
INSERT INTO visa_filter ( job_code, visa  ) VALUES ( '42202', 'H-2'  );
INSERT INTO visa_filter ( job_code, visa  ) VALUES ( '42203', 'H-2'  );
INSERT INTO visa_filter ( job_code, visa  ) VALUES ( '42204', 'H-2'  );
INSERT INTO visa_filter ( job_code, visa  ) VALUES ( '42209', 'H-2'  );
INSERT INTO visa_filter ( job_code, visa  ) VALUES ( '42300', 'H-2'  );
INSERT INTO visa_filter ( job_code, visa  ) VALUES ( '42310', 'H-2'  );
INSERT INTO visa_filter ( job_code, visa  ) VALUES ( '42311', 'H-2'  );
INSERT INTO visa_filter ( job_code, visa  ) VALUES ( '42312', 'H-2'  );
INSERT INTO visa_filter ( job_code, visa  ) VALUES ( '42320', 'H-2'  );
INSERT INTO visa_filter ( job_code, visa  ) VALUES ( '42321', 'H-2'  );
INSERT INTO visa_filter ( job_code, visa  ) VALUES ( '42322', 'H-2'  );
INSERT INTO visa_filter ( job_code, visa  ) VALUES ( '42400', 'H-2'  );
INSERT INTO visa_filter ( job_code, visa  ) VALUES ( '42410', 'H-2'  );
INSERT INTO visa_filter ( job_code, visa  ) VALUES ( '42411', 'H-2'  );
INSERT INTO visa_filter ( job_code, visa  ) VALUES ( '42412', 'H-2'  );
INSERT INTO visa_filter ( job_code, visa  ) VALUES ( '42420', 'H-2'  );
INSERT INTO visa_filter ( job_code, visa  ) VALUES ( '42490', 'H-2'  );
INSERT INTO visa_filter ( job_code, visa  ) VALUES ( '42491', 'H-2'  );
INSERT INTO visa_filter ( job_code, visa  ) VALUES ( '42492', 'H-2'  );
INSERT INTO visa_filter ( job_code, visa  ) VALUES ( '42499', 'H-2'  );
INSERT INTO visa_filter ( job_code, visa  ) VALUES ( '42500', 'H-2'  );
INSERT INTO visa_filter ( job_code, visa  ) VALUES ( '42600', 'H-2'  );
INSERT INTO visa_filter ( job_code, visa  ) VALUES ( '46205', 'H-2'  );
INSERT INTO visa_filter ( job_code, visa  ) VALUES ( '46209', 'H-2'  );
INSERT INTO visa_filter ( job_code, visa  ) VALUES ( '46400', 'H-2'  );
INSERT INTO visa_filter ( job_code, visa  ) VALUES ( '46500', 'H-2'  );
INSERT INTO visa_filter ( job_code, visa  ) VALUES ( '46791', 'H-2'  );
INSERT INTO visa_filter ( job_code, visa  ) VALUES ( '47500', 'H-2'  );
INSERT INTO visa_filter ( job_code, visa  ) VALUES ( '47800', 'H-2'  );
INSERT INTO visa_filter ( job_code, visa  ) VALUES ( '47900', 'H-2'  );
INSERT INTO visa_filter ( job_code, visa  ) VALUES ( '49200', 'H-2'  );
INSERT INTO visa_filter ( job_code, visa  ) VALUES ( '52102', 'H-2'  );
INSERT INTO visa_filter ( job_code, visa  ) VALUES ( '55101', 'H-2'  );
INSERT INTO visa_filter ( job_code, visa  ) VALUES ( '55102', 'H-2'  );
INSERT INTO visa_filter ( job_code, visa  ) VALUES ( '56110', 'H-2'  );
INSERT INTO visa_filter ( job_code, visa  ) VALUES ( '56120', 'H-2'  );
INSERT INTO visa_filter ( job_code, visa  ) VALUES ( '56190', 'H-2'  );
INSERT INTO visa_filter ( job_code, visa  ) VALUES ( '58100', 'H-2'  );
INSERT INTO visa_filter ( job_code, visa  ) VALUES ( '59201', 'H-2'  );
INSERT INTO visa_filter ( job_code, visa  ) VALUES ( '74100', 'H-2'  );
INSERT INTO visa_filter ( job_code, visa  ) VALUES ( '74211', 'H-2'  );
INSERT INTO visa_filter ( job_code, visa  ) VALUES ( '74212', 'H-2'  );
INSERT INTO visa_filter ( job_code, visa  ) VALUES ( '75200', 'H-2'  );
INSERT INTO visa_filter ( job_code, visa  ) VALUES ( '87000', 'H-2'  );
INSERT INTO visa_filter ( job_code, visa  ) VALUES ( '95211', 'H-2'  );
INSERT INTO visa_filter ( job_code, visa  ) VALUES ( '95212', 'H-2'  );
INSERT INTO visa_filter ( job_code, visa  ) VALUES ( '95220', 'H-2' );
INSERT INTO visa_filter ( job_code, visa  ) VALUES ( '96121', 'H-2'  );
INSERT INTO visa_filter ( job_code, visa  ) VALUES ( '96911', 'H-2'  );
INSERT INTO visa_filter ( job_code, visa  ) VALUES ( '96993', 'H-2'  );
INSERT INTO visa_filter ( job_code, visa  ) VALUES ( '97000', 'H-2'  );


INSERT INTO recruit ( recruit_id, company_id, job_code, title, content, created_at, expired_at, salary, work_type, work_location, work_period, work_days_week, work_start_hour, work_end_hour  ) VALUES ( '1', '1', '01100', '딸기 재배 인원 구합니다.', '건장한 남성 2명을 찾고 있습니다. ', '2023-01-12', '2023-04-09', '3000000', '정규직', '경상남도 밀양시', '12', '5', '9', '18'  );
INSERT INTO recruit ( recruit_id, company_id, job_code, title, content, created_at, expired_at, salary, work_type, work_location, work_period, work_days_week, work_start_hour, work_end_hour  ) VALUES ( '2', '2', '55101', '도축업자 경력 3년이상 모집', '3년차 이상의 경력자 1명 모집합니다.', '2022-04-30', '2022-06-23', '3500000', '계약직', '서울특별시 은평구', '6', '5', '6', '15'  );
INSERT INTO recruit ( recruit_id, company_id, job_code, title, content, created_at, expired_at, salary, work_type, work_location, work_period, work_days_week, work_start_hour, work_end_hour  ) VALUES ( '3', '3', '55102', '컴퓨터 제조업자 모집', '메인보드 관련 제조자 1명 구인합니다.', '2022-09-28', '2022-10-16', '2900000', '정규직', '서울특별시 마포구', '20', '5', '9', '18'  );
INSERT INTO recruit ( recruit_id, company_id, job_code, title, content, created_at, expired_at, salary, work_type, work_location, work_period, work_days_week, work_start_hour, work_end_hour  ) VALUES ( '4', '4', '56110', '안경사 모집합니다.', '안경사 자격증을 소지하신 2명 모집합니다.', '2022-07-23', '2022-09-29', '2800000', '계약직', '경기도 인천', '12', '5', '9', '18'  );
INSERT INTO recruit ( recruit_id, company_id, job_code, title, content, created_at, expired_at, salary, work_type, work_location, work_period, work_days_week, work_start_hour, work_end_hour  ) VALUES ( '5', '5', '56120', '자동자 제조업 가족 5명 모집합니다.', '전기 산업 기사, 정비 기능사 소지자 우대합니다.', '2021-08-11', '2021-10-29', '4500000', '정규직', '경상남도 창원시', '24', '5', '9', '18'  );
INSERT INTO recruit ( recruit_id, company_id, job_code, title, content, created_at, expired_at, salary, work_type, work_location, work_period, work_days_week, work_start_hour, work_end_hour  ) VALUES ( '6', '6', '56190', '세신사 모집합니다.', '세신사로 활동하실 1명 모집합니다.', '2023-05-17', '2023-06-16', '3000000', '계약직', '경상북도 밀양시', '12', '5', '9', '18'  );
INSERT INTO recruit ( recruit_id, company_id, job_code, title, content, created_at, expired_at, salary, work_type, work_location, work_period, work_days_week, work_start_hour, work_end_hour  ) VALUES ( '7', '7', '58100', '양식 셰프 3인 모집합니다.', '치프 1명 라인 쿡 2명 모집합니다.', '2021-05-13', '2021-06-05', '5000000', '정규직', '전라도 전주시', '24', '6', '9', '18'  );
INSERT INTO recruit ( recruit_id, company_id, job_code, title, content, created_at, expired_at, salary, work_type, work_location, work_period, work_days_week, work_start_hour, work_end_hour  ) VALUES ( '8', '8', '59201', '5년차 이상 시계사 가족 구합니다', '시니어급으로 활동하실 1명 모셔봅니다.', '2021-10-29', '2022-01-16', '4400000', '정규직', '서울특별시 강동구', '18', '5', '9', '18'  );
INSERT INTO recruit ( recruit_id, company_id, job_code, title, content, created_at, expired_at, salary, work_type, work_location, work_period, work_days_week, work_start_hour, work_end_hour  ) VALUES ( '9', '9', '74100', '의료기기 제조사 모집', '1명 모집합니다.', '2022-01-11', '2022-04-14', '3800000', '계약직', '강원도 양양시', '18', '5', '9', '18'  );
INSERT INTO recruit ( recruit_id, company_id, job_code, title, content, created_at, expired_at, salary, work_type, work_location, work_period, work_days_week, work_start_hour, work_end_hour  ) VALUES ( '10', '10', '74211', '양식 어업자 구인합니다.', '0명 모집합니다.', '2022-09-25', '2022-11-12', '5000000', '계약직', '경상남도 부산시', '24', '7', '9', '18'  );
INSERT INTO recruit ( recruit_id, company_id, job_code, title, content, created_at, expired_at, salary, work_type, work_location, work_period, work_days_week, work_start_hour, work_end_hour  ) VALUES ( '11', '11', '42000', '김장 담그실 분 구합니다.', '8명 모집합니다.', '2023-08-11', '2023-09-01', '2800000', '계약직', '전라도 목포시', '1', '5', '9', '18'  );
INSERT INTO recruit ( recruit_id, company_id, job_code, title, content, created_at, expired_at, salary, work_type, work_location, work_period, work_days_week, work_start_hour, work_end_hour  ) VALUES ( '12', '12', '42100', '아이스크림 공장에서 일하실 분 모집합니다.', '3명 모집합니다.', '2023-08-19', '2023-09-09', '3200000', '계약직', '경상남도 마산시', '18', '5', '9', '18'  );
INSERT INTO recruit ( recruit_id, company_id, job_code, title, content, created_at, expired_at, salary, work_type, work_location, work_period, work_days_week, work_start_hour, work_end_hour  ) VALUES ( '13', '13', '42110', '도시락 공장 인원 구인합니다.', '4명 모집합니다', '2022-11-19', '2023-01-29', '3300000', '정규직', '경상남도 진주시', '12', '5', '9', '18'  );
INSERT INTO recruit ( recruit_id, company_id, job_code, title, content, created_at, expired_at, salary, work_type, work_location, work_period, work_days_week, work_start_hour, work_end_hour  ) VALUES ( '14', '14', '42120', '사이다 제조 공장 가족을 모집합니다.', '최대 0명 모집합니다.', '2022-05-14', '2022-06-22', '3700000', '계약직', '서울특별시 송파구', '24', '5', '9', '18'  );
INSERT INTO recruit ( recruit_id, company_id, job_code, title, content, created_at, expired_at, salary, work_type, work_location, work_period, work_days_week, work_start_hour, work_end_hour  ) VALUES ( '15', '15', '42121', '축산업', '1명 모집합니다.', '2023-01-14', '2023-04-18', '4000000', '정규직', '서울특별시 서초구', '12', '5', '9', '18'  );
INSERT INTO recruit ( recruit_id, company_id, job_code, title, content, created_at, expired_at, salary, work_type, work_location, work_period, work_days_week, work_start_hour, work_end_hour  ) VALUES ( '16', '16', '42122', '작물재배 및 축산 관련 서비스업', '1명 모집합니다.', '2022-01-08', '2022-03-12', '3600000', '정규직', '경기도 안양시', '18', '5', '9', '18'  );
INSERT INTO recruit ( recruit_id, company_id, job_code, title, content, created_at, expired_at, salary, work_type, work_location, work_period, work_days_week, work_start_hour, work_end_hour  ) VALUES ( '17', '17', '42123', '연근해 어업', '1명 모집합니다.', '2023-08-16', '2023-10-08', '4500000', '정규직', '경상남도 울산시', '15', '5', '9', '18'  );
INSERT INTO recruit ( recruit_id, company_id, job_code, title, content, created_at, expired_at, salary, work_type, work_location, work_period, work_days_week, work_start_hour, work_end_hour  ) VALUES ( '18', '18', '42129', '양식 어업', '1명 모집합니다.', '2021-12-16', '2022-01-10', '4800000', '정규직', '강원도 강릉시', '20', '5', '9', '18'  );
INSERT INTO recruit ( recruit_id, company_id, job_code, title, content, created_at, expired_at, salary, work_type, work_location, work_period, work_days_week, work_start_hour, work_end_hour  ) VALUES ( '19', '19', '42130', '천일염 생산 및 암염 채취업', '1명 모집합니다.', '2021-10-20', '2021-11-08', '3300000', '정규직', '강원도 강릉시', '12', '5', '9', '18'  );
INSERT INTO recruit ( recruit_id, company_id, job_code, title, content, created_at, expired_at, salary, work_type, work_location, work_period, work_days_week, work_start_hour, work_end_hour  ) VALUES ( '20', '20', '42131', '식료품 제조업', '1명 모집합니다.', '2021-03-26', '2021-05-15', '3600000', '정규직', '충청북도 충주시', '18', '5', '9', '18'  );
INSERT INTO recruit ( recruit_id, company_id, job_code, title, content, created_at, expired_at, salary, work_type, work_location, work_period, work_days_week, work_start_hour, work_end_hour  ) VALUES ( '21', '21', '42132', '알코올 음료 제조업', '3명 모집', '2021-05-10', '2021-07-06', '3000000', '계약직', '경상남도 창원시', '24', '5', '9', '18'  );
INSERT INTO recruit ( recruit_id, company_id, job_code, title, content, created_at, expired_at, salary, work_type, work_location, work_period, work_days_week, work_start_hour, work_end_hour  ) VALUES ( '22', '22', '42133', '발효주 제조업', '2명 모집합니다.', '2023-04-14', '2023-07-17', '3900000', '계약직', '경상남도 창원시', '12', '5', '9', '18'  );
INSERT INTO recruit ( recruit_id, company_id, job_code, title, content, created_at, expired_at, salary, work_type, work_location, work_period, work_days_week, work_start_hour, work_end_hour  ) VALUES ( '23', '23', '42134', '탁주 및 약주 제조업', '1명 모집합니다.', '2022-08-03', '2022-10-16', '3300000', '계약직', '경상남도 창원시', '18', '5', '9', '18'  );
INSERT INTO recruit ( recruit_id, company_id, job_code, title, content, created_at, expired_at, salary, work_type, work_location, work_period, work_days_week, work_start_hour, work_end_hour  ) VALUES ( '24', '24', '42135', '맥아 및 맥주 제조업', '3명 모집합니다.', '2022-07-17', '2022-09-02', '3500000', '계약직', '경상남도 창원시', '10', '5', '9', '18'  );
INSERT INTO recruit ( recruit_id, company_id, job_code, title, content, created_at, expired_at, salary, work_type, work_location, work_period, work_days_week, work_start_hour, work_end_hour  ) VALUES ( '25', '25', '42136', '기타 발효주 제조업', '2명 모집합니다.', '2021-07-22', '2021-08-27', '2900000', '계약직', '경상남도 창원시', '18', '5', '9', '18'  );
INSERT INTO recruit ( recruit_id, company_id, job_code, title, content, created_at, expired_at, salary, work_type, work_location, work_period, work_days_week, work_start_hour, work_end_hour  ) VALUES ( '26', '26', '42137', '증류주 및 합성주 제조업', '1명 모집합니다.', '2022-12-16', '2023-03-24', '3100000', '계약직', '서울특별시 강남구', '20', '5', '9', '18'  );
INSERT INTO recruit ( recruit_id, company_id, job_code, title, content, created_at, expired_at, salary, work_type, work_location, work_period, work_days_week, work_start_hour, work_end_hour  ) VALUES ( '27', '27', '42138', '주정 제조업', '1명 모집합니다.', '2021-12-09', '2022-01-05', '3800000', '계약직', '서울특별시 강남구', '24', '5', '9', '18'  );
INSERT INTO recruit ( recruit_id, company_id, job_code, title, content, created_at, expired_at, salary, work_type, work_location, work_period, work_days_week, work_start_hour, work_end_hour  ) VALUES ( '28', '28', '42139', '목재 및 나무제품 제조업; 가구 제외', '경력자 2명 모집', '2022-03-18', '2022-05-31', '3600000', '정규직', '충청북도 대전시', '18', '5', '9', '18'  );
INSERT INTO recruit ( recruit_id, company_id, job_code, title, content, created_at, expired_at, salary, work_type, work_location, work_period, work_days_week, work_start_hour, work_end_hour  ) VALUES ( '29', '29', '42200', '제재 및 목재 가공업', '신입 1명모집', '2022-02-08', '2022-05-03', '2900000', '계약직', '충청북도 대전시', '12', '6', '9', '18'  );
INSERT INTO recruit ( recruit_id, company_id, job_code, title, content, created_at, expired_at, salary, work_type, work_location, work_period, work_days_week, work_start_hour, work_end_hour  ) VALUES ( '30', '30', '42201', '일반 제재업', '2명 모집', '2023-01-24', '2023-03-04', '3300000', '정규직', '충청북도 대전시', '24', '5', '9', '18'  );
INSERT INTO recruit ( recruit_id, company_id, job_code, title, content, created_at, expired_at, salary, work_type, work_location, work_period, work_days_week, work_start_hour, work_end_hour  ) VALUES ( '31', '31', '42202', '제철업', '1명 모집합니다.', '2021-06-20', '2021-09-07', '4400000', '정규직', '경상북도 포항시', '12', '5', '9', '18'  );
INSERT INTO recruit ( recruit_id, company_id, job_code, title, content, created_at, expired_at, salary, work_type, work_location, work_period, work_days_week, work_start_hour, work_end_hour  ) VALUES ( '32', '32', '42203', '제강업', '1명 모집합니다.', '2023-01-25', '2023-05-02', '3800000', '계약직', '경상북도 포항시', '18', '5', '9', '18'  );
INSERT INTO recruit ( recruit_id, company_id, job_code, title, content, created_at, expired_at, salary, work_type, work_location, work_period, work_days_week, work_start_hour, work_end_hour  ) VALUES ( '33', '33', '42204', '합금철 제조업', '경력자 2명 모집', '2023-05-09', '2023-06-17', '5000000', '정규직', '경상북도 포항시', '24', '5', '9', '18'  );
INSERT INTO recruit ( recruit_id, company_id, job_code, title, content, created_at, expired_at, salary, work_type, work_location, work_period, work_days_week, work_start_hour, work_end_hour  ) VALUES ( '34', '34', '28119', '기타 제철 및 제강업', '신입 1명모집', '2022-05-31', '2022-06-04', '4400000', '정규직', '경상북도 포항시', '18', '5', '9', '18'  );
INSERT INTO recruit ( recruit_id, company_id, job_code, title, content, created_at, expired_at, salary, work_type, work_location, work_period, work_days_week, work_start_hour, work_end_hour  ) VALUES ( '35', '35', '28120', '철강 압연, 압출 및 연신제품 제조업', '2명 모집', '2022-10-31', '2022-12-01', '3600000', '계약직', '경상북도 포항시', '12', '5', '9', '18'  );
INSERT INTO recruit ( recruit_id, company_id, job_code, title, content, created_at, expired_at, salary, work_type, work_location, work_period, work_days_week, work_start_hour, work_end_hour  ) VALUES ( '36', '36', '28121', '열간 압연 및 압출제품 제조업', '', '2022-02-21', '2022-04-20', '3800000', '정규직', '경상북도 포항시', '18', '5', '9', '18'  );
INSERT INTO recruit ( recruit_id, company_id, job_code, title, content, created_at, expired_at, salary, work_type, work_location, work_period, work_days_week, work_start_hour, work_end_hour  ) VALUES ( '37', '37', '28122', '냉간 압연 및 압출 제품 제조업', '', '2023-01-27', '2023-03-11', '3600000', '계약직', '경상북도 포항시', '24', '5', '9', '18'  );
INSERT INTO recruit ( recruit_id, company_id, job_code, title, content, created_at, expired_at, salary, work_type, work_location, work_period, work_days_week, work_start_hour, work_end_hour  ) VALUES ( '38', '38', '28123', '철강선 제조업', '0명 모집합니다.', '2021-07-16', '2021-10-09', '2900000', '정규직', '경상북도 포항시', '18', '5', '9', '18'  );
INSERT INTO recruit ( recruit_id, company_id, job_code, title, content, created_at, expired_at, salary, work_type, work_location, work_period, work_days_week, work_start_hour, work_end_hour  ) VALUES ( '39', '39', '28200', '철강관 제조업', '8명 모집합니다.', '2021-02-15', '2021-04-22', '3600000', '정규직', '경상남도 울산시', '12', '5', '9', '18'  );
INSERT INTO recruit ( recruit_id, company_id, job_code, title, content, created_at, expired_at, salary, work_type, work_location, work_period, work_days_week, work_start_hour, work_end_hour  ) VALUES ( '40', '40', '28201', '도축, 육류 가공 및 저장 처리업', '3명 모집합니다.', '2022-12-19', '2023-03-21', '3000000', '계약직', '강원도 횡성시', '18', '5', '9', '18'  );
INSERT INTO recruit ( recruit_id, company_id, job_code, title, content, created_at, expired_at, salary, work_type, work_location, work_period, work_days_week, work_start_hour, work_end_hour  ) VALUES ( '41', '41', '28202', '도축업', '4명 모집합니다', '2022-05-28', '2022-08-06', '3000000', '계약직', '강원도 횡성시', '24', '5', '9', '18'  );
INSERT INTO recruit ( recruit_id, company_id, job_code, title, content, created_at, expired_at, salary, work_type, work_location, work_period, work_days_week, work_start_hour, work_end_hour  ) VALUES ( '42', '42', '28300', '육류 도축업(가금류 제외)', '최대 0명 모집합니다.', '2021-04-17', '2021-05-18', '3500000', '계약직', '서울특별시 마포구', '18', '5', '9', '18'  );
INSERT INTO recruit ( recruit_id, company_id, job_code, title, content, created_at, expired_at, salary, work_type, work_location, work_period, work_days_week, work_start_hour, work_end_hour  ) VALUES ( '43', '43', '28301', '봉제의복 제조업', '5명 모집합니다.', '2023-03-25', '2023-05-24', '3800000', '정규직', '서울특별시 송파구', '24', '5', '9', '18'  );
INSERT INTO recruit ( recruit_id, company_id, job_code, title, content, created_at, expired_at, salary, work_type, work_location, work_period, work_days_week, work_start_hour, work_end_hour  ) VALUES ( '44', '44', '28302', '겉옷 제조업', '3명 모집합니다.', '2021-02-18', '2021-05-23', '3200000', '정규직', '서울특별시 서초구', '24', '5', '9', '18'  );
INSERT INTO recruit ( recruit_id, company_id, job_code, title, content, created_at, expired_at, salary, work_type, work_location, work_period, work_days_week, work_start_hour, work_end_hour  ) VALUES ( '45', '45', '28303', '남자용 겉옷 제조업', '최대 0명 모집합니다.', '2022-01-06', '2022-03-12', '3100000', '계약직', '서울특별시 강남구', '24', '5', '9', '18'  );
INSERT INTO recruit ( recruit_id, company_id, job_code, title, content, created_at, expired_at, salary, work_type, work_location, work_period, work_days_week, work_start_hour, work_end_hour  ) VALUES ( '46', '46', '28400', '여자용 겉옷 제조업', '1명 모집합니다.', '2021-04-18', '2021-07-08', '3500000', '정규직', '경기도 인천시', '24', '5', '9', '18'  );
INSERT INTO recruit ( recruit_id, company_id, job_code, title, content, created_at, expired_at, salary, work_type, work_location, work_period, work_days_week, work_start_hour, work_end_hour  ) VALUES ( '47', '47', '28410', '속옷 및 잠옷 제조업', '경력자 2명 모집', '2022-11-05', '2022-11-26', '4500000', '정규직', '경기도 인천시', '24', '5', '9', '18'  );
INSERT INTO recruit ( recruit_id, company_id, job_code, title, content, created_at, expired_at, salary, work_type, work_location, work_period, work_days_week, work_start_hour, work_end_hour  ) VALUES ( '48', '48', '28420', '한복 제조업', '신입 1명모집', '2023-03-01', '2023-05-11', '3400000', '계약직', '서울특별시 강동구', '24', '5', '9', '18'  );
INSERT INTO recruit ( recruit_id, company_id, job_code, title, content, created_at, expired_at, salary, work_type, work_location, work_period, work_days_week, work_start_hour, work_end_hour  ) VALUES ( '49', '49', '28421', '골판지 제조업', '10명 모집합니다.', '2022-10-26', '2022-11-04', '3560000', '정규직', '전라도 전남시', '24', '5', '9', '18'  );
INSERT INTO recruit ( recruit_id, company_id, job_code, title, content, created_at, expired_at, salary, work_type, work_location, work_period, work_days_week, work_start_hour, work_end_hour  ) VALUES ( '50', '50', '28422', '골판지 상자 및 가공제품 제조업', '9명 모집합니다.', '2023-03-28', '2023-07-02', '3300000', '계약직', '경상북도 밀양시', '24', '5', '9', '18'  );

INSERT INTO apply ( apply_id, user_id, recruit_id, resume_id, status ) VALUES ( '1', '1', '1', '1', 'APPLIED'  );
INSERT INTO apply ( apply_id, user_id, recruit_id, resume_id, status ) VALUES ( '2', '1', '2', '1', 'RESUME_DEFAULT_REJECTED'  );
INSERT INTO apply ( apply_id, user_id, recruit_id, resume_id, status ) VALUES ( '3', '1', '3', '1', 'INTERVIEW_SELECTED'  );
INSERT INTO apply ( apply_id, user_id, recruit_id, resume_id, status ) VALUES ( '4', '1', '4', '1', 'FINAL_PASSED'  );
INSERT INTO apply ( apply_id, user_id, recruit_id, resume_id, status ) VALUES ( '5', '2', '5', '2', 'FINAL_REJECTED'  );
INSERT INTO apply ( apply_id, user_id, recruit_id, resume_id, status ) VALUES ( '6', '2', '6', '2', 'APPLIED'  );
INSERT INTO apply ( apply_id, user_id, recruit_id, resume_id, status ) VALUES ( '7', '2', '7', '2', 'RESUME_DEFAULT_REJECTED'  );
INSERT INTO apply ( apply_id, user_id, recruit_id, resume_id, status ) VALUES ( '8', '2', '8', '2', 'INTERVIEW_SELECTED'  );
INSERT INTO apply ( apply_id, user_id, recruit_id, resume_id, status ) VALUES ( '9', '3', '9', '3', 'FINAL_PASSED'  );
INSERT INTO apply ( apply_id, user_id, recruit_id, resume_id, status ) VALUES ( '10', '3', '10', '3', 'FINAL_REJECTED'  );
INSERT INTO apply ( apply_id, user_id, recruit_id, resume_id, status ) VALUES ( '11', '3', '11', '3', 'APPLIED'  );
INSERT INTO apply ( apply_id, user_id, recruit_id, resume_id, status ) VALUES ( '12', '3', '12', '3', 'RESUME_DEFAULT_REJECTED'  );
INSERT INTO apply ( apply_id, user_id, recruit_id, resume_id, status ) VALUES ( '13', '4', '13', '4', 'INTERVIEW_SELECTED'  );
INSERT INTO apply ( apply_id, user_id, recruit_id, resume_id, status ) VALUES ( '14', '4', '14', '4', 'FINAL_PASSED'  );
INSERT INTO apply ( apply_id, user_id, recruit_id, resume_id, status ) VALUES ( '15', '4', '15', '4', 'FINAL_REJECTED'  );
INSERT INTO apply ( apply_id, user_id, recruit_id, resume_id, status ) VALUES ( '16', '4', '16', '4', 'APPLIED'  );
INSERT INTO apply ( apply_id, user_id, recruit_id, resume_id, status ) VALUES ( '17', '5', '17', '5', 'RESUME_DEFAULT_REJECTED'  );
INSERT INTO apply ( apply_id, user_id, recruit_id, resume_id, status ) VALUES ( '18', '5', '18', '5', 'INTERVIEW_SELECTED'  );
INSERT INTO apply ( apply_id, user_id, recruit_id, resume_id, status ) VALUES ( '19', '5', '19', '5', 'FINAL_PASSED'  );
INSERT INTO apply ( apply_id, user_id, recruit_id, resume_id, status ) VALUES ( '20', '5', '20', '5', 'FINAL_REJECTED'  );
INSERT INTO apply ( apply_id, user_id, recruit_id, resume_id, status ) VALUES ( '21', '6', '21', '6', 'APPLIED'  );
INSERT INTO apply ( apply_id, user_id, recruit_id, resume_id, status ) VALUES ( '22', '6', '22', '6', 'RESUME_DEFAULT_REJECTED'  );
INSERT INTO apply ( apply_id, user_id, recruit_id, resume_id, status ) VALUES ( '23', '6', '23', '6', 'INTERVIEW_SELECTED'  );
INSERT INTO apply ( apply_id, user_id, recruit_id, resume_id, status ) VALUES ( '24', '6', '24', '6', 'FINAL_PASSED'  );
INSERT INTO apply ( apply_id, user_id, recruit_id, resume_id, status ) VALUES ( '25', '25', '25', '25', 'FINAL_REJECTED'  );
INSERT INTO apply ( apply_id, user_id, recruit_id, resume_id, status ) VALUES ( '26', '26', '26', '26', 'APPLIED'  );
INSERT INTO apply ( apply_id, user_id, recruit_id, resume_id, status ) VALUES ( '27', '27', '27', '27', 'RESUME_DEFAULT_REJECTED'  );
INSERT INTO apply ( apply_id, user_id, recruit_id, resume_id, status ) VALUES ( '28', '28', '28', '28', 'INTERVIEW_SELECTED'  );
INSERT INTO apply ( apply_id, user_id, recruit_id, resume_id, status ) VALUES ( '29', '29', '29', '29', 'FINAL_PASSED'  );
INSERT INTO apply ( apply_id, user_id, recruit_id, resume_id, status ) VALUES ( '30', '30', '30', '30', 'FINAL_REJECTED'  );
INSERT INTO apply ( apply_id, user_id, recruit_id, resume_id, status ) VALUES ( '31', '31', '31', '31', 'APPLIED'  );
INSERT INTO apply ( apply_id, user_id, recruit_id, resume_id, status ) VALUES ( '32', '32', '32', '32', 'RESUME_DEFAULT_REJECTED'  );
INSERT INTO apply ( apply_id, user_id, recruit_id, resume_id, status ) VALUES ( '33', '33', '33', '33', 'INTERVIEW_SELECTED'  );
INSERT INTO apply ( apply_id, user_id, recruit_id, resume_id, status ) VALUES ( '34', '34', '34', '34', 'FINAL_PASSED'  );
INSERT INTO apply ( apply_id, user_id, recruit_id, resume_id, status ) VALUES ( '35', '35', '35', '35', 'FINAL_REJECTED'  );
INSERT INTO apply ( apply_id, user_id, recruit_id, resume_id, status ) VALUES ( '36', '36', '36', '36', 'APPLIED'  );
INSERT INTO apply ( apply_id, user_id, recruit_id, resume_id, status ) VALUES ( '37', '37', '37', '37', 'RESUME_DEFAULT_REJECTED'  );
INSERT INTO apply ( apply_id, user_id, recruit_id, resume_id, status ) VALUES ( '38', '38', '38', '38', 'INTERVIEW_SELECTED'  );
INSERT INTO apply ( apply_id, user_id, recruit_id, resume_id, status ) VALUES ( '39', '39', '39', '39', 'FINAL_PASSED'  );
INSERT INTO apply ( apply_id, user_id, recruit_id, resume_id, status ) VALUES ( '40', '40', '40', '40', 'FINAL_REJECTED'  );
INSERT INTO apply ( apply_id, user_id, recruit_id, resume_id, status ) VALUES ( '41', '41', '41', '41', 'APPLIED'  );
INSERT INTO apply ( apply_id, user_id, recruit_id, resume_id, status ) VALUES ( '42', '42', '42', '42', 'RESUME_DEFAULT_REJECTED'  );
INSERT INTO apply ( apply_id, user_id, recruit_id, resume_id, status ) VALUES ( '43', '43', '43', '43', 'INTERVIEW_SELECTED'  );
INSERT INTO apply ( apply_id, user_id, recruit_id, resume_id, status ) VALUES ( '44', '44', '44', '44', 'FINAL_PASSED'  );
INSERT INTO apply ( apply_id, user_id, recruit_id, resume_id, status ) VALUES ( '45', '45', '45', '45', 'FINAL_REJECTED'  );
INSERT INTO apply ( apply_id, user_id, recruit_id, resume_id, status ) VALUES ( '46', '46', '46', '46', 'APPLIED'  );
INSERT INTO apply ( apply_id, user_id, recruit_id, resume_id, status ) VALUES ( '47', '47', '47', '47', 'RESUME_DEFAULT_REJECTED'  );
INSERT INTO apply ( apply_id, user_id, recruit_id, resume_id, status ) VALUES ( '48', '48', '48', '48', 'INTERVIEW_SELECTED'  );
INSERT INTO apply ( apply_id, user_id, recruit_id, resume_id, status ) VALUES ( '49', '49', '49', '49', 'FINAL_PASSED'  );
INSERT INTO apply ( apply_id, user_id, recruit_id, resume_id, status ) VALUES ( '50', '50', '50', '50', 'FINAL_REJECTED'  );