INSERT INTO visa ( visa, validity_period  ) VALUES ( 'D-2', '30'  );
INSERT INTO visa ( visa, validity_period  ) VALUES ( 'E-9', '60'  );
INSERT INTO visa ( visa, validity_period  ) VALUES ( 'H-2', '36'  );


INSERT INTO job_code ( job_code, job_name ) VALUES ( '01', '농업' );
INSERT INTO job_code ( job_code, job_name ) VALUES ( '03', '어업' );
INSERT INTO job_code ( job_code, job_name ) VALUES ( '07', '광업' );
INSERT INTO job_code ( job_code, job_name ) VALUES ( '10', '제조업' );
INSERT INTO job_code ( job_code, job_name ) VALUES ( '11', '제조업' );
INSERT INTO job_code ( job_code, job_name ) VALUES ( '12', '제조업' );
INSERT INTO job_code ( job_code, job_name ) VALUES ( '13', '제조업' );
INSERT INTO job_code ( job_code, job_name ) VALUES ( '14', '제조업' );
INSERT INTO job_code ( job_code, job_name ) VALUES ( '15', '제조업' );
INSERT INTO job_code ( job_code, job_name ) VALUES ( '16', '제조업' );
INSERT INTO job_code ( job_code, job_name ) VALUES ( '17', '제조업' );
INSERT INTO job_code ( job_code, job_name ) VALUES ( '18', '제조업' );
INSERT INTO job_code ( job_code, job_name ) VALUES ( '19', '제조업' );
INSERT INTO job_code ( job_code, job_name ) VALUES ( '20', '제조업' );
INSERT INTO job_code ( job_code, job_name ) VALUES ( '21', '제조업' );
INSERT INTO job_code ( job_code, job_name ) VALUES ( '22', '제조업' );
INSERT INTO job_code ( job_code, job_name ) VALUES ( '23', '제조업' );
INSERT INTO job_code ( job_code, job_name ) VALUES ( '24', '제조업' );
INSERT INTO job_code ( job_code, job_name ) VALUES ( '25', '제조업' );
INSERT INTO job_code ( job_code, job_name ) VALUES ( '26', '제조업' );
INSERT INTO job_code ( job_code, job_name ) VALUES ( '27', '제조업' );
INSERT INTO job_code ( job_code, job_name ) VALUES ( '28', '제조업' );
INSERT INTO job_code ( job_code, job_name ) VALUES ( '29', '제조업' );
INSERT INTO job_code ( job_code, job_name ) VALUES ( '30', '제조업' );
INSERT INTO job_code ( job_code, job_name ) VALUES ( '31', '제조업' );
INSERT INTO job_code ( job_code, job_name ) VALUES ( '32', '제조업' );
INSERT INTO job_code ( job_code, job_name ) VALUES ( '33', '제조업' );
INSERT INTO job_code ( job_code, job_name ) VALUES ( '34', '제조업' );
INSERT INTO job_code ( job_code, job_name ) VALUES ( '37', '하수, 폐수 및 분뇨 처리업' );
INSERT INTO job_code ( job_code, job_name ) VALUES ( '38', '폐기물 처리업' );
INSERT INTO job_code ( job_code, job_name ) VALUES ( '41', '건설업' );
INSERT INTO job_code ( job_code, job_name ) VALUES ( '42', '건설업' );
INSERT INTO job_code ( job_code, job_name ) VALUES ( '46', '도매 및 소매업' );
INSERT INTO job_code ( job_code, job_name ) VALUES ( '47', '도매 및 소매업' );
INSERT INTO job_code ( job_code, job_name ) VALUES ( '49', '운수 및 창고업' );
INSERT INTO job_code ( job_code, job_name ) VALUES ( '52', '운수 및 창고업' );
INSERT INTO job_code ( job_code, job_name ) VALUES ( '55', '숙박업' );
INSERT INTO job_code ( job_code, job_name ) VALUES ( '56', '음식점 및 주점업' );
INSERT INTO job_code ( job_code, job_name ) VALUES ( '58', '출판업' );
INSERT INTO job_code ( job_code, job_name ) VALUES ( '59', '출판업' );
INSERT INTO job_code ( job_code, job_name ) VALUES ( '74', '사업시설 관리 및 조경 서비스업' );
INSERT INTO job_code ( job_code, job_name ) VALUES ( '75', '사업 지원 서비스업' );
INSERT INTO job_code ( job_code, job_name ) VALUES ( '87', '사회복지 서비스업' );
INSERT INTO job_code ( job_code, job_name ) VALUES ( '95', '개인 및 소비용품 수리업' );
INSERT INTO job_code ( job_code, job_name ) VALUES ( '96', '기타 개인 서비스업' );
INSERT INTO job_code ( job_code, job_name ) VALUES ( '97', '가구 내 고용활동' );

INSERT INTO user ( user_id, email, name, profile_image, role ) VALUES ( 1, '07ily@naver.com', '현학 김', 'https://file.notion.so/f/f/78c823ce-7bdc-411a-a0f8-d7c30213f51e/3d3e8e46-a9c3-4368-9dcc-8f9875624ffe/Untitled.png?id=674782df-5ddd-48f4-8b4c-6af80a95719b&table=block&spaceId=78c823ce-7bdc-411a-a0f8-d7c30213f51e&expirationTimestamp=1698912000000&signature=nnduEQulkGQF8cLQLGLevmBRfpsGFAiZYNmMSv0cdvc&downloadName=Untitled.png', 'USER');
INSERT INTO user ( user_id, email, name, profile_image, role ) VALUES ( 2, 'user2@naver.com', '우진 김', 'https://file.notion.so/f/f/78c823ce-7bdc-411a-a0f8-d7c30213f51e/3d3e8e46-a9c3-4368-9dcc-8f9875624ffe/Untitled.png?id=674782df-5ddd-48f4-8b4c-6af80a95719b&table=block&spaceId=78c823ce-7bdc-411a-a0f8-d7c30213f51e&expirationTimestamp=1698912000000&signature=nnduEQulkGQF8cLQLGLevmBRfpsGFAiZYNmMSv0cdvc&downloadName=Untitled.png', 'USER');
INSERT INTO user ( user_id, email, name, profile_image, role ) VALUES ( 3, 'user3@naver.com', '주희 이', 'https://file.notion.so/f/f/78c823ce-7bdc-411a-a0f8-d7c30213f51e/3d3e8e46-a9c3-4368-9dcc-8f9875624ffe/Untitled.png?id=674782df-5ddd-48f4-8b4c-6af80a95719b&table=block&spaceId=78c823ce-7bdc-411a-a0f8-d7c30213f51e&expirationTimestamp=1698912000000&signature=nnduEQulkGQF8cLQLGLevmBRfpsGFAiZYNmMSv0cdvc&downloadName=Untitled.png', 'USER');
INSERT INTO user ( user_id, email, name, profile_image, role ) VALUES ( 4, 'user4@naver.com', '승효 조', 'https://file.notion.so/f/f/78c823ce-7bdc-411a-a0f8-d7c30213f51e/3d3e8e46-a9c3-4368-9dcc-8f9875624ffe/Untitled.png?id=674782df-5ddd-48f4-8b4c-6af80a95719b&table=block&spaceId=78c823ce-7bdc-411a-a0f8-d7c30213f51e&expirationTimestamp=1698912000000&signature=nnduEQulkGQF8cLQLGLevmBRfpsGFAiZYNmMSv0cdvc&downloadName=Untitled.png', 'USER');
INSERT INTO user ( user_id, email, name, profile_image, role ) VALUES ( 5, 'user5@naver.com', '태민 장', 'https://file.notion.so/f/f/78c823ce-7bdc-411a-a0f8-d7c30213f51e/3d3e8e46-a9c3-4368-9dcc-8f9875624ffe/Untitled.png?id=674782df-5ddd-48f4-8b4c-6af80a95719b&table=block&spaceId=78c823ce-7bdc-411a-a0f8-d7c30213f51e&expirationTimestamp=1698912000000&signature=nnduEQulkGQF8cLQLGLevmBRfpsGFAiZYNmMSv0cdvc&downloadName=Untitled.png', 'USER');
INSERT INTO user ( user_id, email, name, profile_image, role ) VALUES ( 6, 'user6@naver.com', '승재 현', 'https://file.notion.so/f/f/78c823ce-7bdc-411a-a0f8-d7c30213f51e/3d3e8e46-a9c3-4368-9dcc-8f9875624ffe/Untitled.png?id=674782df-5ddd-48f4-8b4c-6af80a95719b&table=block&spaceId=78c823ce-7bdc-411a-a0f8-d7c30213f51e&expirationTimestamp=1698912000000&signature=nnduEQulkGQF8cLQLGLevmBRfpsGFAiZYNmMSv0cdvc&downloadName=Untitled.png', 'USER');
INSERT INTO user ( user_id, email, name, profile_image, role ) VALUES ( 7, 'user7@naver.com', 'John Smith', 'https://file.notion.so/f/f/78c823ce-7bdc-411a-a0f8-d7c30213f51e/3d3e8e46-a9c3-4368-9dcc-8f9875624ffe/Untitled.png?id=674782df-5ddd-48f4-8b4c-6af80a95719b&table=block&spaceId=78c823ce-7bdc-411a-a0f8-d7c30213f51e&expirationTimestamp=1698912000000&signature=nnduEQulkGQF8cLQLGLevmBRfpsGFAiZYNmMSv0cdvc&downloadName=Untitled.png', 'USER');
INSERT INTO user ( user_id, email, name, profile_image, role ) VALUES ( 8, 'user8@naver.com', 'Lena Kim', 'https://file.notion.so/f/f/78c823ce-7bdc-411a-a0f8-d7c30213f51e/3d3e8e46-a9c3-4368-9dcc-8f9875624ffe/Untitled.png?id=674782df-5ddd-48f4-8b4c-6af80a95719b&table=block&spaceId=78c823ce-7bdc-411a-a0f8-d7c30213f51e&expirationTimestamp=1698912000000&signature=nnduEQulkGQF8cLQLGLevmBRfpsGFAiZYNmMSv1cdvc&downloadName=Untitled.png', 'USER');
INSERT INTO user ( user_id, email, name, profile_image, role ) VALUES ( 9, 'user9@naver.com', 'Steve Jobs', 'https://file.notion.so/f/f/78c823ce-7bdc-411a-a0f8-d7c30213f51e/3d3e8e46-a9c3-4368-9dcc-8f9875624ffe/Untitled.png?id=674782df-5ddd-48f4-8b4c-6af80a95719b&table=block&spaceId=78c823ce-7bdc-411a-a0f8-d7c30213f51e&expirationTimestamp=1698912000000&signature=nnduEQulkGQF8cLQLGLevmBRfpsGFAiZYNmMSv2cdvc&downloadName=Untitled.png', 'USER');
INSERT INTO user ( user_id, email, name, profile_image, role ) VALUES ( 10, 'user10@naver.com', 'Michael Jordan', 'https://file.notion.so/f/f/78c823ce-7bdc-411a-a0f8-d7c30213f51e/3d3e8e46-a9c3-4368-9dcc-8f9875624ffe/Untitled.png?id=674782df-5ddd-48f4-8b4c-6af80a95719b&table=block&spaceId=78c823ce-7bdc-411a-a0f8-d7c30213f51e&expirationTimestamp=1698912000000&signature=nnduEQulkGQF8cLQLGLevmBRfpsGFAiZYNmMSv3cdvc&downloadName=Untitled.png', 'USER');
INSERT INTO user ( user_id, email, name, profile_image, role ) VALUES ( 11, 'user11@naver.com', 'Gaius Julius Caesar', 'https://file.notion.so/f/f/78c823ce-7bdc-411a-a0f8-d7c30213f51e/3d3e8e46-a9c3-4368-9dcc-8f9875624ffe/Untitled.png?id=674782df-5ddd-48f4-8b4c-6af80a95719b&table=block&spaceId=78c823ce-7bdc-411a-a0f8-d7c30213f51e&expirationTimestamp=1698912000000&signature=nnduEQulkGQF8cLQLGLevmBRfpsGFAiZYNmMSv4cdvc&downloadName=Untitled.png', 'USER');
INSERT INTO user ( user_id, email, name, profile_image, role ) VALUES ( 12, 'user12@naver.com', 'John Fitzgerald Kennedy', 'https://file.notion.so/f/f/78c823ce-7bdc-411a-a0f8-d7c30213f51e/3d3e8e46-a9c3-4368-9dcc-8f9875624ffe/Untitled.png?id=674782df-5ddd-48f4-8b4c-6af80a95719b&table=block&spaceId=78c823ce-7bdc-411a-a0f8-d7c30213f51e&expirationTimestamp=1698912000000&signature=nnduEQulkGQF8cLQLGLevmBRfpsGFAiZYNmMSv5cdvc&downloadName=Untitled.png', 'USER');
INSERT INTO user ( user_id, email, name, profile_image, role ) VALUES ( 13, 'user13@naver.com', '길동 홍', 'https://file.notion.so/f/f/78c823ce-7bdc-411a-a0f8-d7c30213f51e/3d3e8e46-a9c3-4368-9dcc-8f9875624ffe/Untitled.png?id=674782df-5ddd-48f4-8b4c-6af80a95719b&table=block&spaceId=78c823ce-7bdc-411a-a0f8-d7c30213f51e&expirationTimestamp=1698912000000&signature=nnduEQulkGQF8cLQLGLevmBRfpsGFAiZYNmMSv6cdvc&downloadName=Untitled.png', 'USER');
INSERT INTO user ( user_id, email, name, profile_image, role ) VALUES ( 14, 'user14@naver.com', '길동 홍', 'https://file.notion.so/f/f/78c823ce-7bdc-411a-a0f8-d7c30213f51e/3d3e8e46-a9c3-4368-9dcc-8f9875624ffe/Untitled.png?id=674782df-5ddd-48f4-8b4c-6af80a95719b&table=block&spaceId=78c823ce-7bdc-411a-a0f8-d7c30213f51e&expirationTimestamp=1698912000000&signature=nnduEQulkGQF8cLQLGLevmBRfpsGFAiZYNmMSv7cdvc&downloadName=Untitled.png', 'USER');
INSERT INTO user ( user_id, email, name, profile_image, role ) VALUES ( 15, 'user15@naver.com', '길동 홍', 'https://file.notion.so/f/f/78c823ce-7bdc-411a-a0f8-d7c30213f51e/3d3e8e46-a9c3-4368-9dcc-8f9875624ffe/Untitled.png?id=674782df-5ddd-48f4-8b4c-6af80a95719b&table=block&spaceId=78c823ce-7bdc-411a-a0f8-d7c30213f51e&expirationTimestamp=1698912000000&signature=nnduEQulkGQF8cLQLGLevmBRfpsGFAiZYNmMSv8cdvc&downloadName=Untitled.png', 'USER');
INSERT INTO user ( user_id, email, name, profile_image, role ) VALUES ( 16, 'user16@naver.com', '길동 홍', 'https://file.notion.so/f/f/78c823ce-7bdc-411a-a0f8-d7c30213f51e/3d3e8e46-a9c3-4368-9dcc-8f9875624ffe/Untitled.png?id=674782df-5ddd-48f4-8b4c-6af80a95719b&table=block&spaceId=78c823ce-7bdc-411a-a0f8-d7c30213f51e&expirationTimestamp=1698912000000&signature=nnduEQulkGQF8cLQLGLevmBRfpsGFAiZYNmMSv9cdvc&downloadName=Untitled.png', 'USER');
INSERT INTO user ( user_id, email, name, profile_image, role ) VALUES ( 17, 'user17@naver.com', '길동 홍', 'https://file.notion.so/f/f/78c823ce-7bdc-411a-a0f8-d7c30213f51e/3d3e8e46-a9c3-4368-9dcc-8f9875624ffe/Untitled.png?id=674782df-5ddd-48f4-8b4c-6af80a95719b&table=block&spaceId=78c823ce-7bdc-411a-a0f8-d7c30213f51e&expirationTimestamp=1698912000000&signature=nnduEQulkGQF8cLQLGLevmBRfpsGFAiZYNmMSv10cdvc&downloadName=Untitled.png', 'USER');
INSERT INTO user ( user_id, email, name, profile_image, role ) VALUES ( 18, 'user18@naver.com', '길동 홍', 'https://file.notion.so/f/f/78c823ce-7bdc-411a-a0f8-d7c30213f51e/3d3e8e46-a9c3-4368-9dcc-8f9875624ffe/Untitled.png?id=674782df-5ddd-48f4-8b4c-6af80a95719b&table=block&spaceId=78c823ce-7bdc-411a-a0f8-d7c30213f51e&expirationTimestamp=1698912000000&signature=nnduEQulkGQF8cLQLGLevmBRfpsGFAiZYNmMSv11cdvc&downloadName=Untitled.png', 'USER');
INSERT INTO user ( user_id, email, name, profile_image, role ) VALUES ( 19, 'user19@naver.com', '길동 홍', 'https://file.notion.so/f/f/78c823ce-7bdc-411a-a0f8-d7c30213f51e/3d3e8e46-a9c3-4368-9dcc-8f9875624ffe/Untitled.png?id=674782df-5ddd-48f4-8b4c-6af80a95719b&table=block&spaceId=78c823ce-7bdc-411a-a0f8-d7c30213f51e&expirationTimestamp=1698912000000&signature=nnduEQulkGQF8cLQLGLevmBRfpsGFAiZYNmMSv12cdvc&downloadName=Untitled.png', 'USER');
INSERT INTO user ( user_id, email, name, profile_image, role ) VALUES ( 20, 'user20@naver.com', '길동 홍', 'https://file.notion.so/f/f/78c823ce-7bdc-411a-a0f8-d7c30213f51e/3d3e8e46-a9c3-4368-9dcc-8f9875624ffe/Untitled.png?id=674782df-5ddd-48f4-8b4c-6af80a95719b&table=block&spaceId=78c823ce-7bdc-411a-a0f8-d7c30213f51e&expirationTimestamp=1698912000000&signature=nnduEQulkGQF8cLQLGLevmBRfpsGFAiZYNmMSv13cdvc&downloadName=Untitled.png', 'USER');
INSERT INTO user ( user_id, email, name, profile_image, role ) VALUES ( 21, 'user21@naver.com', '길동 홍', 'https://file.notion.so/f/f/78c823ce-7bdc-411a-a0f8-d7c30213f51e/3d3e8e46-a9c3-4368-9dcc-8f9875624ffe/Untitled.png?id=674782df-5ddd-48f4-8b4c-6af80a95719b&table=block&spaceId=78c823ce-7bdc-411a-a0f8-d7c30213f51e&expirationTimestamp=1698912000000&signature=nnduEQulkGQF8cLQLGLevmBRfpsGFAiZYNmMSv14cdvc&downloadName=Untitled.png', 'USER');
INSERT INTO user ( user_id, email, name, profile_image, role ) VALUES ( 22, 'user22@naver.com', '길동 홍', 'https://file.notion.so/f/f/78c823ce-7bdc-411a-a0f8-d7c30213f51e/3d3e8e46-a9c3-4368-9dcc-8f9875624ffe/Untitled.png?id=674782df-5ddd-48f4-8b4c-6af80a95719b&table=block&spaceId=78c823ce-7bdc-411a-a0f8-d7c30213f51e&expirationTimestamp=1698912000000&signature=nnduEQulkGQF8cLQLGLevmBRfpsGFAiZYNmMSv15cdvc&downloadName=Untitled.png', 'USER');
INSERT INTO user ( user_id, email, name, profile_image, role ) VALUES ( 23, 'user23@naver.com', '길동 홍', 'https://file.notion.so/f/f/78c823ce-7bdc-411a-a0f8-d7c30213f51e/3d3e8e46-a9c3-4368-9dcc-8f9875624ffe/Untitled.png?id=674782df-5ddd-48f4-8b4c-6af80a95719b&table=block&spaceId=78c823ce-7bdc-411a-a0f8-d7c30213f51e&expirationTimestamp=1698912000000&signature=nnduEQulkGQF8cLQLGLevmBRfpsGFAiZYNmMSv16cdvc&downloadName=Untitled.png', 'USER');
INSERT INTO user ( user_id, email, name, profile_image, role ) VALUES ( 24, 'user24@naver.com', '길동 홍', 'https://file.notion.so/f/f/78c823ce-7bdc-411a-a0f8-d7c30213f51e/3d3e8e46-a9c3-4368-9dcc-8f9875624ffe/Untitled.png?id=674782df-5ddd-48f4-8b4c-6af80a95719b&table=block&spaceId=78c823ce-7bdc-411a-a0f8-d7c30213f51e&expirationTimestamp=1698912000000&signature=nnduEQulkGQF8cLQLGLevmBRfpsGFAiZYNmMSv17cdvc&downloadName=Untitled.png', 'USER');
INSERT INTO user ( user_id, email, name, profile_image, role ) VALUES ( 25, 'user25@naver.com', '길동 홍', 'https://file.notion.so/f/f/78c823ce-7bdc-411a-a0f8-d7c30213f51e/3d3e8e46-a9c3-4368-9dcc-8f9875624ffe/Untitled.png?id=674782df-5ddd-48f4-8b4c-6af80a95719b&table=block&spaceId=78c823ce-7bdc-411a-a0f8-d7c30213f51e&expirationTimestamp=1698912000000&signature=nnduEQulkGQF8cLQLGLevmBRfpsGFAiZYNmMSv18cdvc&downloadName=Untitled.png', 'USER');
INSERT INTO user ( user_id, email, name, profile_image, role ) VALUES ( 26, 'user26@naver.com', '길동 홍', 'https://file.notion.so/f/f/78c823ce-7bdc-411a-a0f8-d7c30213f51e/3d3e8e46-a9c3-4368-9dcc-8f9875624ffe/Untitled.png?id=674782df-5ddd-48f4-8b4c-6af80a95719b&table=block&spaceId=78c823ce-7bdc-411a-a0f8-d7c30213f51e&expirationTimestamp=1698912000000&signature=nnduEQulkGQF8cLQLGLevmBRfpsGFAiZYNmMSv19cdvc&downloadName=Untitled.png', 'USER');
INSERT INTO user ( user_id, email, name, profile_image, role ) VALUES ( 27, 'user27@naver.com', '길동 홍', 'https://file.notion.so/f/f/78c823ce-7bdc-411a-a0f8-d7c30213f51e/3d3e8e46-a9c3-4368-9dcc-8f9875624ffe/Untitled.png?id=674782df-5ddd-48f4-8b4c-6af80a95719b&table=block&spaceId=78c823ce-7bdc-411a-a0f8-d7c30213f51e&expirationTimestamp=1698912000000&signature=nnduEQulkGQF8cLQLGLevmBRfpsGFAiZYNmMSv20cdvc&downloadName=Untitled.png', 'USER');
INSERT INTO user ( user_id, email, name, profile_image, role ) VALUES ( 28, 'user28@naver.com', '길동 홍', 'https://file.notion.so/f/f/78c823ce-7bdc-411a-a0f8-d7c30213f51e/3d3e8e46-a9c3-4368-9dcc-8f9875624ffe/Untitled.png?id=674782df-5ddd-48f4-8b4c-6af80a95719b&table=block&spaceId=78c823ce-7bdc-411a-a0f8-d7c30213f51e&expirationTimestamp=1698912000000&signature=nnduEQulkGQF8cLQLGLevmBRfpsGFAiZYNmMSv21cdvc&downloadName=Untitled.png', 'USER');
INSERT INTO user ( user_id, email, name, profile_image, role ) VALUES ( 29, 'user29@naver.com', '길동 홍', 'https://file.notion.so/f/f/78c823ce-7bdc-411a-a0f8-d7c30213f51e/3d3e8e46-a9c3-4368-9dcc-8f9875624ffe/Untitled.png?id=674782df-5ddd-48f4-8b4c-6af80a95719b&table=block&spaceId=78c823ce-7bdc-411a-a0f8-d7c30213f51e&expirationTimestamp=1698912000000&signature=nnduEQulkGQF8cLQLGLevmBRfpsGFAiZYNmMSv22cdvc&downloadName=Untitled.png', 'USER');
INSERT INTO user ( user_id, email, name, profile_image, role ) VALUES ( 30, 'user30@naver.com', '길동 홍', 'https://file.notion.so/f/f/78c823ce-7bdc-411a-a0f8-d7c30213f51e/3d3e8e46-a9c3-4368-9dcc-8f9875624ffe/Untitled.png?id=674782df-5ddd-48f4-8b4c-6af80a95719b&table=block&spaceId=78c823ce-7bdc-411a-a0f8-d7c30213f51e&expirationTimestamp=1698912000000&signature=nnduEQulkGQF8cLQLGLevmBRfpsGFAiZYNmMSv23cdvc&downloadName=Untitled.png', 'USER');
INSERT INTO user ( user_id, email, name, profile_image, role ) VALUES ( 31, 'user31@naver.com', '길동 홍', 'https://file.notion.so/f/f/78c823ce-7bdc-411a-a0f8-d7c30213f51e/3d3e8e46-a9c3-4368-9dcc-8f9875624ffe/Untitled.png?id=674782df-5ddd-48f4-8b4c-6af80a95719b&table=block&spaceId=78c823ce-7bdc-411a-a0f8-d7c30213f51e&expirationTimestamp=1698912000000&signature=nnduEQulkGQF8cLQLGLevmBRfpsGFAiZYNmMSv24cdvc&downloadName=Untitled.png', 'USER');
INSERT INTO user ( user_id, email, name, profile_image, role ) VALUES ( 32, 'user32@naver.com', '길동 홍', 'https://file.notion.so/f/f/78c823ce-7bdc-411a-a0f8-d7c30213f51e/3d3e8e46-a9c3-4368-9dcc-8f9875624ffe/Untitled.png?id=674782df-5ddd-48f4-8b4c-6af80a95719b&table=block&spaceId=78c823ce-7bdc-411a-a0f8-d7c30213f51e&expirationTimestamp=1698912000000&signature=nnduEQulkGQF8cLQLGLevmBRfpsGFAiZYNmMSv25cdvc&downloadName=Untitled.png', 'USER');
INSERT INTO user ( user_id, email, name, profile_image, role ) VALUES ( 33, 'user33@naver.com', '길동 홍', 'https://file.notion.so/f/f/78c823ce-7bdc-411a-a0f8-d7c30213f51e/3d3e8e46-a9c3-4368-9dcc-8f9875624ffe/Untitled.png?id=674782df-5ddd-48f4-8b4c-6af80a95719b&table=block&spaceId=78c823ce-7bdc-411a-a0f8-d7c30213f51e&expirationTimestamp=1698912000000&signature=nnduEQulkGQF8cLQLGLevmBRfpsGFAiZYNmMSv26cdvc&downloadName=Untitled.png', 'USER');
INSERT INTO user ( user_id, email, name, profile_image, role ) VALUES ( 34, 'user34@naver.com', '길동 홍', 'https://file.notion.so/f/f/78c823ce-7bdc-411a-a0f8-d7c30213f51e/3d3e8e46-a9c3-4368-9dcc-8f9875624ffe/Untitled.png?id=674782df-5ddd-48f4-8b4c-6af80a95719b&table=block&spaceId=78c823ce-7bdc-411a-a0f8-d7c30213f51e&expirationTimestamp=1698912000000&signature=nnduEQulkGQF8cLQLGLevmBRfpsGFAiZYNmMSv27cdvc&downloadName=Untitled.png', 'USER');
INSERT INTO user ( user_id, email, name, profile_image, role ) VALUES ( 35, 'user35@naver.com', '길동 홍', 'https://file.notion.so/f/f/78c823ce-7bdc-411a-a0f8-d7c30213f51e/3d3e8e46-a9c3-4368-9dcc-8f9875624ffe/Untitled.png?id=674782df-5ddd-48f4-8b4c-6af80a95719b&table=block&spaceId=78c823ce-7bdc-411a-a0f8-d7c30213f51e&expirationTimestamp=1698912000000&signature=nnduEQulkGQF8cLQLGLevmBRfpsGFAiZYNmMSv28cdvc&downloadName=Untitled.png', 'USER');
INSERT INTO user ( user_id, email, name, profile_image, role ) VALUES ( 36, 'user36@naver.com', '길동 홍', 'https://file.notion.so/f/f/78c823ce-7bdc-411a-a0f8-d7c30213f51e/3d3e8e46-a9c3-4368-9dcc-8f9875624ffe/Untitled.png?id=674782df-5ddd-48f4-8b4c-6af80a95719b&table=block&spaceId=78c823ce-7bdc-411a-a0f8-d7c30213f51e&expirationTimestamp=1698912000000&signature=nnduEQulkGQF8cLQLGLevmBRfpsGFAiZYNmMSv29cdvc&downloadName=Untitled.png', 'USER');
INSERT INTO user ( user_id, email, name, profile_image, role ) VALUES ( 37, 'user37@naver.com', '길동 홍', 'https://file.notion.so/f/f/78c823ce-7bdc-411a-a0f8-d7c30213f51e/3d3e8e46-a9c3-4368-9dcc-8f9875624ffe/Untitled.png?id=674782df-5ddd-48f4-8b4c-6af80a95719b&table=block&spaceId=78c823ce-7bdc-411a-a0f8-d7c30213f51e&expirationTimestamp=1698912000000&signature=nnduEQulkGQF8cLQLGLevmBRfpsGFAiZYNmMSv30cdvc&downloadName=Untitled.png', 'USER');
INSERT INTO user ( user_id, email, name, profile_image, role ) VALUES ( 38, 'user38@naver.com', '길동 홍', 'https://file.notion.so/f/f/78c823ce-7bdc-411a-a0f8-d7c30213f51e/3d3e8e46-a9c3-4368-9dcc-8f9875624ffe/Untitled.png?id=674782df-5ddd-48f4-8b4c-6af80a95719b&table=block&spaceId=78c823ce-7bdc-411a-a0f8-d7c30213f51e&expirationTimestamp=1698912000000&signature=nnduEQulkGQF8cLQLGLevmBRfpsGFAiZYNmMSv31cdvc&downloadName=Untitled.png', 'USER');
INSERT INTO user ( user_id, email, name, profile_image, role ) VALUES ( 39, 'user39@naver.com', '길동 홍', 'https://file.notion.so/f/f/78c823ce-7bdc-411a-a0f8-d7c30213f51e/3d3e8e46-a9c3-4368-9dcc-8f9875624ffe/Untitled.png?id=674782df-5ddd-48f4-8b4c-6af80a95719b&table=block&spaceId=78c823ce-7bdc-411a-a0f8-d7c30213f51e&expirationTimestamp=1698912000000&signature=nnduEQulkGQF8cLQLGLevmBRfpsGFAiZYNmMSv32cdvc&downloadName=Untitled.png', 'USER');
INSERT INTO user ( user_id, email, name, profile_image, role ) VALUES ( 40, 'user40@naver.com', '길동 홍', 'https://file.notion.so/f/f/78c823ce-7bdc-411a-a0f8-d7c30213f51e/3d3e8e46-a9c3-4368-9dcc-8f9875624ffe/Untitled.png?id=674782df-5ddd-48f4-8b4c-6af80a95719b&table=block&spaceId=78c823ce-7bdc-411a-a0f8-d7c30213f51e&expirationTimestamp=1698912000000&signature=nnduEQulkGQF8cLQLGLevmBRfpsGFAiZYNmMSv33cdvc&downloadName=Untitled.png', 'USER');
INSERT INTO user ( user_id, email, name, profile_image, role ) VALUES ( 41, 'user41@naver.com', '길동 홍', 'https://file.notion.so/f/f/78c823ce-7bdc-411a-a0f8-d7c30213f51e/3d3e8e46-a9c3-4368-9dcc-8f9875624ffe/Untitled.png?id=674782df-5ddd-48f4-8b4c-6af80a95719b&table=block&spaceId=78c823ce-7bdc-411a-a0f8-d7c30213f51e&expirationTimestamp=1698912000000&signature=nnduEQulkGQF8cLQLGLevmBRfpsGFAiZYNmMSv34cdvc&downloadName=Untitled.png', 'USER');
INSERT INTO user ( user_id, email, name, profile_image, role ) VALUES ( 42, 'user42@naver.com', '길동 홍', 'https://file.notion.so/f/f/78c823ce-7bdc-411a-a0f8-d7c30213f51e/3d3e8e46-a9c3-4368-9dcc-8f9875624ffe/Untitled.png?id=674782df-5ddd-48f4-8b4c-6af80a95719b&table=block&spaceId=78c823ce-7bdc-411a-a0f8-d7c30213f51e&expirationTimestamp=1698912000000&signature=nnduEQulkGQF8cLQLGLevmBRfpsGFAiZYNmMSv35cdvc&downloadName=Untitled.png', 'USER');
INSERT INTO user ( user_id, email, name, profile_image, role ) VALUES ( 43, 'user43@naver.com', '길동 홍', 'https://file.notion.so/f/f/78c823ce-7bdc-411a-a0f8-d7c30213f51e/3d3e8e46-a9c3-4368-9dcc-8f9875624ffe/Untitled.png?id=674782df-5ddd-48f4-8b4c-6af80a95719b&table=block&spaceId=78c823ce-7bdc-411a-a0f8-d7c30213f51e&expirationTimestamp=1698912000000&signature=nnduEQulkGQF8cLQLGLevmBRfpsGFAiZYNmMSv36cdvc&downloadName=Untitled.png', 'USER');
INSERT INTO user ( user_id, email, name, profile_image, role ) VALUES ( 44, 'user44@naver.com', '길동 홍', 'https://file.notion.so/f/f/78c823ce-7bdc-411a-a0f8-d7c30213f51e/3d3e8e46-a9c3-4368-9dcc-8f9875624ffe/Untitled.png?id=674782df-5ddd-48f4-8b4c-6af80a95719b&table=block&spaceId=78c823ce-7bdc-411a-a0f8-d7c30213f51e&expirationTimestamp=1698912000000&signature=nnduEQulkGQF8cLQLGLevmBRfpsGFAiZYNmMSv37cdvc&downloadName=Untitled.png', 'USER');
INSERT INTO user ( user_id, email, name, profile_image, role ) VALUES ( 45, 'user45@naver.com', '길동 홍', 'https://file.notion.so/f/f/78c823ce-7bdc-411a-a0f8-d7c30213f51e/3d3e8e46-a9c3-4368-9dcc-8f9875624ffe/Untitled.png?id=674782df-5ddd-48f4-8b4c-6af80a95719b&table=block&spaceId=78c823ce-7bdc-411a-a0f8-d7c30213f51e&expirationTimestamp=1698912000000&signature=nnduEQulkGQF8cLQLGLevmBRfpsGFAiZYNmMSv38cdvc&downloadName=Untitled.png', 'USER');
INSERT INTO user ( user_id, email, name, profile_image, role ) VALUES ( 46, 'user46@naver.com', '길동 홍', 'https://file.notion.so/f/f/78c823ce-7bdc-411a-a0f8-d7c30213f51e/3d3e8e46-a9c3-4368-9dcc-8f9875624ffe/Untitled.png?id=674782df-5ddd-48f4-8b4c-6af80a95719b&table=block&spaceId=78c823ce-7bdc-411a-a0f8-d7c30213f51e&expirationTimestamp=1698912000000&signature=nnduEQulkGQF8cLQLGLevmBRfpsGFAiZYNmMSv39cdvc&downloadName=Untitled.png', 'USER');
INSERT INTO user ( user_id, email, name, profile_image, role ) VALUES ( 47, 'user47@naver.com', '길동 홍', 'https://file.notion.so/f/f/78c823ce-7bdc-411a-a0f8-d7c30213f51e/3d3e8e46-a9c3-4368-9dcc-8f9875624ffe/Untitled.png?id=674782df-5ddd-48f4-8b4c-6af80a95719b&table=block&spaceId=78c823ce-7bdc-411a-a0f8-d7c30213f51e&expirationTimestamp=1698912000000&signature=nnduEQulkGQF8cLQLGLevmBRfpsGFAiZYNmMSv40cdvc&downloadName=Untitled.png', 'USER');
INSERT INTO user ( user_id, email, name, profile_image, role ) VALUES ( 48, 'user48@naver.com', '길동 홍', 'https://file.notion.so/f/f/78c823ce-7bdc-411a-a0f8-d7c30213f51e/3d3e8e46-a9c3-4368-9dcc-8f9875624ffe/Untitled.png?id=674782df-5ddd-48f4-8b4c-6af80a95719b&table=block&spaceId=78c823ce-7bdc-411a-a0f8-d7c30213f51e&expirationTimestamp=1698912000000&signature=nnduEQulkGQF8cLQLGLevmBRfpsGFAiZYNmMSv41cdvc&downloadName=Untitled.png', 'USER');
INSERT INTO user ( user_id, email, name, profile_image, role ) VALUES ( 49, 'user49@naver.com', '길동 홍', 'https://file.notion.so/f/f/78c823ce-7bdc-411a-a0f8-d7c30213f51e/3d3e8e46-a9c3-4368-9dcc-8f9875624ffe/Untitled.png?id=674782df-5ddd-48f4-8b4c-6af80a95719b&table=block&spaceId=78c823ce-7bdc-411a-a0f8-d7c30213f51e&expirationTimestamp=1698912000000&signature=nnduEQulkGQF8cLQLGLevmBRfpsGFAiZYNmMSv42cdvc&downloadName=Untitled.png', 'USER');
INSERT INTO user ( user_id, email, name, profile_image, role ) VALUES ( 50, 'user50@naver.com', '길동 홍', 'https://file.notion.so/f/f/78c823ce-7bdc-411a-a0f8-d7c30213f51e/3d3e8e46-a9c3-4368-9dcc-8f9875624ffe/Untitled.png?id=674782df-5ddd-48f4-8b4c-6af80a95719b&table=block&spaceId=78c823ce-7bdc-411a-a0f8-d7c30213f51e&expirationTimestamp=1698912000000&signature=nnduEQulkGQF8cLQLGLevmBRfpsGFAiZYNmMSv43cdvc&downloadName=Untitled.png', 'USER');
INSERT INTO user ( user_id, email, name, profile_image, role ) VALUES ( 51, 'user51@naver.com', '길동 홍', 'https://file.notion.so/f/f/78c823ce-7bdc-411a-a0f8-d7c30213f51e/3d3e8e46-a9c3-4368-9dcc-8f9875624ffe/Untitled.png?id=674782df-5ddd-48f4-8b4c-6af80a95719b&table=block&spaceId=78c823ce-7bdc-411a-a0f8-d7c30213f51e&expirationTimestamp=1698912000000&signature=nnduEQulkGQF8cLQLGLevmBRfpsGFAiZYNmMSv44cdvc&downloadName=Untitled.png', 'RECRUITER');
INSERT INTO user ( user_id, email, name, profile_image, role ) VALUES ( 52, 'user52@naver.com', '길동 홍', 'https://file.notion.so/f/f/78c823ce-7bdc-411a-a0f8-d7c30213f51e/3d3e8e46-a9c3-4368-9dcc-8f9875624ffe/Untitled.png?id=674782df-5ddd-48f4-8b4c-6af80a95719b&table=block&spaceId=78c823ce-7bdc-411a-a0f8-d7c30213f51e&expirationTimestamp=1698912000000&signature=nnduEQulkGQF8cLQLGLevmBRfpsGFAiZYNmMSv45cdvc&downloadName=Untitled.png', 'RECRUITER');
INSERT INTO user ( user_id, email, name, profile_image, role ) VALUES ( 53, 'user53@naver.com', '길동 홍', 'https://file.notion.so/f/f/78c823ce-7bdc-411a-a0f8-d7c30213f51e/3d3e8e46-a9c3-4368-9dcc-8f9875624ffe/Untitled.png?id=674782df-5ddd-48f4-8b4c-6af80a95719b&table=block&spaceId=78c823ce-7bdc-411a-a0f8-d7c30213f51e&expirationTimestamp=1698912000000&signature=nnduEQulkGQF8cLQLGLevmBRfpsGFAiZYNmMSv46cdvc&downloadName=Untitled.png', 'RECRUITER');
INSERT INTO user ( user_id, email, name, profile_image, role ) VALUES ( 54, 'user54@naver.com', '길동 홍', 'https://file.notion.so/f/f/78c823ce-7bdc-411a-a0f8-d7c30213f51e/3d3e8e46-a9c3-4368-9dcc-8f9875624ffe/Untitled.png?id=674782df-5ddd-48f4-8b4c-6af80a95719b&table=block&spaceId=78c823ce-7bdc-411a-a0f8-d7c30213f51e&expirationTimestamp=1698912000000&signature=nnduEQulkGQF8cLQLGLevmBRfpsGFAiZYNmMSv47cdvc&downloadName=Untitled.png', 'RECRUITER');
INSERT INTO user ( user_id, email, name, profile_image, role ) VALUES ( 55, 'user55@naver.com', '길동 홍', 'https://file.notion.so/f/f/78c823ce-7bdc-411a-a0f8-d7c30213f51e/3d3e8e46-a9c3-4368-9dcc-8f9875624ffe/Untitled.png?id=674782df-5ddd-48f4-8b4c-6af80a95719b&table=block&spaceId=78c823ce-7bdc-411a-a0f8-d7c30213f51e&expirationTimestamp=1698912000000&signature=nnduEQulkGQF8cLQLGLevmBRfpsGFAiZYNmMSv48cdvc&downloadName=Untitled.png', 'RECRUITER');
INSERT INTO user ( user_id, email, name, profile_image, role ) VALUES ( 56, 'user56@naver.com', '길동 홍', 'https://file.notion.so/f/f/78c823ce-7bdc-411a-a0f8-d7c30213f51e/3d3e8e46-a9c3-4368-9dcc-8f9875624ffe/Untitled.png?id=674782df-5ddd-48f4-8b4c-6af80a95719b&table=block&spaceId=78c823ce-7bdc-411a-a0f8-d7c30213f51e&expirationTimestamp=1698912000000&signature=nnduEQulkGQF8cLQLGLevmBRfpsGFAiZYNmMSv49cdvc&downloadName=Untitled.png', 'RECRUITER');
INSERT INTO user ( user_id, email, name, profile_image, role ) VALUES ( 57, 'user57@naver.com', '길동 홍', 'https://file.notion.so/f/f/78c823ce-7bdc-411a-a0f8-d7c30213f51e/3d3e8e46-a9c3-4368-9dcc-8f9875624ffe/Untitled.png?id=674782df-5ddd-48f4-8b4c-6af80a95719b&table=block&spaceId=78c823ce-7bdc-411a-a0f8-d7c30213f51e&expirationTimestamp=1698912000000&signature=nnduEQulkGQF8cLQLGLevmBRfpsGFAiZYNmMSv50cdvc&downloadName=Untitled.png', 'RECRUITER');
INSERT INTO user ( user_id, email, name, profile_image, role ) VALUES ( 58, 'user58@naver.com', '길동 홍', 'https://file.notion.so/f/f/78c823ce-7bdc-411a-a0f8-d7c30213f51e/3d3e8e46-a9c3-4368-9dcc-8f9875624ffe/Untitled.png?id=674782df-5ddd-48f4-8b4c-6af80a95719b&table=block&spaceId=78c823ce-7bdc-411a-a0f8-d7c30213f51e&expirationTimestamp=1698912000000&signature=nnduEQulkGQF8cLQLGLevmBRfpsGFAiZYNmMSv51cdvc&downloadName=Untitled.png', 'RECRUITER');
INSERT INTO user ( user_id, email, name, profile_image, role ) VALUES ( 59, 'user59@naver.com', '길동 홍', 'https://file.notion.so/f/f/78c823ce-7bdc-411a-a0f8-d7c30213f51e/3d3e8e46-a9c3-4368-9dcc-8f9875624ffe/Untitled.png?id=674782df-5ddd-48f4-8b4c-6af80a95719b&table=block&spaceId=78c823ce-7bdc-411a-a0f8-d7c30213f51e&expirationTimestamp=1698912000000&signature=nnduEQulkGQF8cLQLGLevmBRfpsGFAiZYNmMSv52cdvc&downloadName=Untitled.png', 'RECRUITER');
INSERT INTO user ( user_id, email, name, profile_image, role ) VALUES ( 60, 'user60@naver.com', '길동 홍', 'https://file.notion.so/f/f/78c823ce-7bdc-411a-a0f8-d7c30213f51e/3d3e8e46-a9c3-4368-9dcc-8f9875624ffe/Untitled.png?id=674782df-5ddd-48f4-8b4c-6af80a95719b&table=block&spaceId=78c823ce-7bdc-411a-a0f8-d7c30213f51e&expirationTimestamp=1698912000000&signature=nnduEQulkGQF8cLQLGLevmBRfpsGFAiZYNmMSv53cdvc&downloadName=Untitled.png', 'RECRUITER');
INSERT INTO user ( user_id, email, name, profile_image, role ) VALUES ( 61, 'user61@naver.com', '길동 홍', 'https://file.notion.so/f/f/78c823ce-7bdc-411a-a0f8-d7c30213f51e/3d3e8e46-a9c3-4368-9dcc-8f9875624ffe/Untitled.png?id=674782df-5ddd-48f4-8b4c-6af80a95719b&table=block&spaceId=78c823ce-7bdc-411a-a0f8-d7c30213f51e&expirationTimestamp=1698912000000&signature=nnduEQulkGQF8cLQLGLevmBRfpsGFAiZYNmMSv54cdvc&downloadName=Untitled.png', 'RECRUITER');
INSERT INTO user ( user_id, email, name, profile_image, role ) VALUES ( 62, 'user62@naver.com', '길동 홍', 'https://file.notion.so/f/f/78c823ce-7bdc-411a-a0f8-d7c30213f51e/3d3e8e46-a9c3-4368-9dcc-8f9875624ffe/Untitled.png?id=674782df-5ddd-48f4-8b4c-6af80a95719b&table=block&spaceId=78c823ce-7bdc-411a-a0f8-d7c30213f51e&expirationTimestamp=1698912000000&signature=nnduEQulkGQF8cLQLGLevmBRfpsGFAiZYNmMSv55cdvc&downloadName=Untitled.png', 'RECRUITER');
INSERT INTO user ( user_id, email, name, profile_image, role ) VALUES ( 63, 'user63@naver.com', '길동 홍', 'https://file.notion.so/f/f/78c823ce-7bdc-411a-a0f8-d7c30213f51e/3d3e8e46-a9c3-4368-9dcc-8f9875624ffe/Untitled.png?id=674782df-5ddd-48f4-8b4c-6af80a95719b&table=block&spaceId=78c823ce-7bdc-411a-a0f8-d7c30213f51e&expirationTimestamp=1698912000000&signature=nnduEQulkGQF8cLQLGLevmBRfpsGFAiZYNmMSv56cdvc&downloadName=Untitled.png', 'RECRUITER');
INSERT INTO user ( user_id, email, name, profile_image, role ) VALUES ( 64, 'user64@naver.com', '길동 홍', 'https://file.notion.so/f/f/78c823ce-7bdc-411a-a0f8-d7c30213f51e/3d3e8e46-a9c3-4368-9dcc-8f9875624ffe/Untitled.png?id=674782df-5ddd-48f4-8b4c-6af80a95719b&table=block&spaceId=78c823ce-7bdc-411a-a0f8-d7c30213f51e&expirationTimestamp=1698912000000&signature=nnduEQulkGQF8cLQLGLevmBRfpsGFAiZYNmMSv57cdvc&downloadName=Untitled.png', 'RECRUITER');
INSERT INTO user ( user_id, email, name, profile_image, role ) VALUES ( 65, 'user65@naver.com', '길동 홍', 'https://file.notion.so/f/f/78c823ce-7bdc-411a-a0f8-d7c30213f51e/3d3e8e46-a9c3-4368-9dcc-8f9875624ffe/Untitled.png?id=674782df-5ddd-48f4-8b4c-6af80a95719b&table=block&spaceId=78c823ce-7bdc-411a-a0f8-d7c30213f51e&expirationTimestamp=1698912000000&signature=nnduEQulkGQF8cLQLGLevmBRfpsGFAiZYNmMSv58cdvc&downloadName=Untitled.png', 'RECRUITER');
INSERT INTO user ( user_id, email, name, profile_image, role ) VALUES ( 66, 'user66@naver.com', '길동 홍', 'https://file.notion.so/f/f/78c823ce-7bdc-411a-a0f8-d7c30213f51e/3d3e8e46-a9c3-4368-9dcc-8f9875624ffe/Untitled.png?id=674782df-5ddd-48f4-8b4c-6af80a95719b&table=block&spaceId=78c823ce-7bdc-411a-a0f8-d7c30213f51e&expirationTimestamp=1698912000000&signature=nnduEQulkGQF8cLQLGLevmBRfpsGFAiZYNmMSv59cdvc&downloadName=Untitled.png', 'RECRUITER');
INSERT INTO user ( user_id, email, name, profile_image, role ) VALUES ( 67, 'user67@naver.com', '길동 홍', 'https://file.notion.so/f/f/78c823ce-7bdc-411a-a0f8-d7c30213f51e/3d3e8e46-a9c3-4368-9dcc-8f9875624ffe/Untitled.png?id=674782df-5ddd-48f4-8b4c-6af80a95719b&table=block&spaceId=78c823ce-7bdc-411a-a0f8-d7c30213f51e&expirationTimestamp=1698912000000&signature=nnduEQulkGQF8cLQLGLevmBRfpsGFAiZYNmMSv60cdvc&downloadName=Untitled.png', 'RECRUITER');
INSERT INTO user ( user_id, email, name, profile_image, role ) VALUES ( 68, 'user68@naver.com', '길동 홍', 'https://file.notion.so/f/f/78c823ce-7bdc-411a-a0f8-d7c30213f51e/3d3e8e46-a9c3-4368-9dcc-8f9875624ffe/Untitled.png?id=674782df-5ddd-48f4-8b4c-6af80a95719b&table=block&spaceId=78c823ce-7bdc-411a-a0f8-d7c30213f51e&expirationTimestamp=1698912000000&signature=nnduEQulkGQF8cLQLGLevmBRfpsGFAiZYNmMSv61cdvc&downloadName=Untitled.png', 'RECRUITER');
INSERT INTO user ( user_id, email, name, profile_image, role ) VALUES ( 69, 'user69@naver.com', '길동 홍', 'https://file.notion.so/f/f/78c823ce-7bdc-411a-a0f8-d7c30213f51e/3d3e8e46-a9c3-4368-9dcc-8f9875624ffe/Untitled.png?id=674782df-5ddd-48f4-8b4c-6af80a95719b&table=block&spaceId=78c823ce-7bdc-411a-a0f8-d7c30213f51e&expirationTimestamp=1698912000000&signature=nnduEQulkGQF8cLQLGLevmBRfpsGFAiZYNmMSv62cdvc&downloadName=Untitled.png', 'RECRUITER');
INSERT INTO user ( user_id, email, name, profile_image, role ) VALUES ( 70, 'user70@naver.com', '길동 홍', 'https://file.notion.so/f/f/78c823ce-7bdc-411a-a0f8-d7c30213f51e/3d3e8e46-a9c3-4368-9dcc-8f9875624ffe/Untitled.png?id=674782df-5ddd-48f4-8b4c-6af80a95719b&table=block&spaceId=78c823ce-7bdc-411a-a0f8-d7c30213f51e&expirationTimestamp=1698912000000&signature=nnduEQulkGQF8cLQLGLevmBRfpsGFAiZYNmMSv63cdvc&downloadName=Untitled.png', 'RECRUITER');
INSERT INTO user ( user_id, email, name, profile_image, role ) VALUES ( 71, 'user71@naver.com', '길동 홍', 'https://file.notion.so/f/f/78c823ce-7bdc-411a-a0f8-d7c30213f51e/3d3e8e46-a9c3-4368-9dcc-8f9875624ffe/Untitled.png?id=674782df-5ddd-48f4-8b4c-6af80a95719b&table=block&spaceId=78c823ce-7bdc-411a-a0f8-d7c30213f51e&expirationTimestamp=1698912000000&signature=nnduEQulkGQF8cLQLGLevmBRfpsGFAiZYNmMSv64cdvc&downloadName=Untitled.png', 'RECRUITER');
INSERT INTO user ( user_id, email, name, profile_image, role ) VALUES ( 72, 'user72@naver.com', '길동 홍', 'https://file.notion.so/f/f/78c823ce-7bdc-411a-a0f8-d7c30213f51e/3d3e8e46-a9c3-4368-9dcc-8f9875624ffe/Untitled.png?id=674782df-5ddd-48f4-8b4c-6af80a95719b&table=block&spaceId=78c823ce-7bdc-411a-a0f8-d7c30213f51e&expirationTimestamp=1698912000000&signature=nnduEQulkGQF8cLQLGLevmBRfpsGFAiZYNmMSv65cdvc&downloadName=Untitled.png', 'RECRUITER');
INSERT INTO user ( user_id, email, name, profile_image, role ) VALUES ( 73, 'user73@naver.com', '길동 홍', 'https://file.notion.so/f/f/78c823ce-7bdc-411a-a0f8-d7c30213f51e/3d3e8e46-a9c3-4368-9dcc-8f9875624ffe/Untitled.png?id=674782df-5ddd-48f4-8b4c-6af80a95719b&table=block&spaceId=78c823ce-7bdc-411a-a0f8-d7c30213f51e&expirationTimestamp=1698912000000&signature=nnduEQulkGQF8cLQLGLevmBRfpsGFAiZYNmMSv66cdvc&downloadName=Untitled.png', 'RECRUITER');
INSERT INTO user ( user_id, email, name, profile_image, role ) VALUES ( 74, 'user74@naver.com', '길동 홍', 'https://file.notion.so/f/f/78c823ce-7bdc-411a-a0f8-d7c30213f51e/3d3e8e46-a9c3-4368-9dcc-8f9875624ffe/Untitled.png?id=674782df-5ddd-48f4-8b4c-6af80a95719b&table=block&spaceId=78c823ce-7bdc-411a-a0f8-d7c30213f51e&expirationTimestamp=1698912000000&signature=nnduEQulkGQF8cLQLGLevmBRfpsGFAiZYNmMSv67cdvc&downloadName=Untitled.png', 'RECRUITER');
INSERT INTO user ( user_id, email, name, profile_image, role ) VALUES ( 75, 'user75@naver.com', '길동 홍', 'https://file.notion.so/f/f/78c823ce-7bdc-411a-a0f8-d7c30213f51e/3d3e8e46-a9c3-4368-9dcc-8f9875624ffe/Untitled.png?id=674782df-5ddd-48f4-8b4c-6af80a95719b&table=block&spaceId=78c823ce-7bdc-411a-a0f8-d7c30213f51e&expirationTimestamp=1698912000000&signature=nnduEQulkGQF8cLQLGLevmBRfpsGFAiZYNmMSv68cdvc&downloadName=Untitled.png', 'RECRUITER');
INSERT INTO user ( user_id, email, name, profile_image, role ) VALUES ( 76, 'user76@naver.com', '길동 홍', 'https://file.notion.so/f/f/78c823ce-7bdc-411a-a0f8-d7c30213f51e/3d3e8e46-a9c3-4368-9dcc-8f9875624ffe/Untitled.png?id=674782df-5ddd-48f4-8b4c-6af80a95719b&table=block&spaceId=78c823ce-7bdc-411a-a0f8-d7c30213f51e&expirationTimestamp=1698912000000&signature=nnduEQulkGQF8cLQLGLevmBRfpsGFAiZYNmMSv69cdvc&downloadName=Untitled.png', 'RECRUITER');
INSERT INTO user ( user_id, email, name, profile_image, role ) VALUES ( 77, 'user77@naver.com', '길동 홍', 'https://file.notion.so/f/f/78c823ce-7bdc-411a-a0f8-d7c30213f51e/3d3e8e46-a9c3-4368-9dcc-8f9875624ffe/Untitled.png?id=674782df-5ddd-48f4-8b4c-6af80a95719b&table=block&spaceId=78c823ce-7bdc-411a-a0f8-d7c30213f51e&expirationTimestamp=1698912000000&signature=nnduEQulkGQF8cLQLGLevmBRfpsGFAiZYNmMSv70cdvc&downloadName=Untitled.png', 'RECRUITER');
INSERT INTO user ( user_id, email, name, profile_image, role ) VALUES ( 78, 'user78@naver.com', '길동 홍', 'https://file.notion.so/f/f/78c823ce-7bdc-411a-a0f8-d7c30213f51e/3d3e8e46-a9c3-4368-9dcc-8f9875624ffe/Untitled.png?id=674782df-5ddd-48f4-8b4c-6af80a95719b&table=block&spaceId=78c823ce-7bdc-411a-a0f8-d7c30213f51e&expirationTimestamp=1698912000000&signature=nnduEQulkGQF8cLQLGLevmBRfpsGFAiZYNmMSv71cdvc&downloadName=Untitled.png', 'RECRUITER');
INSERT INTO user ( user_id, email, name, profile_image, role ) VALUES ( 79, 'user79@naver.com', '길동 홍', 'https://file.notion.so/f/f/78c823ce-7bdc-411a-a0f8-d7c30213f51e/3d3e8e46-a9c3-4368-9dcc-8f9875624ffe/Untitled.png?id=674782df-5ddd-48f4-8b4c-6af80a95719b&table=block&spaceId=78c823ce-7bdc-411a-a0f8-d7c30213f51e&expirationTimestamp=1698912000000&signature=nnduEQulkGQF8cLQLGLevmBRfpsGFAiZYNmMSv72cdvc&downloadName=Untitled.png', 'RECRUITER');
INSERT INTO user ( user_id, email, name, profile_image, role ) VALUES ( 80, 'user80@naver.com', '길동 홍', 'https://file.notion.so/f/f/78c823ce-7bdc-411a-a0f8-d7c30213f51e/3d3e8e46-a9c3-4368-9dcc-8f9875624ffe/Untitled.png?id=674782df-5ddd-48f4-8b4c-6af80a95719b&table=block&spaceId=78c823ce-7bdc-411a-a0f8-d7c30213f51e&expirationTimestamp=1698912000000&signature=nnduEQulkGQF8cLQLGLevmBRfpsGFAiZYNmMSv73cdvc&downloadName=Untitled.png', 'RECRUITER');
INSERT INTO user ( user_id, email, name, profile_image, role ) VALUES ( 81, 'user81@naver.com', '길동 홍', 'https://file.notion.so/f/f/78c823ce-7bdc-411a-a0f8-d7c30213f51e/3d3e8e46-a9c3-4368-9dcc-8f9875624ffe/Untitled.png?id=674782df-5ddd-48f4-8b4c-6af80a95719b&table=block&spaceId=78c823ce-7bdc-411a-a0f8-d7c30213f51e&expirationTimestamp=1698912000000&signature=nnduEQulkGQF8cLQLGLevmBRfpsGFAiZYNmMSv74cdvc&downloadName=Untitled.png', 'RECRUITER');
INSERT INTO user ( user_id, email, name, profile_image, role ) VALUES ( 82, 'user82@naver.com', '길동 홍', 'https://file.notion.so/f/f/78c823ce-7bdc-411a-a0f8-d7c30213f51e/3d3e8e46-a9c3-4368-9dcc-8f9875624ffe/Untitled.png?id=674782df-5ddd-48f4-8b4c-6af80a95719b&table=block&spaceId=78c823ce-7bdc-411a-a0f8-d7c30213f51e&expirationTimestamp=1698912000000&signature=nnduEQulkGQF8cLQLGLevmBRfpsGFAiZYNmMSv75cdvc&downloadName=Untitled.png', 'RECRUITER');
INSERT INTO user ( user_id, email, name, profile_image, role ) VALUES ( 83, 'user83@naver.com', '길동 홍', 'https://file.notion.so/f/f/78c823ce-7bdc-411a-a0f8-d7c30213f51e/3d3e8e46-a9c3-4368-9dcc-8f9875624ffe/Untitled.png?id=674782df-5ddd-48f4-8b4c-6af80a95719b&table=block&spaceId=78c823ce-7bdc-411a-a0f8-d7c30213f51e&expirationTimestamp=1698912000000&signature=nnduEQulkGQF8cLQLGLevmBRfpsGFAiZYNmMSv76cdvc&downloadName=Untitled.png', 'RECRUITER');
INSERT INTO user ( user_id, email, name, profile_image, role ) VALUES ( 84, 'user84@naver.com', '길동 홍', 'https://file.notion.so/f/f/78c823ce-7bdc-411a-a0f8-d7c30213f51e/3d3e8e46-a9c3-4368-9dcc-8f9875624ffe/Untitled.png?id=674782df-5ddd-48f4-8b4c-6af80a95719b&table=block&spaceId=78c823ce-7bdc-411a-a0f8-d7c30213f51e&expirationTimestamp=1698912000000&signature=nnduEQulkGQF8cLQLGLevmBRfpsGFAiZYNmMSv77cdvc&downloadName=Untitled.png', 'RECRUITER');
INSERT INTO user ( user_id, email, name, profile_image, role ) VALUES ( 85, 'user85@naver.com', '길동 홍', 'https://file.notion.so/f/f/78c823ce-7bdc-411a-a0f8-d7c30213f51e/3d3e8e46-a9c3-4368-9dcc-8f9875624ffe/Untitled.png?id=674782df-5ddd-48f4-8b4c-6af80a95719b&table=block&spaceId=78c823ce-7bdc-411a-a0f8-d7c30213f51e&expirationTimestamp=1698912000000&signature=nnduEQulkGQF8cLQLGLevmBRfpsGFAiZYNmMSv78cdvc&downloadName=Untitled.png', 'RECRUITER');
INSERT INTO user ( user_id, email, name, profile_image, role ) VALUES ( 86, 'user86@naver.com', '길동 홍', 'https://file.notion.so/f/f/78c823ce-7bdc-411a-a0f8-d7c30213f51e/3d3e8e46-a9c3-4368-9dcc-8f9875624ffe/Untitled.png?id=674782df-5ddd-48f4-8b4c-6af80a95719b&table=block&spaceId=78c823ce-7bdc-411a-a0f8-d7c30213f51e&expirationTimestamp=1698912000000&signature=nnduEQulkGQF8cLQLGLevmBRfpsGFAiZYNmMSv79cdvc&downloadName=Untitled.png', 'RECRUITER');
INSERT INTO user ( user_id, email, name, profile_image, role ) VALUES ( 87, 'user87@naver.com', '길동 홍', 'https://file.notion.so/f/f/78c823ce-7bdc-411a-a0f8-d7c30213f51e/3d3e8e46-a9c3-4368-9dcc-8f9875624ffe/Untitled.png?id=674782df-5ddd-48f4-8b4c-6af80a95719b&table=block&spaceId=78c823ce-7bdc-411a-a0f8-d7c30213f51e&expirationTimestamp=1698912000000&signature=nnduEQulkGQF8cLQLGLevmBRfpsGFAiZYNmMSv80cdvc&downloadName=Untitled.png', 'RECRUITER');
INSERT INTO user ( user_id, email, name, profile_image, role ) VALUES ( 88, 'user88@naver.com', '길동 홍', 'https://file.notion.so/f/f/78c823ce-7bdc-411a-a0f8-d7c30213f51e/3d3e8e46-a9c3-4368-9dcc-8f9875624ffe/Untitled.png?id=674782df-5ddd-48f4-8b4c-6af80a95719b&table=block&spaceId=78c823ce-7bdc-411a-a0f8-d7c30213f51e&expirationTimestamp=1698912000000&signature=nnduEQulkGQF8cLQLGLevmBRfpsGFAiZYNmMSv81cdvc&downloadName=Untitled.png', 'RECRUITER');
INSERT INTO user ( user_id, email, name, profile_image, role ) VALUES ( 89, 'user89@naver.com', '길동 홍', 'https://file.notion.so/f/f/78c823ce-7bdc-411a-a0f8-d7c30213f51e/3d3e8e46-a9c3-4368-9dcc-8f9875624ffe/Untitled.png?id=674782df-5ddd-48f4-8b4c-6af80a95719b&table=block&spaceId=78c823ce-7bdc-411a-a0f8-d7c30213f51e&expirationTimestamp=1698912000000&signature=nnduEQulkGQF8cLQLGLevmBRfpsGFAiZYNmMSv82cdvc&downloadName=Untitled.png', 'RECRUITER');
INSERT INTO user ( user_id, email, name, profile_image, role ) VALUES ( 90, 'user90@naver.com', '길동 홍', 'https://file.notion.so/f/f/78c823ce-7bdc-411a-a0f8-d7c30213f51e/3d3e8e46-a9c3-4368-9dcc-8f9875624ffe/Untitled.png?id=674782df-5ddd-48f4-8b4c-6af80a95719b&table=block&spaceId=78c823ce-7bdc-411a-a0f8-d7c30213f51e&expirationTimestamp=1698912000000&signature=nnduEQulkGQF8cLQLGLevmBRfpsGFAiZYNmMSv83cdvc&downloadName=Untitled.png', 'RECRUITER');
INSERT INTO user ( user_id, email, name, profile_image, role ) VALUES ( 91, 'user91@naver.com', '길동 홍', 'https://file.notion.so/f/f/78c823ce-7bdc-411a-a0f8-d7c30213f51e/3d3e8e46-a9c3-4368-9dcc-8f9875624ffe/Untitled.png?id=674782df-5ddd-48f4-8b4c-6af80a95719b&table=block&spaceId=78c823ce-7bdc-411a-a0f8-d7c30213f51e&expirationTimestamp=1698912000000&signature=nnduEQulkGQF8cLQLGLevmBRfpsGFAiZYNmMSv84cdvc&downloadName=Untitled.png', 'RECRUITER');
INSERT INTO user ( user_id, email, name, profile_image, role ) VALUES ( 92, 'user92@naver.com', '길동 홍', 'https://file.notion.so/f/f/78c823ce-7bdc-411a-a0f8-d7c30213f51e/3d3e8e46-a9c3-4368-9dcc-8f9875624ffe/Untitled.png?id=674782df-5ddd-48f4-8b4c-6af80a95719b&table=block&spaceId=78c823ce-7bdc-411a-a0f8-d7c30213f51e&expirationTimestamp=1698912000000&signature=nnduEQulkGQF8cLQLGLevmBRfpsGFAiZYNmMSv85cdvc&downloadName=Untitled.png', 'RECRUITER');
INSERT INTO user ( user_id, email, name, profile_image, role ) VALUES ( 93, 'user93@naver.com', '길동 홍', 'https://file.notion.so/f/f/78c823ce-7bdc-411a-a0f8-d7c30213f51e/3d3e8e46-a9c3-4368-9dcc-8f9875624ffe/Untitled.png?id=674782df-5ddd-48f4-8b4c-6af80a95719b&table=block&spaceId=78c823ce-7bdc-411a-a0f8-d7c30213f51e&expirationTimestamp=1698912000000&signature=nnduEQulkGQF8cLQLGLevmBRfpsGFAiZYNmMSv86cdvc&downloadName=Untitled.png', 'RECRUITER');
INSERT INTO user ( user_id, email, name, profile_image, role ) VALUES ( 94, 'user94@naver.com', '길동 홍', 'https://file.notion.so/f/f/78c823ce-7bdc-411a-a0f8-d7c30213f51e/3d3e8e46-a9c3-4368-9dcc-8f9875624ffe/Untitled.png?id=674782df-5ddd-48f4-8b4c-6af80a95719b&table=block&spaceId=78c823ce-7bdc-411a-a0f8-d7c30213f51e&expirationTimestamp=1698912000000&signature=nnduEQulkGQF8cLQLGLevmBRfpsGFAiZYNmMSv87cdvc&downloadName=Untitled.png', 'RECRUITER');
INSERT INTO user ( user_id, email, name, profile_image, role ) VALUES ( 95, 'user95@naver.com', '길동 홍', 'https://file.notion.so/f/f/78c823ce-7bdc-411a-a0f8-d7c30213f51e/3d3e8e46-a9c3-4368-9dcc-8f9875624ffe/Untitled.png?id=674782df-5ddd-48f4-8b4c-6af80a95719b&table=block&spaceId=78c823ce-7bdc-411a-a0f8-d7c30213f51e&expirationTimestamp=1698912000000&signature=nnduEQulkGQF8cLQLGLevmBRfpsGFAiZYNmMSv88cdvc&downloadName=Untitled.png', 'RECRUITER');
INSERT INTO user ( user_id, email, name, profile_image, role ) VALUES ( 96, 'user96@naver.com', '길동 홍', 'https://file.notion.so/f/f/78c823ce-7bdc-411a-a0f8-d7c30213f51e/3d3e8e46-a9c3-4368-9dcc-8f9875624ffe/Untitled.png?id=674782df-5ddd-48f4-8b4c-6af80a95719b&table=block&spaceId=78c823ce-7bdc-411a-a0f8-d7c30213f51e&expirationTimestamp=1698912000000&signature=nnduEQulkGQF8cLQLGLevmBRfpsGFAiZYNmMSv89cdvc&downloadName=Untitled.png', 'RECRUITER');
INSERT INTO user ( user_id, email, name, profile_image, role ) VALUES ( 97, 'user97@naver.com', '길동 홍', 'https://file.notion.so/f/f/78c823ce-7bdc-411a-a0f8-d7c30213f51e/3d3e8e46-a9c3-4368-9dcc-8f9875624ffe/Untitled.png?id=674782df-5ddd-48f4-8b4c-6af80a95719b&table=block&spaceId=78c823ce-7bdc-411a-a0f8-d7c30213f51e&expirationTimestamp=1698912000000&signature=nnduEQulkGQF8cLQLGLevmBRfpsGFAiZYNmMSv90cdvc&downloadName=Untitled.png', 'RECRUITER');
INSERT INTO user ( user_id, email, name, profile_image, role ) VALUES ( 98, 'user98@naver.com', '길동 홍', 'https://file.notion.so/f/f/78c823ce-7bdc-411a-a0f8-d7c30213f51e/3d3e8e46-a9c3-4368-9dcc-8f9875624ffe/Untitled.png?id=674782df-5ddd-48f4-8b4c-6af80a95719b&table=block&spaceId=78c823ce-7bdc-411a-a0f8-d7c30213f51e&expirationTimestamp=1698912000000&signature=nnduEQulkGQF8cLQLGLevmBRfpsGFAiZYNmMSv91cdvc&downloadName=Untitled.png', 'RECRUITER');
INSERT INTO user ( user_id, email, name, profile_image, role ) VALUES ( 99, 'user99@naver.com', '길동 홍', 'https://file.notion.so/f/f/78c823ce-7bdc-411a-a0f8-d7c30213f51e/3d3e8e46-a9c3-4368-9dcc-8f9875624ffe/Untitled.png?id=674782df-5ddd-48f4-8b4c-6af80a95719b&table=block&spaceId=78c823ce-7bdc-411a-a0f8-d7c30213f51e&expirationTimestamp=1698912000000&signature=nnduEQulkGQF8cLQLGLevmBRfpsGFAiZYNmMSv92cdvc&downloadName=Untitled.png', 'RECRUITER');
INSERT INTO user ( user_id, email, name, profile_image, role ) VALUES ( 100, 'user100@naver.com', '길동 홍', 'https://file.notion.so/f/f/78c823ce-7bdc-411a-a0f8-d7c30213f51e/3d3e8e46-a9c3-4368-9dcc-8f9875624ffe/Untitled.png?id=674782df-5ddd-48f4-8b4c-6af80a95719b&table=block&spaceId=78c823ce-7bdc-411a-a0f8-d7c30213f51e&expirationTimestamp=1698912000000&signature=nnduEQulkGQF8cLQLGLevmBRfpsGFAiZYNmMSv93cdvc&downloadName=Untitled.png', 'RECRUITER');


INSERT INTO company ( company_id, user_id, business_code, name, employee_count, foreign_employee_count, phone, address, is_visa_transform ) VALUES ( 1, 51, '01100', '작물_1', 45, 31, '010-2305-9718', 'Seoul', TRUE );
INSERT INTO company ( company_id, user_id, business_code, name, employee_count, foreign_employee_count, phone, address, is_visa_transform ) VALUES ( 2, 52, '55101', '호텔_2', 74, 40, '010-0000-0000', 'Seoul', FALSE );
INSERT INTO company ( company_id, user_id, business_code, name, employee_count, foreign_employee_count, phone, address, is_visa_transform ) VALUES ( 3, 53, '55102', '여관_3', 14, 10, '010-0000-0001', 'Seoul', TRUE );
INSERT INTO company ( company_id, user_id, business_code, name, employee_count, foreign_employee_count, phone, address, is_visa_transform ) VALUES ( 4, 54, '56110', '한식_4', 98, 39, '010-0000-0002', 'Seoul', TRUE );
INSERT INTO company ( company_id, user_id, business_code, name, employee_count, foreign_employee_count, phone, address, is_visa_transform ) VALUES ( 5, 55, '56120', '외국_5', 61, 53, '010-0000-0003', 'Seoul', FALSE );
INSERT INTO company ( company_id, user_id, business_code, name, employee_count, foreign_employee_count, phone, address, is_visa_transform ) VALUES ( 6, 56, '56190', '기타_6', 7, 0, '010-0000-0004', 'Seoul', TRUE );
INSERT INTO company ( company_id, user_id, business_code, name, employee_count, foreign_employee_count, phone, address, is_visa_transform ) VALUES ( 7, 57, '58100', '서적_7', 70, 43, '010-0000-0005', 'Seoul', FALSE );
INSERT INTO company ( company_id, user_id, business_code, name, employee_count, foreign_employee_count, phone, address, is_visa_transform ) VALUES ( 8, 58, '59201', '음악_8', 37, 21, '010-0000-0006', 'Seoul', FALSE );
INSERT INTO company ( company_id, user_id, business_code, name, employee_count, foreign_employee_count, phone, address, is_visa_transform ) VALUES ( 9, 59, '74100', '사업_9', 3, 0, '010-0000-0007', 'Seoul', TRUE );
INSERT INTO company ( company_id, user_id, business_code, name, employee_count, foreign_employee_count, phone, address, is_visa_transform ) VALUES ( 10, 60, '74211', '건축_10', 67, 56, '010-0000-0008', 'Gyeongi', TRUE );
INSERT INTO company ( company_id, user_id, business_code, name, employee_count, foreign_employee_count, phone, address, is_visa_transform ) VALUES ( 11, 61, '42000', '전문_11', 22, 8, '010-0000-0009', 'Gyeongi', TRUE );
INSERT INTO company ( company_id, user_id, business_code, name, employee_count, foreign_employee_count, phone, address, is_visa_transform ) VALUES ( 12, 62, '42100', '기반_12', 40, 9, '010-0000-0010', 'Gyeongi', TRUE );
INSERT INTO company ( company_id, user_id, business_code, name, employee_count, foreign_employee_count, phone, address, is_visa_transform ) VALUES ( 13, 63, '42110', '건물_13', 99, 66, '010-0000-0011', 'Gyeongi', TRUE );
INSERT INTO company ( company_id, user_id, business_code, name, employee_count, foreign_employee_count, phone, address, is_visa_transform ) VALUES ( 14, 64, '42120', '기반_14', 46, 16, '010-0000-0012', 'Gyeongi', TRUE );
INSERT INTO company ( company_id, user_id, business_code, name, employee_count, foreign_employee_count, phone, address, is_visa_transform ) VALUES ( 15, 65, '42121', '토공_15', 92, 56, '010-0000-0013', 'Gyeongi', TRUE );
INSERT INTO company ( company_id, user_id, business_code, name, employee_count, foreign_employee_count, phone, address, is_visa_transform ) VALUES ( 16, 66, '42122', '보링_16', 52, 44, '010-0000-0014', 'Gyeongi', FALSE );
INSERT INTO company ( company_id, user_id, business_code, name, employee_count, foreign_employee_count, phone, address, is_visa_transform ) VALUES ( 17, 67, '42123', '파일_17', 54, 47, '010-0000-0015', 'Gyeongi', FALSE );
INSERT INTO company ( company_id, user_id, business_code, name, employee_count, foreign_employee_count, phone, address, is_visa_transform ) VALUES ( 18, 68, '42129', '기타_18', 20, 13, '010-0000-0016', 'Gyeongi', TRUE );
INSERT INTO company ( company_id, user_id, business_code, name, employee_count, foreign_employee_count, phone, address, is_visa_transform ) VALUES ( 19, 69, '42130', '시설_19', 66, 36, '010-0000-0017', 'Gyeongi', FALSE );
INSERT INTO company ( company_id, user_id, business_code, name, employee_count, foreign_employee_count, phone, address, is_visa_transform ) VALUES ( 20, 70, '42131', '철골_20', 3, 2, '010-0000-0018', 'Gyeongi', FALSE );
INSERT INTO company ( company_id, user_id, business_code, name, employee_count, foreign_employee_count, phone, address, is_visa_transform ) VALUES ( 21, 71, '42132', '콘크_21', 21, 12, '010-0000-0019', 'Gyeongi', TRUE );
INSERT INTO company ( company_id, user_id, business_code, name, employee_count, foreign_employee_count, phone, address, is_visa_transform ) VALUES ( 22, 72, '42133', '조적_22', 57, 20, '010-0000-0020', 'Gyeongi', TRUE );
INSERT INTO company ( company_id, user_id, business_code, name, employee_count, foreign_employee_count, phone, address, is_visa_transform ) VALUES ( 23, 73, '42134', '포장_23', 29, 2, '010-0000-0021', 'Gyeongi', TRUE );
INSERT INTO company ( company_id, user_id, business_code, name, employee_count, foreign_employee_count, phone, address, is_visa_transform ) VALUES ( 24, 74, '42135', '철도_24', 69, 38, '010-0000-0022', 'Seoul', FALSE );
INSERT INTO company ( company_id, user_id, business_code, name, employee_count, foreign_employee_count, phone, address, is_visa_transform ) VALUES ( 25, 75, '42136', '수중_25', 44, 22, '010-0000-0023', 'Seoul', FALSE );
INSERT INTO company ( company_id, user_id, business_code, name, employee_count, foreign_employee_count, phone, address, is_visa_transform ) VALUES ( 26, 76, '42137', '비계_26', 36, 16, '010-0000-0024', 'Seoul', TRUE );
INSERT INTO company ( company_id, user_id, business_code, name, employee_count, foreign_employee_count, phone, address, is_visa_transform ) VALUES ( 27, 77, '42138', '지붕_27', 77, 20, '010-0000-0025', 'Seoul', FALSE );
INSERT INTO company ( company_id, user_id, business_code, name, employee_count, foreign_employee_count, phone, address, is_visa_transform ) VALUES ( 28, 78, '42139', '기타_28', 73, 8, '010-0000-0026', 'Seoul', FALSE );
INSERT INTO company ( company_id, user_id, business_code, name, employee_count, foreign_employee_count, phone, address, is_visa_transform ) VALUES ( 29, 79, '42200', '건물_29', 31, 12, '010-0000-0027', 'Seoul', TRUE );
INSERT INTO company ( company_id, user_id, business_code, name, employee_count, foreign_employee_count, phone, address, is_visa_transform ) VALUES ( 30, 80, '42201', '배관_30', 77, 51, '010-0000-0028', 'Seoul', TRUE );
INSERT INTO company ( company_id, user_id, business_code, name, employee_count, foreign_employee_count, phone, address, is_visa_transform ) VALUES ( 31, 81, '42202', '건물_31', 3, 2, '010-0000-0029', 'Seoul', FALSE );
INSERT INTO company ( company_id, user_id, business_code, name, employee_count, foreign_employee_count, phone, address, is_visa_transform ) VALUES ( 32, 82, '42203', '방음_32', 74, 12, '010-0000-0030', 'Seoul', FALSE );
INSERT INTO company ( company_id, user_id, business_code, name, employee_count, foreign_employee_count, phone, address, is_visa_transform ) VALUES ( 33, 83, '42204', '소방_33', 41, 17, '010-0000-0031', 'Seoul', FALSE );
INSERT INTO company ( company_id, user_id, business_code, name, employee_count, foreign_employee_count, phone, address, is_visa_transform ) VALUES ( 34, 84, '28119', '기타_34', 78, 4, '010-0000-0032', 'Seoul', FALSE );
INSERT INTO company ( company_id, user_id, business_code, name, employee_count, foreign_employee_count, phone, address, is_visa_transform ) VALUES ( 35, 85, '28120', '전기_35', 91, 29, '010-0000-0033', 'Seoul', TRUE );
INSERT INTO company ( company_id, user_id, business_code, name, employee_count, foreign_employee_count, phone, address, is_visa_transform ) VALUES ( 36, 86, '28121', '전기_36', 51, 0, '010-0000-0034', 'Seoul', FALSE );
INSERT INTO company ( company_id, user_id, business_code, name, employee_count, foreign_employee_count, phone, address, is_visa_transform ) VALUES ( 37, 87, '28122', '전기_37', 73, 3, '010-0000-0035', 'Seoul', FALSE );
INSERT INTO company ( company_id, user_id, business_code, name, employee_count, foreign_employee_count, phone, address, is_visa_transform ) VALUES ( 38, 88, '28123', '배전_38', 83, 42, '010-0000-0036', 'Seoul', TRUE );
INSERT INTO company ( company_id, user_id, business_code, name, employee_count, foreign_employee_count, phone, address, is_visa_transform ) VALUES ( 39, 89, '28200', '일차_39', 45, 34, '010-0000-0037', 'Seoul', TRUE );
INSERT INTO company ( company_id, user_id, business_code, name, employee_count, foreign_employee_count, phone, address, is_visa_transform ) VALUES ( 40, 90, '28201', '일차_40', 91, 56, '010-0000-0038', 'Seoul', TRUE );
INSERT INTO company ( company_id, user_id, business_code, name, employee_count, foreign_employee_count, phone, address, is_visa_transform ) VALUES ( 41, 91, '28202', '축전_41', 73, 9, '010-0000-0039', 'Seoul', TRUE );
INSERT INTO company ( company_id, user_id, business_code, name, employee_count, foreign_employee_count, phone, address, is_visa_transform ) VALUES ( 42, 92, '28300', '절연_42', 90, 10, '010-0000-0040', 'Seoul', TRUE );
INSERT INTO company ( company_id, user_id, business_code, name, employee_count, foreign_employee_count, phone, address, is_visa_transform ) VALUES ( 43, 93, '28301', '광섬_43', 56, 42, '010-0000-0041', 'Seoul', TRUE );
INSERT INTO company ( company_id, user_id, business_code, name, employee_count, foreign_employee_count, phone, address, is_visa_transform ) VALUES ( 44, 94, '28302', '기타_44', 94, 59, '010-0000-0042', 'Seoul', TRUE );
INSERT INTO company ( company_id, user_id, business_code, name, employee_count, foreign_employee_count, phone, address, is_visa_transform ) VALUES ( 45, 95, '28303', '절연_45', 51, 48, '010-0000-0043', 'Seoul', FALSE );
INSERT INTO company ( company_id, user_id, business_code, name, employee_count, foreign_employee_count, phone, address, is_visa_transform ) VALUES ( 46, 96, '28400', '전구_46', 78, 70, '010-0000-0044', 'Seoul', FALSE );
INSERT INTO company ( company_id, user_id, business_code, name, employee_count, foreign_employee_count, phone, address, is_visa_transform ) VALUES ( 47, 97, '28410', '전구_47', 86, 75, '010-0000-0045', 'Seoul', TRUE );
INSERT INTO company ( company_id, user_id, business_code, name, employee_count, foreign_employee_count, phone, address, is_visa_transform ) VALUES ( 48, 98, '28420', '조명_48', 17, 8, '010-0000-0046', 'Seoul', FALSE );
INSERT INTO company ( company_id, user_id, business_code, name, employee_count, foreign_employee_count, phone, address, is_visa_transform ) VALUES ( 49, 99, '28421', '운송_49', 60, 47, '010-0000-0047', 'Seoul', FALSE );
INSERT INTO company ( company_id, user_id, business_code, name, employee_count, foreign_employee_count, phone, address, is_visa_transform ) VALUES ( 50, 100, '28422', '일반_50', 70, 27, '010-0000-0048', 'Seoul', TRUE );

INSERT INTO recruit ( recruit_id, company_id, job_code, title, content, created_at, expired_at, salary, work_type, work_location, work_start_date, work_end_date, work_days_week, work_start_hour, work_end_hour, gender , salary_type) VALUES ( '1', '1', '01', '딸기 재배 인원 구합니다.', '건장한 남성 2명을 찾고 있습니다. ', '2021-06-03', '2021-08-09', '3000000', '정규직', '경상남도 밀양시', '2021-08-19', '2021-11-27', '5', '9', '18', 'MALE' , '일급' );
INSERT INTO recruit ( recruit_id, company_id, job_code, title, content, created_at, expired_at, salary, work_type, work_location, work_start_date, work_end_date, work_days_week, work_start_hour, work_end_hour, gender , salary_type) VALUES ( '2', '2', '55', '도축업자 경력 3년이상 모집', '3년차 이상의 경력자 1명 모집합니다.', '2021-05-06', '2021-08-08', '3500000', '계약직', '서울특별시 은평구', '2021-08-18', '2021-11-26', '5', '6', '15', 'MALE' , '주급' );
INSERT INTO recruit ( recruit_id, company_id, job_code, title, content, created_at, expired_at, salary, work_type, work_location, work_start_date, work_end_date, work_days_week, work_start_hour, work_end_hour, gender , salary_type) VALUES ( '3', '3', '55', '컴퓨터 제조업자 모집', '메인보드 관련 제조자 1명 구인합니다.', '2022-07-21', '2022-08-03', '2900000', '정규직', '서울특별시 마포구', '2022-08-13', '2022-11-21', '5', '9', '18', 'MALE' , '월급' );
INSERT INTO recruit ( recruit_id, company_id, job_code, title, content, created_at, expired_at, salary, work_type, work_location, work_start_date, work_end_date, work_days_week, work_start_hour, work_end_hour, gender , salary_type) VALUES ( '4', '4', '56', '안경사 모집합니다.', '안경사 자격증을 소지하신 2명 모집합니다.', '2021-08-14', '2021-09-26', '2800000', '계약직', '경기도 인천', '2021-10-06', '2022-01-14', '5', '9', '18', 'MALE' , '일급' );
INSERT INTO recruit ( recruit_id, company_id, job_code, title, content, created_at, expired_at, salary, work_type, work_location, work_start_date, work_end_date, work_days_week, work_start_hour, work_end_hour, gender , salary_type) VALUES ( '5', '5', '56', '자동자 제조업 가족 5명 모집합니다.', '전기 산업 기사, 정비 기능사 소지자 우대합니다.', '2021-11-29', '2022-01-13', '4500000', '정규직', '경상남도 창원시', '2022-01-23', '2022-05-03', '5', '9', '18', 'MALE' , '주급' );
INSERT INTO recruit ( recruit_id, company_id, job_code, title, content, created_at, expired_at, salary, work_type, work_location, work_start_date, work_end_date, work_days_week, work_start_hour, work_end_hour, gender , salary_type) VALUES ( '6', '6', '56', '세신사 모집합니다.', '세신사로 활동하실 1명 모집합니다.', '2021-11-12', '2022-01-21', '3000000', '계약직', '경상북도 밀양시', '2022-01-31', '2022-05-11', '5', '9', '18', 'MALE' , '월급' );
INSERT INTO recruit ( recruit_id, company_id, job_code, title, content, created_at, expired_at, salary, work_type, work_location, work_start_date, work_end_date, work_days_week, work_start_hour, work_end_hour, gender , salary_type) VALUES ( '7', '7', '58', '양식 셰프 3인 모집합니다.', '치프 1명 라인 쿡 2명 모집합니다.', '2022-02-10', '2022-03-17', '5000000', '정규직', '전라도 전주시', '2022-03-27', '2022-07-05', '6', '9', '18', 'MALE' , '일급' );
INSERT INTO recruit ( recruit_id, company_id, job_code, title, content, created_at, expired_at, salary, work_type, work_location, work_start_date, work_end_date, work_days_week, work_start_hour, work_end_hour, gender , salary_type) VALUES ( '8', '8', '59', '5년차 이상 시계사 가족 구합니다', '시니어급으로 활동하실 1명 모셔봅니다.', '2022-02-05', '2022-02-12', '4400000', '정규직', '서울특별시 강동구', '2022-02-22', '2022-06-02', '5', '9', '18', 'MALE' , '주급' );
INSERT INTO recruit ( recruit_id, company_id, job_code, title, content, created_at, expired_at, salary, work_type, work_location, work_start_date, work_end_date, work_days_week, work_start_hour, work_end_hour, gender , salary_type) VALUES ( '9', '9', '74', '의료기기 제조사 모집', '1명 모집합니다.', '2022-10-08', '2022-11-22', '3800000', '계약직', '강원도 양양시', '2022-12-02', '2023-03-12', '5', '9', '18', 'MALE' , '월급' );
INSERT INTO recruit ( recruit_id, company_id, job_code, title, content, created_at, expired_at, salary, work_type, work_location, work_start_date, work_end_date, work_days_week, work_start_hour, work_end_hour, gender , salary_type) VALUES ( '10', '10', '74', '양식 어업자 구인합니다.', '0명 모집합니다.', '2022-05-14', '2022-06-12', '5000000', '계약직', '경상남도 부산시', '2022-06-22', '2022-09-30', '7', '9', '18', 'MALE' , '일급' );
INSERT INTO recruit ( recruit_id, company_id, job_code, title, content, created_at, expired_at, salary, work_type, work_location, work_start_date, work_end_date, work_days_week, work_start_hour, work_end_hour, gender , salary_type) VALUES ( '11', '11', '42', '김장 담그실 분 구합니다.', '8명 모집합니다.', '2021-08-10', '2021-11-13', '2800000', '계약직', '전라도 목포시', '2021-11-23', '2022-03-03', '5', '9', '18', 'MALE' , '주급' );
INSERT INTO recruit ( recruit_id, company_id, job_code, title, content, created_at, expired_at, salary, work_type, work_location, work_start_date, work_end_date, work_days_week, work_start_hour, work_end_hour, gender , salary_type) VALUES ( '12', '12', '42', '아이스크림 공장에서 일하실 분 모집합니다.', '3명 모집합니다.', '2022-03-16', '2022-04-22', '3200000', '계약직', '경상남도 마산시', '2022-05-02', '2022-08-10', '5', '9', '18', 'MALE' , '월급' );
INSERT INTO recruit ( recruit_id, company_id, job_code, title, content, created_at, expired_at, salary, work_type, work_location, work_start_date, work_end_date, work_days_week, work_start_hour, work_end_hour, gender , salary_type) VALUES ( '13', '13', '42', '도시락 공장 인원 구인합니다.', '4명 모집합니다', '2022-06-08', '2022-08-07', '3300000', '정규직', '경상남도 진주시', '2022-08-17', '2022-11-25', '5', '9', '18', 'MALE' , '일급' );
INSERT INTO recruit ( recruit_id, company_id, job_code, title, content, created_at, expired_at, salary, work_type, work_location, work_start_date, work_end_date, work_days_week, work_start_hour, work_end_hour, gender , salary_type) VALUES ( '14', '14', '42', '사이다 제조 공장 가족을 모집합니다.', '최대 0명 모집합니다.', '2022-12-14', '2023-01-29', '3700000', '계약직', '서울특별시 송파구', '2023-02-08', '2023-05-19', '5', '9', '18', 'MALE' , '주급' );
INSERT INTO recruit ( recruit_id, company_id, job_code, title, content, created_at, expired_at, salary, work_type, work_location, work_start_date, work_end_date, work_days_week, work_start_hour, work_end_hour, gender , salary_type) VALUES ( '15', '15', '42', '축산업', '1명 모집합니다.', '2023-07-24', '2023-10-13', '4000000', '정규직', '서울특별시 서초구', '2023-10-23', '2024-01-31', '5', '9', '18', 'MALE' , '월급' );
INSERT INTO recruit ( recruit_id, company_id, job_code, title, content, created_at, expired_at, salary, work_type, work_location, work_start_date, work_end_date, work_days_week, work_start_hour, work_end_hour, gender , salary_type) VALUES ( '16', '16', '42', '작물재배 및 축산 관련 서비스업', '1명 모집합니다.', '2023-07-16', '2023-08-21', '3600000', '정규직', '경기도 안양시', '2023-08-31', '2023-12-09', '5', '9', '18', 'MALE' , '일급' );
INSERT INTO recruit ( recruit_id, company_id, job_code, title, content, created_at, expired_at, salary, work_type, work_location, work_start_date, work_end_date, work_days_week, work_start_hour, work_end_hour, gender , salary_type) VALUES ( '17', '17', '42', '연근해 어업', '1명 모집합니다.', '2022-03-23', '2022-04-17', '4500000', '정규직', '경상남도 울산시', '2022-04-27', '2022-08-05', '5', '9', '18', 'MALE' , '주급' );
INSERT INTO recruit ( recruit_id, company_id, job_code, title, content, created_at, expired_at, salary, work_type, work_location, work_start_date, work_end_date, work_days_week, work_start_hour, work_end_hour, gender , salary_type) VALUES ( '18', '18', '42', '양식 어업', '1명 모집합니다.', '2021-08-14', '2021-10-18', '4800000', '정규직', '강원도 강릉시', '2021-10-28', '2022-02-05', '5', '9', '18', 'MALE' , '월급' );
INSERT INTO recruit ( recruit_id, company_id, job_code, title, content, created_at, expired_at, salary, work_type, work_location, work_start_date, work_end_date, work_days_week, work_start_hour, work_end_hour, gender , salary_type) VALUES ( '19', '19', '42', '천일염 생산 및 암염 채취업', '1명 모집합니다.', '2021-07-05', '2021-10-06', '3300000', '정규직', '강원도 강릉시', '2021-10-16', '2022-01-24', '5', '9', '18', 'MALE' , '일급' );
INSERT INTO recruit ( recruit_id, company_id, job_code, title, content, created_at, expired_at, salary, work_type, work_location, work_start_date, work_end_date, work_days_week, work_start_hour, work_end_hour, gender , salary_type) VALUES ( '20', '20', '42', '식료품 제조업', '1명 모집합니다.', '2022-10-25', '2023-01-11', '3600000', '정규직', '충청북도 충주시', '2023-01-21', '2023-05-01', '5', '9', '18', 'MALE' , '주급' );
INSERT INTO recruit ( recruit_id, company_id, job_code, title, content, created_at, expired_at, salary, work_type, work_location, work_start_date, work_end_date, work_days_week, work_start_hour, work_end_hour, gender , salary_type) VALUES ( '21', '21', '42', '알코올 음료 제조업', '3명 모집', '2022-09-04', '2022-11-23', '3000000', '계약직', '경상남도 창원시', '2022-12-03', '2023-03-13', '5', '9', '18', 'MALE' , '월급' );
INSERT INTO recruit ( recruit_id, company_id, job_code, title, content, created_at, expired_at, salary, work_type, work_location, work_start_date, work_end_date, work_days_week, work_start_hour, work_end_hour, gender , salary_type) VALUES ( '22', '22', '42', '발효주 제조업', '2명 모집합니다.', '2022-03-31', '2022-05-06', '3900000', '계약직', '경상남도 창원시', '2022-05-16', '2022-08-24', '5', '9', '18', 'MALE' , '일급' );
INSERT INTO recruit ( recruit_id, company_id, job_code, title, content, created_at, expired_at, salary, work_type, work_location, work_start_date, work_end_date, work_days_week, work_start_hour, work_end_hour, gender , salary_type) VALUES ( '23', '23', '42', '탁주 및 약주 제조업', '1명 모집합니다.', '2022-08-29', '2022-09-14', '3300000', '계약직', '경상남도 창원시', '2022-09-24', '2023-01-02', '5', '9', '18', 'MALE' , '주급' );
INSERT INTO recruit ( recruit_id, company_id, job_code, title, content, created_at, expired_at, salary, work_type, work_location, work_start_date, work_end_date, work_days_week, work_start_hour, work_end_hour, gender , salary_type) VALUES ( '24', '24', '42', '맥아 및 맥주 제조업', '3명 모집합니다.', '2022-05-03', '2022-06-07', '3500000', '계약직', '경상남도 창원시', '2022-06-17', '2022-09-25', '5', '9', '18', 'MALE' , '월급' );
INSERT INTO recruit ( recruit_id, company_id, job_code, title, content, created_at, expired_at, salary, work_type, work_location, work_start_date, work_end_date, work_days_week, work_start_hour, work_end_hour, gender , salary_type) VALUES ( '25', '25', '42', '기타 발효주 제조업', '2명 모집합니다.', '2023-09-06', '2023-11-16', '2900000', '계약직', '경상남도 창원시', '2023-11-26', '2024-03-05', '5', '9', '18', 'MALE' , '일급' );
INSERT INTO recruit ( recruit_id, company_id, job_code, title, content, created_at, expired_at, salary, work_type, work_location, work_start_date, work_end_date, work_days_week, work_start_hour, work_end_hour, gender , salary_type) VALUES ( '26', '26', '42', '증류주 및 합성주 제조업', '1명 모집합니다.', '2021-03-29', '2021-05-18', '3100000', '계약직', '서울특별시 강남구', '2021-05-28', '2021-09-05', '5', '9', '18', 'MALE' , '주급' );
INSERT INTO recruit ( recruit_id, company_id, job_code, title, content, created_at, expired_at, salary, work_type, work_location, work_start_date, work_end_date, work_days_week, work_start_hour, work_end_hour, gender , salary_type) VALUES ( '27', '27', '42', '주정 제조업', '1명 모집합니다.', '2023-01-31', '2023-03-03', '3800000', '계약직', '서울특별시 강남구', '2023-03-13', '2023-06-21', '5', '9', '18', 'MALE' , '월급' );
INSERT INTO recruit ( recruit_id, company_id, job_code, title, content, created_at, expired_at, salary, work_type, work_location, work_start_date, work_end_date, work_days_week, work_start_hour, work_end_hour, gender , salary_type) VALUES ( '28', '28', '42', '목재 및 나무제품 제조업; 가구 제외', '경력자 2명 모집', '2023-05-10', '2023-08-04', '3600000', '정규직', '충청북도 대전시', '2023-08-14', '2023-11-22', '5', '9', '18', 'MALE' , '일급' );
INSERT INTO recruit ( recruit_id, company_id, job_code, title, content, created_at, expired_at, salary, work_type, work_location, work_start_date, work_end_date, work_days_week, work_start_hour, work_end_hour, gender , salary_type) VALUES ( '29', '29', '42', '제재 및 목재 가공업', '신입 1명모집', '2022-12-02', '2023-02-07', '2900000', '계약직', '충청북도 대전시', '2023-02-17', '2023-05-28', '6', '9', '18', 'MALE' , '주급' );
INSERT INTO recruit ( recruit_id, company_id, job_code, title, content, created_at, expired_at, salary, work_type, work_location, work_start_date, work_end_date, work_days_week, work_start_hour, work_end_hour, gender , salary_type) VALUES ( '30', '30', '42', '일반 제재업', '2명 모집', '2022-09-07', '2022-11-04', '3300000', '정규직', '충청북도 대전시', '2022-11-14', '2023-02-22', '5', '9', '18', 'MALE' , '월급' );
INSERT INTO recruit ( recruit_id, company_id, job_code, title, content, created_at, expired_at, salary, work_type, work_location, work_start_date, work_end_date, work_days_week, work_start_hour, work_end_hour, gender , salary_type) VALUES ( '31', '31', '42', '제철업', '1명 모집합니다.', '2023-05-31', '2023-08-24', '4400000', '정규직', '경상북도 포항시', '2023-09-03', '2023-12-12', '5', '9', '18', 'FEMALE' , '일급' );
INSERT INTO recruit ( recruit_id, company_id, job_code, title, content, created_at, expired_at, salary, work_type, work_location, work_start_date, work_end_date, work_days_week, work_start_hour, work_end_hour, gender , salary_type) VALUES ( '32', '32', '42', '제강업', '1명 모집합니다.', '2022-01-05', '2022-02-26', '3800000', '계약직', '경상북도 포항시', '2022-03-08', '2022-06-16', '5', '9', '18', 'FEMALE' , '주급' );
INSERT INTO recruit ( recruit_id, company_id, job_code, title, content, created_at, expired_at, salary, work_type, work_location, work_start_date, work_end_date, work_days_week, work_start_hour, work_end_hour, gender , salary_type) VALUES ( '33', '33', '42', '합금철 제조업', '경력자 2명 모집', '2023-02-16', '2023-04-13', '5000000', '정규직', '경상북도 포항시', '2023-04-23', '2023-08-01', '5', '9', '18', 'FEMALE' , '월급' );
INSERT INTO recruit ( recruit_id, company_id, job_code, title, content, created_at, expired_at, salary, work_type, work_location, work_start_date, work_end_date, work_days_week, work_start_hour, work_end_hour, gender , salary_type) VALUES ( '34', '34', '28', '기타 제철 및 제강업', '신입 1명모집', '2023-03-08', '2023-04-20', '4400000', '정규직', '경상북도 포항시', '2023-04-30', '2023-08-08', '5', '9', '18', 'FEMALE' , '일급' );
INSERT INTO recruit ( recruit_id, company_id, job_code, title, content, created_at, expired_at, salary, work_type, work_location, work_start_date, work_end_date, work_days_week, work_start_hour, work_end_hour, gender , salary_type) VALUES ( '35', '35', '28', '철강 압연, 압출 및 연신제품 제조업', '2명 모집', '2023-01-16', '2023-03-24', '3600000', '계약직', '경상북도 포항시', '2023-04-03', '2023-07-12', '5', '9', '18', 'FEMALE' , '주급' );
INSERT INTO recruit ( recruit_id, company_id, job_code, title, content, created_at, expired_at, salary, work_type, work_location, work_start_date, work_end_date, work_days_week, work_start_hour, work_end_hour, gender , salary_type) VALUES ( '36', '36', '28', '열간 압연 및 압출제품 제조업', '', '2023-02-15', '2023-03-27', '3800000', '정규직', '경상북도 포항시', '2023-04-06', '2023-07-15', '5', '9', '18', 'FEMALE' , '월급' );
INSERT INTO recruit ( recruit_id, company_id, job_code, title, content, created_at, expired_at, salary, work_type, work_location, work_start_date, work_end_date, work_days_week, work_start_hour, work_end_hour, gender , salary_type) VALUES ( '37', '37', '28', '냉간 압연 및 압출 제품 제조업', '', '2022-05-19', '2022-08-10', '3600000', '계약직', '경상북도 포항시', '2022-08-20', '2022-11-28', '5', '9', '18', 'FEMALE' , '일급' );
INSERT INTO recruit ( recruit_id, company_id, job_code, title, content, created_at, expired_at, salary, work_type, work_location, work_start_date, work_end_date, work_days_week, work_start_hour, work_end_hour, gender , salary_type) VALUES ( '38', '38', '28', '철강선 제조업', '0명 모집합니다.', '2022-01-15', '2022-01-30', '2900000', '정규직', '경상북도 포항시', '2022-02-09', '2022-05-20', '5', '9', '18', 'FEMALE' , '주급' );
INSERT INTO recruit ( recruit_id, company_id, job_code, title, content, created_at, expired_at, salary, work_type, work_location, work_start_date, work_end_date, work_days_week, work_start_hour, work_end_hour, gender , salary_type) VALUES ( '39', '39', '28', '철강관 제조업', '8명 모집합니다.', '2021-04-19', '2021-06-21', '3600000', '정규직', '경상남도 울산시', '2021-07-01', '2021-10-09', '5', '9', '18', 'FEMALE' , '월급' );
INSERT INTO recruit ( recruit_id, company_id, job_code, title, content, created_at, expired_at, salary, work_type, work_location, work_start_date, work_end_date, work_days_week, work_start_hour, work_end_hour, gender , salary_type) VALUES ( '40', '40', '28', '도축, 육류 가공 및 저장 처리업', '3명 모집합니다.', '2023-10-28', '2023-11-29', '3000000', '계약직', '강원도 횡성시', '2023-12-09', '2024-03-18', '5', '9', '18', 'FEMALE' , '일급' );
INSERT INTO recruit ( recruit_id, company_id, job_code, title, content, created_at, expired_at, salary, work_type, work_location, work_start_date, work_end_date, work_days_week, work_start_hour, work_end_hour, gender , salary_type) VALUES ( '41', '41', '28', '도축업', '4명 모집합니다', '2022-06-08', '2022-07-18', '3000000', '계약직', '강원도 횡성시', '2022-07-28', '2022-11-05', '5', '9', '18', 'FEMALE' , '주급' );
INSERT INTO recruit ( recruit_id, company_id, job_code, title, content, created_at, expired_at, salary, work_type, work_location, work_start_date, work_end_date, work_days_week, work_start_hour, work_end_hour, gender , salary_type) VALUES ( '42', '42', '28', '육류 도축업(가금류 제외)', '최대 0명 모집합니다.', '2022-11-08', '2022-11-30', '3500000', '계약직', '서울특별시 마포구', '2022-12-10', '2023-03-20', '5', '9', '18', 'FEMALE' , '월급' );
INSERT INTO recruit ( recruit_id, company_id, job_code, title, content, created_at, expired_at, salary, work_type, work_location, work_start_date, work_end_date, work_days_week, work_start_hour, work_end_hour, gender , salary_type) VALUES ( '43', '43', '28', '봉제의복 제조업', '5명 모집합니다.', '2023-07-18', '2023-08-29', '3800000', '정규직', '서울특별시 송파구', '2023-09-08', '2023-12-17', '5', '9', '18', 'FEMALE' , '일급' );
INSERT INTO recruit ( recruit_id, company_id, job_code, title, content, created_at, expired_at, salary, work_type, work_location, work_start_date, work_end_date, work_days_week, work_start_hour, work_end_hour, gender , salary_type) VALUES ( '44', '44', '28', '겉옷 제조업', '3명 모집합니다.', '2022-02-28', '2022-05-03', '3200000', '정규직', '서울특별시 서초구', '2022-05-13', '2022-08-21', '5', '9', '18', 'FEMALE' , '주급' );
INSERT INTO recruit ( recruit_id, company_id, job_code, title, content, created_at, expired_at, salary, work_type, work_location, work_start_date, work_end_date, work_days_week, work_start_hour, work_end_hour, gender , salary_type) VALUES ( '45', '45', '28', '남자용 겉옷 제조업', '최대 0명 모집합니다.', '2023-04-20', '2023-06-17', '3100000', '계약직', '서울특별시 강남구', '2023-06-27', '2023-10-05', '5', '9', '18', 'FEMALE' , '월급' );
INSERT INTO recruit ( recruit_id, company_id, job_code, title, content, created_at, expired_at, salary, work_type, work_location, work_start_date, work_end_date, work_days_week, work_start_hour, work_end_hour, gender , salary_type) VALUES ( '46', '46', '28', '여자용 겉옷 제조업', '1명 모집합니다.', '2021-07-22', '2021-09-21', '3500000', '정규직', '경기도 인천시', '2021-10-01', '2022-01-09', '5', '9', '18', 'FEMALE' , '일급' );
INSERT INTO recruit ( recruit_id, company_id, job_code, title, content, created_at, expired_at, salary, work_type, work_location, work_start_date, work_end_date, work_days_week, work_start_hour, work_end_hour, gender , salary_type) VALUES ( '47', '47', '28', '속옷 및 잠옷 제조업', '경력자 2명 모집', '2023-08-20', '2023-08-23', '4500000', '정규직', '경기도 인천시', '2023-09-02', '2023-12-11', '5', '9', '18', 'FEMALE' , '주급' );
INSERT INTO recruit ( recruit_id, company_id, job_code, title, content, created_at, expired_at, salary, work_type, work_location, work_start_date, work_end_date, work_days_week, work_start_hour, work_end_hour, gender , salary_type) VALUES ( '48', '48', '28', '한복 제조업', '신입 1명모집', '2022-01-13', '2022-02-14', '3400000', '계약직', '서울특별시 강동구', '2022-02-24', '2022-06-04', '5', '9', '18', 'FEMALE' , '월급' );
INSERT INTO recruit ( recruit_id, company_id, job_code, title, content, created_at, expired_at, salary, work_type, work_location, work_start_date, work_end_date, work_days_week, work_start_hour, work_end_hour, gender , salary_type) VALUES ( '49', '49', '28', '골판지 제조업', '10명 모집합니다.', '2022-10-31', '2022-11-13', '3560000', '정규직', '전라도 전남시', '2022-11-23', '2023-03-03', '5', '9', '18', 'ANY' , '일급' );
INSERT INTO recruit ( recruit_id, company_id, job_code, title, content, created_at, expired_at, salary, work_type, work_location, work_start_date, work_end_date, work_days_week, work_start_hour, work_end_hour, gender , salary_type) VALUES ( '50', '50', '28', '골판지 상자 및 가공제품 제조업', '9명 모집합니다.', '2021-04-26', '2021-08-02', '3300000', '계약직', '경상북도 밀양시', '2021-08-12', '2021-11-20', '5', '9', '18', 'ANY' , '주급' );


INSERT INTO resume_default ( resume_id, user_id, first_name, last_name, phone, birthdate, address, gender, nationality, period, korean_proficiency, degree, is_experienced, is_disabled, cover_letter, hexaco) VALUES ( 1, 1, '현학', '김', '010-2305-9718', '1995-06-06', 'Seoul', 'Male', 'Korea', '0', '6', 'bachelor', TRUE, FALSE, 'Hello, I\'m 현학. I\'m from Korea. Nice to meet you.', '[3.6,3.0,2.3,2.0,1.0,2.0]');
INSERT INTO resume_default ( resume_id, user_id, first_name, last_name, phone, birthdate, address, gender, nationality, period, korean_proficiency, degree, is_experienced, is_disabled, cover_letter, hexaco) VALUES ( 2, 2, '우진', '김', '010-0000-0000', '2011-06-01', 'Seoul', 'Male', 'Korea', '7', '1', 'bachelor', TRUE, FALSE, 'Hello, I\'m 우진. I\'m from Korea. Nice to meet you.', '[3.6,3.0,2.3,2.0,1.0,2.1]');
INSERT INTO resume_default ( resume_id, user_id, first_name, last_name, phone, birthdate, address, gender, nationality, period, korean_proficiency, degree, is_experienced, is_disabled, cover_letter, hexaco) VALUES ( 3, 3, '주희', '이', '010-0000-0001', '1952-05-17', 'Seoul', 'Female', 'Korea', '14', '5', 'bachelor', TRUE, FALSE, 'Hello, I\'m 주희. I\'m from Korea. Nice to meet you.', '[3.6,3.0,2.3,2.0,1.0,2.2]');
INSERT INTO resume_default ( resume_id, user_id, first_name, last_name, phone, birthdate, address, gender, nationality, period, korean_proficiency, degree, is_experienced, is_disabled, cover_letter, hexaco) VALUES ( 4, 4, '승효', '조', '010-0000-0002', '1984-07-11', 'Seoul', 'Female', 'Korea', '21', '1', 'bachelor', TRUE, FALSE, 'Hello, I\'m 승효. I\'m from Korea. Nice to meet you.', '[3.6,3.0,2.3,2.0,1.0,2.3]');
INSERT INTO resume_default ( resume_id, user_id, first_name, last_name, phone, birthdate, address, gender, nationality, period, korean_proficiency, degree, is_experienced, is_disabled, cover_letter, hexaco) VALUES ( 5, 5, '태민', '장', '010-0000-0003', '1941-04-07', 'Seoul', 'Male', 'Korea', '28', '3', 'bachelor', TRUE, FALSE, 'Hello, I\'m 태민. I\'m from Korea. Nice to meet you.', '[3.6,3.0,2.3,2.0,1.0,2.4]');
INSERT INTO resume_default ( resume_id, user_id, first_name, last_name, phone, birthdate, address, gender, nationality, period, korean_proficiency, degree, is_experienced, is_disabled, cover_letter, hexaco) VALUES ( 6, 6, '승재', '현', '010-0000-0004', '1953-10-01', 'Seoul', 'Male', 'Korea', '35', '1', 'bachelor', TRUE, FALSE, 'Hello, I\'m 승재. I\'m from Korea. Nice to meet you.', '[3.6,3.0,2.3,2.0,1.0,2.5]');
INSERT INTO resume_default ( resume_id, user_id, first_name, last_name, phone, birthdate, address, gender, nationality, period, korean_proficiency, degree, is_experienced, is_disabled, cover_letter, hexaco) VALUES ( 7, 7, 'John', 'Smith', '010-0000-0005', '2001-09-05', 'Seoul', 'Male', 'Korea', '42', '2', 'bachelor', TRUE, FALSE, 'Hello, I\'m John. I\'m from Korea. Nice to meet you.', '[3.6,3.0,2.3,2.0,1.0,2.6]');
INSERT INTO resume_default ( resume_id, user_id, first_name, last_name, phone, birthdate, address, gender, nationality, period, korean_proficiency, degree, is_experienced, is_disabled, cover_letter, hexaco) VALUES ( 8, 8, 'Lena', 'Kim', '010-0000-0006', '1977-02-11', 'Seoul', 'Male', 'Korea', '49', '5', 'bachelor', TRUE, FALSE, 'Hello, I\'m Lena. I\'m from Korea. Nice to meet you.', '[3.6,3.0,2.3,2.0,1.0,2.7]');
INSERT INTO resume_default ( resume_id, user_id, first_name, last_name, phone, birthdate, address, gender, nationality, period, korean_proficiency, degree, is_experienced, is_disabled, cover_letter, hexaco) VALUES ( 9, 9, 'Steve', 'Jobs', '010-0000-0007', '1971-04-11', 'Seoul', 'Male', 'Korea', '56', '2', 'bachelor', TRUE, FALSE, 'Hello, I\'m Steve. I\'m from Korea. Nice to meet you.', '[3.6,3.0,2.3,2.0,1.0,2.8]');
INSERT INTO resume_default ( resume_id, user_id, first_name, last_name, phone, birthdate, address, gender, nationality, period, korean_proficiency, degree, is_experienced, is_disabled, cover_letter, hexaco) VALUES ( 10, 10, 'Michael', 'Jordan', '010-0000-0008', '1924-08-07', 'Gyeongi', 'Male', 'Korea', '63', '2', 'bachelor', TRUE, FALSE, 'Hello, I\'m Michael. I\'m from Korea. Nice to meet you.', '[3.6,3.0,2.3,2.0,1.0,2.9]');
INSERT INTO resume_default ( resume_id, user_id, first_name, last_name, phone, birthdate, address, gender, nationality, period, korean_proficiency, degree, is_experienced, is_disabled, cover_letter, hexaco) VALUES ( 11, 11, 'Gaius', 'Caesar', '010-0000-0009', '1970-10-23', 'Gyeongi', 'Male', 'Korea', '70', '5', 'bachelor', TRUE, FALSE, 'Hello, I\'m Gaius. I\'m from Korea. Nice to meet you.', '[3.6,3.0,2.3,2.0,1.0,2.10]');
INSERT INTO resume_default ( resume_id, user_id, first_name, last_name, phone, birthdate, address, gender, nationality, period, korean_proficiency, degree, is_experienced, is_disabled, cover_letter, hexaco) VALUES ( 12, 12, 'John', 'Kennedy', '010-0000-0010', '1936-07-13', 'Gyeongi', 'Male', 'Korea', '77', '2', 'bachelor', TRUE, FALSE, 'Hello, I\'m John. I\'m from Korea. Nice to meet you.', '[3.6,3.0,2.3,2.0,1.0,2.11]');
INSERT INTO resume_default ( resume_id, user_id, first_name, last_name, phone, birthdate, address, gender, nationality, period, korean_proficiency, degree, is_experienced, is_disabled, cover_letter, hexaco) VALUES ( 13, 13, '길동', '홍', '010-0000-0011', '1929-01-05', 'Gyeongi', 'Male', 'Korea', '84', '4', 'bachelor', TRUE, FALSE, 'Hello, I\'m 길동. I\'m from Korea. Nice to meet you.', '[3.6,3.0,2.3,2.0,1.0,2.12]');
INSERT INTO resume_default ( resume_id, user_id, first_name, last_name, phone, birthdate, address, gender, nationality, period, korean_proficiency, degree, is_experienced, is_disabled, cover_letter, hexaco) VALUES ( 14, 14, '길동', '홍', '010-0000-0012', '1986-06-06', 'Gyeongi', 'Male', 'Korea', '91', '3', 'bachelor', TRUE, FALSE, 'Hello, I\'m 길동. I\'m from Korea. Nice to meet you.', '[3.6,3.0,2.3,2.0,1.0,2.13]');
INSERT INTO resume_default ( resume_id, user_id, first_name, last_name, phone, birthdate, address, gender, nationality, period, korean_proficiency, degree, is_experienced, is_disabled, cover_letter, hexaco) VALUES ( 15, 15, '길동', '홍', '010-0000-0013', '1961-06-07', 'Gyeongi', 'Male', 'Korea', '98', '5', 'bachelor', TRUE, FALSE, 'Hello, I\'m 길동. I\'m from Korea. Nice to meet you.', '[3.6,3.0,2.3,2.0,1.0,2.14]');
INSERT INTO resume_default ( resume_id, user_id, first_name, last_name, phone, birthdate, address, gender, nationality, period, korean_proficiency, degree, is_experienced, is_disabled, cover_letter, hexaco) VALUES ( 16, 16, '길동', '홍', '010-0000-0014', '1979-07-19', 'Gyeongi', 'Female', 'Korea', '105', '2', 'bachelor', FALSE, FALSE, 'Hello, I\'m 길동. I\'m from Korea. Nice to meet you.', '[3.6,3.0,2.3,2.0,1.0,2.15]');
INSERT INTO resume_default ( resume_id, user_id, first_name, last_name, phone, birthdate, address, gender, nationality, period, korean_proficiency, degree, is_experienced, is_disabled, cover_letter, hexaco) VALUES ( 17, 17, '길동', '홍', '010-0000-0015', '1965-03-21', 'Gyeongi', 'Female', 'Korea', '112', '5', 'bachelor', FALSE, FALSE, 'Hello, I\'m 길동. I\'m from Korea. Nice to meet you.', '[3.6,3.0,2.3,2.0,1.0,2.16]');
INSERT INTO resume_default ( resume_id, user_id, first_name, last_name, phone, birthdate, address, gender, nationality, period, korean_proficiency, degree, is_experienced, is_disabled, cover_letter, hexaco) VALUES ( 18, 18, '길동', '홍', '010-0000-0016', '1906-01-24', 'Gyeongi', 'Male', 'Korea', '119', '1', 'bachelor', TRUE, FALSE, 'Hello, I\'m 길동. I\'m from Korea. Nice to meet you.', '[3.6,3.0,2.3,2.0,1.0,2.17]');
INSERT INTO resume_default ( resume_id, user_id, first_name, last_name, phone, birthdate, address, gender, nationality, period, korean_proficiency, degree, is_experienced, is_disabled, cover_letter, hexaco) VALUES ( 19, 19, '길동', '홍', '010-0000-0017', '1912-11-11', 'Gyeongi', 'Male', 'Korea', '126', '3', 'bachelor', TRUE, FALSE, 'Hello, I\'m 길동. I\'m from Korea. Nice to meet you.', '[3.6,3.0,2.3,2.0,1.0,2.18]');
INSERT INTO resume_default ( resume_id, user_id, first_name, last_name, phone, birthdate, address, gender, nationality, period, korean_proficiency, degree, is_experienced, is_disabled, cover_letter, hexaco) VALUES ( 20, 20, '길동', '홍', '010-0000-0018', '1958-09-15', 'Gyeongi', 'Male', 'Korea', '133', '2', 'bachelor', TRUE, FALSE, 'Hello, I\'m 길동. I\'m from Korea. Nice to meet you.', '[3.6,3.0,2.3,2.0,1.0,2.19]');
INSERT INTO resume_default ( resume_id, user_id, first_name, last_name, phone, birthdate, address, gender, nationality, period, korean_proficiency, degree, is_experienced, is_disabled, cover_letter, hexaco) VALUES ( 21, 21, '길동', '홍', '010-0000-0019', '2002-02-07', 'Gyeongi', 'Male', 'Korea', '140', '3', 'bachelor', TRUE, FALSE, 'Hello, I\'m 길동. I\'m from Korea. Nice to meet you.', '[3.6,3.0,2.3,2.0,1.0,2.20]');
INSERT INTO resume_default ( resume_id, user_id, first_name, last_name, phone, birthdate, address, gender, nationality, period, korean_proficiency, degree, is_experienced, is_disabled, cover_letter, hexaco) VALUES ( 22, 22, '길동', '홍', '010-0000-0020', '1912-10-21', 'Gyeongi', 'Female', 'Korea', '147', '2', 'bachelor', TRUE, FALSE, 'Hello, I\'m 길동. I\'m from Korea. Nice to meet you.', '[3.6,3.0,2.3,2.0,1.0,2.21]');
INSERT INTO resume_default ( resume_id, user_id, first_name, last_name, phone, birthdate, address, gender, nationality, period, korean_proficiency, degree, is_experienced, is_disabled, cover_letter, hexaco) VALUES ( 23, 23, '길동', '홍', '010-0000-0021', '1912-08-09', 'Gyeongi', 'Female', 'Korea', '154', '1', 'bachelor', FALSE, FALSE, 'Hello, I\'m 길동. I\'m from Korea. Nice to meet you.', '[3.6,3.0,2.3,2.0,1.0,2.22]');
INSERT INTO resume_default ( resume_id, user_id, first_name, last_name, phone, birthdate, address, gender, nationality, period, korean_proficiency, degree, is_experienced, is_disabled, cover_letter, hexaco) VALUES ( 24, 24, '길동', '홍', '010-0000-0022', '1945-03-20', 'Seoul', 'Male', 'Korea', '161', '2', 'bachelor', FALSE, FALSE, 'Hello, I\'m 길동. I\'m from Korea. Nice to meet you.', '[3.6,3.0,2.3,2.0,1.0,2.23]');
INSERT INTO resume_default ( resume_id, user_id, first_name, last_name, phone, birthdate, address, gender, nationality, period, korean_proficiency, degree, is_experienced, is_disabled, cover_letter, hexaco) VALUES ( 25, 25, '길동', '홍', '010-0000-0023', '1927-03-30', 'Seoul', 'Male', 'Korea', '168', '5', 'bachelor', TRUE, FALSE, 'Hello, I\'m 길동. I\'m from Korea. Nice to meet you.', '[3.6,3.0,2.3,2.0,1.0,2.24]');
INSERT INTO resume_default ( resume_id, user_id, first_name, last_name, phone, birthdate, address, gender, nationality, period, korean_proficiency, degree, is_experienced, is_disabled, cover_letter, hexaco) VALUES ( 26, 26, '길동', '홍', '010-0000-0024', '1911-07-03', 'Seoul', 'Male', 'Korea', '175', '5', 'bachelor', TRUE, FALSE, 'Hello, I\'m 길동. I\'m from Korea. Nice to meet you.', '[3.6,3.0,2.3,2.0,1.0,2.25]');
INSERT INTO resume_default ( resume_id, user_id, first_name, last_name, phone, birthdate, address, gender, nationality, period, korean_proficiency, degree, is_experienced, is_disabled, cover_letter, hexaco) VALUES ( 27, 27, '길동', '홍', '010-0000-0025', '1962-07-06', 'Seoul', 'Male', 'Korea', '182', '4', 'bachelor', TRUE, FALSE, 'Hello, I\'m 길동. I\'m from Korea. Nice to meet you.', '[3.6,3.0,2.3,2.0,1.0,2.26]');
INSERT INTO resume_default ( resume_id, user_id, first_name, last_name, phone, birthdate, address, gender, nationality, period, korean_proficiency, degree, is_experienced, is_disabled, cover_letter, hexaco) VALUES ( 28, 28, '길동', '홍', '010-0000-0026', '2003-01-31', 'Seoul', 'Male', 'Korea', '189', '2', 'bachelor', TRUE, FALSE, 'Hello, I\'m 길동. I\'m from Korea. Nice to meet you.', '[3.6,3.0,2.3,2.0,1.0,2.27]');
INSERT INTO resume_default ( resume_id, user_id, first_name, last_name, phone, birthdate, address, gender, nationality, period, korean_proficiency, degree, is_experienced, is_disabled, cover_letter, hexaco) VALUES ( 29, 29, '길동', '홍', '010-0000-0027', '1952-07-20', 'Seoul', 'Female', 'Korea', '196', '3', 'bachelor', TRUE, FALSE, 'Hello, I\'m 길동. I\'m from Korea. Nice to meet you.', '[3.6,3.0,2.3,2.0,1.0,2.28]');
INSERT INTO resume_default ( resume_id, user_id, first_name, last_name, phone, birthdate, address, gender, nationality, period, korean_proficiency, degree, is_experienced, is_disabled, cover_letter, hexaco) VALUES ( 30, 30, '길동', '홍', '010-0000-0028', '1988-02-15', 'Seoul', 'Female', 'Korea', '203', '4', 'bachelor', TRUE, FALSE, 'Hello, I\'m 길동. I\'m from Korea. Nice to meet you.', '[3.6,3.0,2.3,2.0,1.0,2.29]');
INSERT INTO resume_default ( resume_id, user_id, first_name, last_name, phone, birthdate, address, gender, nationality, period, korean_proficiency, degree, is_experienced, is_disabled, cover_letter, hexaco) VALUES ( 31, 31, '길동', '홍', '010-0000-0029', '1984-04-18', 'Seoul', 'Male', 'Korea', '210', '3', 'bachelor', TRUE, FALSE, 'Hello, I\'m 길동. I\'m from Korea. Nice to meet you.', '[3.6,3.0,2.3,2.0,1.0,2.30]');
INSERT INTO resume_default ( resume_id, user_id, first_name, last_name, phone, birthdate, address, gender, nationality, period, korean_proficiency, degree, is_experienced, is_disabled, cover_letter, hexaco) VALUES ( 32, 32, '길동', '홍', '010-0000-0030', '1900-07-25', 'Seoul', 'Male', 'Korea', '217', '5', 'bachelor', TRUE, FALSE, 'Hello, I\'m 길동. I\'m from Korea. Nice to meet you.', '[3.6,3.0,2.3,2.0,1.0,2.31]');
INSERT INTO resume_default ( resume_id, user_id, first_name, last_name, phone, birthdate, address, gender, nationality, period, korean_proficiency, degree, is_experienced, is_disabled, cover_letter, hexaco) VALUES ( 33, 33, '길동', '홍', '010-0000-0031', '1953-08-24', 'Seoul', 'Male', 'Korea', '224', '5', 'bachelor', FALSE, FALSE, 'Hello, I\'m 길동. I\'m from Korea. Nice to meet you.', '[3.6,3.0,2.3,2.0,1.0,2.32]');
INSERT INTO resume_default ( resume_id, user_id, first_name, last_name, phone, birthdate, address, gender, nationality, period, korean_proficiency, degree, is_experienced, is_disabled, cover_letter, hexaco) VALUES ( 34, 34, '길동', '홍', '010-0000-0032', '2014-09-16', 'Seoul', 'Male', 'Korea', '231', '4', 'bachelor', FALSE, FALSE, 'Hello, I\'m 길동. I\'m from Korea. Nice to meet you.', '[3.6,3.0,2.3,2.0,1.0,2.33]');
INSERT INTO resume_default ( resume_id, user_id, first_name, last_name, phone, birthdate, address, gender, nationality, period, korean_proficiency, degree, is_experienced, is_disabled, cover_letter, hexaco) VALUES ( 35, 35, '길동', '홍', '010-0000-0033', '1955-07-29', 'Seoul', 'Male', 'Korea', '238', '4', 'bachelor', TRUE, FALSE, 'Hello, I\'m 길동. I\'m from Korea. Nice to meet you.', '[3.6,3.0,2.3,2.0,1.0,2.34]');
INSERT INTO resume_default ( resume_id, user_id, first_name, last_name, phone, birthdate, address, gender, nationality, period, korean_proficiency, degree, is_experienced, is_disabled, cover_letter, hexaco) VALUES ( 36, 36, '길동', '홍', '010-0000-0034', '1951-07-16', 'Seoul', 'Male', 'Korea', '245', '3', 'bachelor', TRUE, FALSE, 'Hello, I\'m 길동. I\'m from Korea. Nice to meet you.', '[3.6,3.0,2.3,2.0,1.0,2.35]');
INSERT INTO resume_default ( resume_id, user_id, first_name, last_name, phone, birthdate, address, gender, nationality, period, korean_proficiency, degree, is_experienced, is_disabled, cover_letter, hexaco) VALUES ( 37, 37, '길동', '홍', '010-0000-0035', '1948-04-26', 'Seoul', 'Female', 'Korea', '252', '3', 'bachelor', TRUE, FALSE, 'Hello, I\'m 길동. I\'m from Korea. Nice to meet you.', '[3.6,3.0,2.3,2.0,1.0,2.36]');
INSERT INTO resume_default ( resume_id, user_id, first_name, last_name, phone, birthdate, address, gender, nationality, period, korean_proficiency, degree, is_experienced, is_disabled, cover_letter, hexaco) VALUES ( 38, 38, '길동', '홍', '010-0000-0036', '1994-10-18', 'Seoul', 'Female', 'Korea', '259', '2', 'bachelor', TRUE, FALSE, 'Hello, I\'m 길동. I\'m from Korea. Nice to meet you.', '[3.6,3.0,2.3,2.0,1.0,2.37]');
INSERT INTO resume_default ( resume_id, user_id, first_name, last_name, phone, birthdate, address, gender, nationality, period, korean_proficiency, degree, is_experienced, is_disabled, cover_letter, hexaco) VALUES ( 39, 39, '길동', '홍', '010-0000-0037', '1980-07-13', 'Seoul', 'Male', 'Korea', '266', '4', 'bachelor', TRUE, FALSE, 'Hello, I\'m 길동. I\'m from Korea. Nice to meet you.', '[3.6,3.0,2.3,2.0,1.0,2.38]');
INSERT INTO resume_default ( resume_id, user_id, first_name, last_name, phone, birthdate, address, gender, nationality, period, korean_proficiency, degree, is_experienced, is_disabled, cover_letter, hexaco) VALUES ( 40, 40, '길동', '홍', '010-0000-0038', '1924-03-07', 'Seoul', 'Male', 'Korea', '273', '5', 'bachelor', TRUE, FALSE, 'Hello, I\'m 길동. I\'m from Korea. Nice to meet you.', '[3.6,3.0,2.3,2.0,1.0,2.39]');
INSERT INTO resume_default ( resume_id, user_id, first_name, last_name, phone, birthdate, address, gender, nationality, period, korean_proficiency, degree, is_experienced, is_disabled, cover_letter, hexaco) VALUES ( 41, 41, '길동', '홍', '010-0000-0039', '1906-06-02', 'Seoul', 'Male', 'Korea', '280', '4', 'bachelor', TRUE, FALSE, 'Hello, I\'m 길동. I\'m from Korea. Nice to meet you.', '[3.6,3.0,2.3,2.0,1.0,2.40]');
INSERT INTO resume_default ( resume_id, user_id, first_name, last_name, phone, birthdate, address, gender, nationality, period, korean_proficiency, degree, is_experienced, is_disabled, cover_letter, hexaco) VALUES ( 42, 42, '길동', '홍', '010-0000-0040', '1914-04-13', 'Seoul', 'Male', 'Korea', '287', '5', 'bachelor', TRUE, FALSE, 'Hello, I\'m 길동. I\'m from Korea. Nice to meet you.', '[3.6,3.0,2.3,2.0,1.0,2.41]');
INSERT INTO resume_default ( resume_id, user_id, first_name, last_name, phone, birthdate, address, gender, nationality, period, korean_proficiency, degree, is_experienced, is_disabled, cover_letter, hexaco) VALUES ( 43, 43, '길동', '홍', '010-0000-0041', '1929-07-10', 'Seoul', 'Male', 'Korea', '294', '4', 'bachelor', TRUE, FALSE, 'Hello, I\'m 길동. I\'m from Korea. Nice to meet you.', '[3.6,3.0,2.3,2.0,1.0,2.42]');
INSERT INTO resume_default ( resume_id, user_id, first_name, last_name, phone, birthdate, address, gender, nationality, period, korean_proficiency, degree, is_experienced, is_disabled, cover_letter, hexaco) VALUES ( 44, 44, '길동', '홍', '010-0000-0042', '1931-07-19', 'Seoul', 'Female', 'Korea', '301', '2', 'bachelor', TRUE, FALSE, 'Hello, I\'m 길동. I\'m from Korea. Nice to meet you.', '[3.6,3.0,2.3,2.0,1.0,2.43]');
INSERT INTO resume_default ( resume_id, user_id, first_name, last_name, phone, birthdate, address, gender, nationality, period, korean_proficiency, degree, is_experienced, is_disabled, cover_letter, hexaco) VALUES ( 45, 45, '길동', '홍', '010-0000-0043', '1973-03-05', 'Seoul', 'Female', 'Korea', '308', '6', 'bachelor', TRUE, FALSE, 'Hello, I\'m 길동. I\'m from Korea. Nice to meet you.', '[3.6,3.0,2.3,2.0,1.0,2.44]');
INSERT INTO resume_default ( resume_id, user_id, first_name, last_name, phone, birthdate, address, gender, nationality, period, korean_proficiency, degree, is_experienced, is_disabled, cover_letter, hexaco) VALUES ( 46, 46, '길동', '홍', '010-0000-0044', '1944-08-23', 'Seoul', 'Male', 'Korea', '315', '3', 'bachelor', TRUE, FALSE, 'Hello, I\'m 길동. I\'m from Korea. Nice to meet you.', '[3.6,3.0,2.3,2.0,1.0,2.45]');
INSERT INTO resume_default ( resume_id, user_id, first_name, last_name, phone, birthdate, address, gender, nationality, period, korean_proficiency, degree, is_experienced, is_disabled, cover_letter, hexaco) VALUES ( 47, 47, '길동', '홍', '010-0000-0045', '2011-09-14', 'Seoul', 'Male', 'Korea', '322', '4', 'bachelor', TRUE, FALSE, 'Hello, I\'m 길동. I\'m from Korea. Nice to meet you.', '[3.6,3.0,2.3,2.0,1.0,2.46]');
INSERT INTO resume_default ( resume_id, user_id, first_name, last_name, phone, birthdate, address, gender, nationality, period, korean_proficiency, degree, is_experienced, is_disabled, cover_letter, hexaco) VALUES ( 48, 48, '길동', '홍', '010-0000-0046', '2022-09-24', 'Seoul', 'Male', 'Korea', '329', '2', 'bachelor', TRUE, FALSE, 'Hello, I\'m 길동. I\'m from Korea. Nice to meet you.', '[3.6,3.0,2.3,2.0,1.0,2.47]');
INSERT INTO resume_default ( resume_id, user_id, first_name, last_name, phone, birthdate, address, gender, nationality, period, korean_proficiency, degree, is_experienced, is_disabled, cover_letter, hexaco) VALUES ( 49, 49, '길동', '홍', '010-0000-0047', '1947-02-12', 'Seoul', 'Male', 'Korea', '336', '3', 'bachelor', TRUE, FALSE, 'Hello, I\'m 길동. I\'m from Korea. Nice to meet you.', '[3.6,3.0,2.3,2.0,1.0,2.48]');
INSERT INTO resume_default ( resume_id, user_id, first_name, last_name, phone, birthdate, address, gender, nationality, period, korean_proficiency, degree, is_experienced, is_disabled, cover_letter, hexaco) VALUES ( 50, 50, '길동', '홍', '010-0000-0048', '2022-05-20', 'Seoul', 'Male', 'Korea', '343', '6', 'bachelor', TRUE, FALSE, 'Hello, I\'m 길동. I\'m from Korea. Nice to meet you.', '[3.6,3.0,2.3,2.0,1.0,2.49]');

INSERT INTO apply ( apply_id, user_id, recruit_id, resume_id, status ) VALUES ( '1', '1', '1', '1', 'APPLIED'  );
INSERT INTO apply ( apply_id, user_id, recruit_id, resume_id, status ) VALUES ( '2', '1', '2', '1', 'RESUME_REJECTED'  );
INSERT INTO apply ( apply_id, user_id, recruit_id, resume_id, status ) VALUES ( '3', '1', '3', '1', 'INTERVIEW_SELECTED'  );
INSERT INTO apply ( apply_id, user_id, recruit_id, resume_id, status ) VALUES ( '4', '1', '4', '1', 'FINAL_PASSED'  );
INSERT INTO apply ( apply_id, user_id, recruit_id, resume_id, status ) VALUES ( '5', '2', '5', '2', 'FINAL_REJECTED'  );
INSERT INTO apply ( apply_id, user_id, recruit_id, resume_id, status ) VALUES ( '6', '2', '6', '2', 'APPLIED'  );
INSERT INTO apply ( apply_id, user_id, recruit_id, resume_id, status ) VALUES ( '7', '2', '7', '2', 'RESUME_REJECTED'  );
INSERT INTO apply ( apply_id, user_id, recruit_id, resume_id, status ) VALUES ( '8', '2', '8', '2', 'INTERVIEW_SELECTED'  );
INSERT INTO apply ( apply_id, user_id, recruit_id, resume_id, status ) VALUES ( '9', '3', '9', '3', 'FINAL_PASSED'  );
INSERT INTO apply ( apply_id, user_id, recruit_id, resume_id, status ) VALUES ( '10', '3', '10', '3', 'FINAL_REJECTED'  );
INSERT INTO apply ( apply_id, user_id, recruit_id, resume_id, status ) VALUES ( '11', '3', '11', '3', 'APPLIED'  );
INSERT INTO apply ( apply_id, user_id, recruit_id, resume_id, status ) VALUES ( '12', '3', '12', '3', 'RESUME_REJECTED'  );
INSERT INTO apply ( apply_id, user_id, recruit_id, resume_id, status ) VALUES ( '13', '4', '13', '4', 'INTERVIEW_SELECTED'  );
INSERT INTO apply ( apply_id, user_id, recruit_id, resume_id, status ) VALUES ( '14', '4', '14', '4', 'FINAL_PASSED'  );
INSERT INTO apply ( apply_id, user_id, recruit_id, resume_id, status ) VALUES ( '15', '4', '15', '4', 'FINAL_REJECTED'  );
INSERT INTO apply ( apply_id, user_id, recruit_id, resume_id, status ) VALUES ( '16', '4', '16', '4', 'APPLIED'  );
INSERT INTO apply ( apply_id, user_id, recruit_id, resume_id, status ) VALUES ( '17', '5', '17', '5', 'RESUME_REJECTED'  );
INSERT INTO apply ( apply_id, user_id, recruit_id, resume_id, status ) VALUES ( '18', '5', '18', '5', 'INTERVIEW_SELECTED'  );
INSERT INTO apply ( apply_id, user_id, recruit_id, resume_id, status ) VALUES ( '19', '5', '19', '5', 'FINAL_PASSED'  );
INSERT INTO apply ( apply_id, user_id, recruit_id, resume_id, status ) VALUES ( '20', '5', '20', '5', 'FINAL_REJECTED'  );
INSERT INTO apply ( apply_id, user_id, recruit_id, resume_id, status ) VALUES ( '21', '6', '21', '6', 'APPLIED'  );
INSERT INTO apply ( apply_id, user_id, recruit_id, resume_id, status ) VALUES ( '22', '6', '22', '6', 'RESUME_REJECTED'  );
INSERT INTO apply ( apply_id, user_id, recruit_id, resume_id, status ) VALUES ( '23', '6', '23', '6', 'INTERVIEW_SELECTED'  );
INSERT INTO apply ( apply_id, user_id, recruit_id, resume_id, status ) VALUES ( '24', '6', '24', '6', 'FINAL_PASSED'  );
INSERT INTO apply ( apply_id, user_id, recruit_id, resume_id, status ) VALUES ( '25', '25', '25', '25', 'FINAL_REJECTED'  );
INSERT INTO apply ( apply_id, user_id, recruit_id, resume_id, status ) VALUES ( '26', '26', '26', '26', 'APPLIED'  );
INSERT INTO apply ( apply_id, user_id, recruit_id, resume_id, status ) VALUES ( '27', '27', '27', '27', 'RESUME_REJECTED'  );
INSERT INTO apply ( apply_id, user_id, recruit_id, resume_id, status ) VALUES ( '28', '28', '28', '28', 'INTERVIEW_SELECTED'  );
INSERT INTO apply ( apply_id, user_id, recruit_id, resume_id, status ) VALUES ( '29', '29', '29', '29', 'FINAL_PASSED'  );
INSERT INTO apply ( apply_id, user_id, recruit_id, resume_id, status ) VALUES ( '30', '30', '30', '30', 'FINAL_REJECTED'  );
INSERT INTO apply ( apply_id, user_id, recruit_id, resume_id, status ) VALUES ( '31', '31', '31', '31', 'APPLIED'  );
INSERT INTO apply ( apply_id, user_id, recruit_id, resume_id, status ) VALUES ( '32', '32', '32', '32', 'RESUME_REJECTED'  );
INSERT INTO apply ( apply_id, user_id, recruit_id, resume_id, status ) VALUES ( '33', '33', '33', '33', 'INTERVIEW_SELECTED'  );
INSERT INTO apply ( apply_id, user_id, recruit_id, resume_id, status ) VALUES ( '34', '34', '34', '34', 'FINAL_PASSED'  );
INSERT INTO apply ( apply_id, user_id, recruit_id, resume_id, status ) VALUES ( '35', '35', '35', '35', 'FINAL_REJECTED'  );
INSERT INTO apply ( apply_id, user_id, recruit_id, resume_id, status ) VALUES ( '36', '36', '36', '36', 'APPLIED'  );
INSERT INTO apply ( apply_id, user_id, recruit_id, resume_id, status ) VALUES ( '37', '37', '37', '37', 'RESUME_REJECTED'  );
INSERT INTO apply ( apply_id, user_id, recruit_id, resume_id, status ) VALUES ( '38', '38', '38', '38', 'INTERVIEW_SELECTED'  );
INSERT INTO apply ( apply_id, user_id, recruit_id, resume_id, status ) VALUES ( '39', '39', '39', '39', 'FINAL_PASSED'  );
INSERT INTO apply ( apply_id, user_id, recruit_id, resume_id, status ) VALUES ( '40', '40', '40', '40', 'FINAL_REJECTED'  );
INSERT INTO apply ( apply_id, user_id, recruit_id, resume_id, status ) VALUES ( '41', '41', '41', '41', 'APPLIED'  );
INSERT INTO apply ( apply_id, user_id, recruit_id, resume_id, status ) VALUES ( '42', '42', '42', '42', 'RESUME_REJECTED'  );
INSERT INTO apply ( apply_id, user_id, recruit_id, resume_id, status ) VALUES ( '43', '43', '43', '43', 'INTERVIEW_SELECTED'  );
INSERT INTO apply ( apply_id, user_id, recruit_id, resume_id, status ) VALUES ( '44', '44', '44', '44', 'FINAL_PASSED'  );
INSERT INTO apply ( apply_id, user_id, recruit_id, resume_id, status ) VALUES ( '45', '45', '45', '45', 'FINAL_REJECTED'  );
INSERT INTO apply ( apply_id, user_id, recruit_id, resume_id, status ) VALUES ( '46', '46', '46', '46', 'APPLIED'  );
INSERT INTO apply ( apply_id, user_id, recruit_id, resume_id, status ) VALUES ( '47', '47', '47', '47', 'RESUME_REJECTED'  );
INSERT INTO apply ( apply_id, user_id, recruit_id, resume_id, status ) VALUES ( '48', '48', '48', '48', 'INTERVIEW_SELECTED'  );
INSERT INTO apply ( apply_id, user_id, recruit_id, resume_id, status ) VALUES ( '49', '49', '49', '49', 'FINAL_PASSED'  );
INSERT INTO apply ( apply_id, user_id, recruit_id, resume_id, status ) VALUES ( '50', '50', '50', '50', 'FINAL_REJECTED'  );


INSERT INTO career ( career_id, resume_id, job, responsibility, started_at, ended_at, work_performance, detail  ) VALUES ( '1', '1', 'HR', 'Employee', '2022-12-27', '2023-06-29', null, null  );
INSERT INTO career ( career_id, resume_id, job, responsibility, started_at, ended_at, work_performance, detail  ) VALUES ( '2', '2', 'Sales', 'Employee', '2019-10-27', '2020-02-11', null, null  );
INSERT INTO career ( career_id, resume_id, job, responsibility, started_at, ended_at, work_performance, detail  ) VALUES ( '3', '3', 'Sales', 'Employee', '2019-02-28', '2020-01-21', 'Increased brand awareness by 30%', null  );
INSERT INTO career ( career_id, resume_id, job, responsibility, started_at, ended_at, work_performance, detail  ) VALUES ( '4', '4', 'Sales', 'Employee', '2019-08-19', '2020-03-14', null, null  );
INSERT INTO career ( career_id, resume_id, job, responsibility, started_at, ended_at, work_performance, detail  ) VALUES ( '5', '5', 'Sales', 'Employee', '2020-02-22', '2021-01-26', null, null  );
INSERT INTO career ( career_id, resume_id, job, responsibility, started_at, ended_at, work_performance, detail  ) VALUES ( '6', '6', 'Sales', 'Employee', '2020-09-13', '2021-06-27', null, null  );
INSERT INTO career ( career_id, resume_id, job, responsibility, started_at, ended_at, work_performance, detail  ) VALUES ( '7', '7', 'Engineering', 'Employee', '2020-11-06', '2021-02-17', null, null  );
INSERT INTO career ( career_id, resume_id, job, responsibility, started_at, ended_at, work_performance, detail  ) VALUES ( '8', '8', 'Engineering', 'Employee', '2021-10-22', '2022-04-30', null, null  );
INSERT INTO career ( career_id, resume_id, job, responsibility, started_at, ended_at, work_performance, detail  ) VALUES ( '9', '9', 'Engineering', 'Employee', '2022-07-12', '2022-10-15', null, null  );
INSERT INTO career ( career_id, resume_id, job, responsibility, started_at, ended_at, work_performance, detail  ) VALUES ( '10', '10', 'Engineering', 'Employee', '2020-06-07', '2021-01-30', null, null  );
INSERT INTO career ( career_id, resume_id, job, responsibility, started_at, ended_at, work_performance, detail  ) VALUES ( '11', '11', 'Engineering', 'Team Leader', '2020-09-30', '2021-08-25', 'Successfully led a team of developers in completing a major project.', null  );
INSERT INTO career ( career_id, resume_id, job, responsibility, started_at, ended_at, work_performance, detail  ) VALUES ( '12', '12', 'Engineering', 'Employee', '2023-02-06', '2023-10-28', null, null  );
INSERT INTO career ( career_id, resume_id, job, responsibility, started_at, ended_at, work_performance, detail  ) VALUES ( '13', '13', 'Manufacturing', 'Employee', '2020-07-21', '2021-03-16', null, null  );
INSERT INTO career ( career_id, resume_id, job, responsibility, started_at, ended_at, work_performance, detail  ) VALUES ( '14', '14', 'Manufacturing', 'Employee', '2019-03-22', '2019-12-24', null, null  );
INSERT INTO career ( career_id, resume_id, job, responsibility, started_at, ended_at, work_performance, detail  ) VALUES ( '15', '15', 'Manufacturing', 'Employee', '2021-09-02', '2022-05-22', null, null  );
INSERT INTO career ( career_id, resume_id, job, responsibility, started_at, ended_at, work_performance, detail  ) VALUES ( '16', '15', 'Manufacturing', 'Employee', '2021-04-27', '2021-12-01', null, null  );
INSERT INTO career ( career_id, resume_id, job, responsibility, started_at, ended_at, work_performance, detail  ) VALUES ( '17', '15', 'Manufacturing', 'Employee', '2021-12-15', '2022-09-23', null, null  );
INSERT INTO career ( career_id, resume_id, job, responsibility, started_at, ended_at, work_performance, detail  ) VALUES ( '18', '18', 'Manufacturing', 'Employee', '2019-03-13', '2020-01-27', null, null  );
INSERT INTO career ( career_id, resume_id, job, responsibility, started_at, ended_at, work_performance, detail  ) VALUES ( '19', '19', 'Manufacturing', 'Employee', '2022-05-02', '2022-09-13', null, null  );
INSERT INTO career ( career_id, resume_id, job, responsibility, started_at, ended_at, work_performance, detail  ) VALUES ( '20', '20', 'Manufacturing', 'Employee', '2020-05-25', '2021-01-23', null, null  );
INSERT INTO career ( career_id, resume_id, job, responsibility, started_at, ended_at, work_performance, detail  ) VALUES ( '21', '21', 'Manufacturing', 'Employee', '2021-06-17', '2021-12-12', null, null  );
INSERT INTO career ( career_id, resume_id, job, responsibility, started_at, ended_at, work_performance, detail  ) VALUES ( '22', '22', 'Manufacturing', 'Employee', '2020-05-08', '2020-09-21', null, null  );
INSERT INTO career ( career_id, resume_id, job, responsibility, started_at, ended_at, work_performance, detail  ) VALUES ( '23', '22', 'Manufacturing', 'Employee', '2022-05-21', '2023-03-17', null, null  );
INSERT INTO career ( career_id, resume_id, job, responsibility, started_at, ended_at, work_performance, detail  ) VALUES ( '24', '22', 'Manufacturing', 'Employee', '2019-09-04', '2020-08-19', null, null  );
INSERT INTO career ( career_id, resume_id, job, responsibility, started_at, ended_at, work_performance, detail  ) VALUES ( '25', '25', 'Manufacturing', 'Employee', '2019-03-22', '2019-10-28', null, null  );
INSERT INTO career ( career_id, resume_id, job, responsibility, started_at, ended_at, work_performance, detail  ) VALUES ( '26', '26', 'Manufacturing', 'Team Leader', '2020-05-27', '2021-05-08', null, null  );
INSERT INTO career ( career_id, resume_id, job, responsibility, started_at, ended_at, work_performance, detail  ) VALUES ( '27', '27', 'Manufacturing', 'Employee', '2019-01-24', '2019-11-12', null, null  );
INSERT INTO career ( career_id, resume_id, job, responsibility, started_at, ended_at, work_performance, detail  ) VALUES ( '28', '28', 'Logistics', 'Employee', '2019-01-22', '2020-01-12', null, null  );
INSERT INTO career ( career_id, resume_id, job, responsibility, started_at, ended_at, work_performance, detail  ) VALUES ( '29', '29', 'Logistics', 'Employee', '2019-02-16', '2019-08-29', null, null  );
INSERT INTO career ( career_id, resume_id, job, responsibility, started_at, ended_at, work_performance, detail  ) VALUES ( '30', '30', 'Logistics', 'Employee', '2020-04-04', '2020-12-04', null, null  );
INSERT INTO career ( career_id, resume_id, job, responsibility, started_at, ended_at, work_performance, detail  ) VALUES ( '31', '31', 'Logistics', 'Employee', '2022-09-02', '2023-05-13', null, null  );
INSERT INTO career ( career_id, resume_id, job, responsibility, started_at, ended_at, work_performance, detail  ) VALUES ( '32', '32', 'Logistics', 'Employee', '2020-05-15', '2020-12-11', null, null  );
INSERT INTO career ( career_id, resume_id, job, responsibility, started_at, ended_at, work_performance, detail  ) VALUES ( '33', '32', 'Logistics', 'Employee', '2022-03-21', '2023-02-24', null, null  );
INSERT INTO career ( career_id, resume_id, job, responsibility, started_at, ended_at, work_performance, detail  ) VALUES ( '34', '32', 'Logistics', 'Employee', '2023-09-28', '2023-12-07', null, null  );
INSERT INTO career ( career_id, resume_id, job, responsibility, started_at, ended_at, work_performance, detail  ) VALUES ( '35', '35', 'Logistics', 'Employee', '2020-03-07', '2020-08-29', null, null  );
INSERT INTO career ( career_id, resume_id, job, responsibility, started_at, ended_at, work_performance, detail  ) VALUES ( '36', '36', 'Logistics', 'Employee', '2019-04-17', '2019-12-28', null, null  );
INSERT INTO career ( career_id, resume_id, job, responsibility, started_at, ended_at, work_performance, detail  ) VALUES ( '37', '37', 'Logistics', 'Employee', '2020-07-11', '2021-03-16', null, null  );
INSERT INTO career ( career_id, resume_id, job, responsibility, started_at, ended_at, work_performance, detail  ) VALUES ( '38', '38', 'Consulting', 'Employee', '2020-01-23', '2020-09-24', null, null  );
INSERT INTO career ( career_id, resume_id, job, responsibility, started_at, ended_at, work_performance, detail  ) VALUES ( '39', '39', 'Consulting', 'Employee', '2021-10-31', '2022-07-18', null, null  );
INSERT INTO career ( career_id, resume_id, job, responsibility, started_at, ended_at, work_performance, detail  ) VALUES ( '40', '40', 'Consulting', 'Employee', '2019-03-27', '2020-01-22', null, null  );
INSERT INTO career ( career_id, resume_id, job, responsibility, started_at, ended_at, work_performance, detail  ) VALUES ( '41', '41', 'Consulting', 'Employee', '2019-12-29', '2020-03-29', null, null  );
INSERT INTO career ( career_id, resume_id, job, responsibility, started_at, ended_at, work_performance, detail  ) VALUES ( '42', '42', 'Consulting', 'Employee', '2021-03-08', '2022-01-26', null, null  );
INSERT INTO career ( career_id, resume_id, job, responsibility, started_at, ended_at, work_performance, detail  ) VALUES ( '43', '43', 'Design', 'Employee', '2022-04-18', '2022-10-22', null, null  );
INSERT INTO career ( career_id, resume_id, job, responsibility, started_at, ended_at, work_performance, detail  ) VALUES ( '44', '44', 'Design', 'Employee', '2021-08-01', '2022-02-16', null, null  );
INSERT INTO career ( career_id, resume_id, job, responsibility, started_at, ended_at, work_performance, detail  ) VALUES ( '45', '45', 'Design', 'Employee', '2021-01-02', '2021-08-02', null, null  );
INSERT INTO career ( career_id, resume_id, job, responsibility, started_at, ended_at, work_performance, detail  ) VALUES ( '46', '46', 'Design', 'Employee', '2022-08-15', '2023-04-06', null, null  );
INSERT INTO career ( career_id, resume_id, job, responsibility, started_at, ended_at, work_performance, detail  ) VALUES ( '47', '47', 'Design', 'Employee', '2021-02-26', '2022-01-24', null, null  );
INSERT INTO career ( career_id, resume_id, job, responsibility, started_at, ended_at, work_performance, detail  ) VALUES ( '48', '48', 'Education', 'Employee', '2019-07-25', '2020-01-05', null, null  );
INSERT INTO career ( career_id, resume_id, job, responsibility, started_at, ended_at, work_performance, detail  ) VALUES ( '49', '49', 'Education', 'Employee', '2020-06-26', '2021-04-05', null, null  );
INSERT INTO career ( career_id, resume_id, job, responsibility, started_at, ended_at, work_performance, detail  ) VALUES ( '50', '50', 'Education', 'Employee', '2022-04-05', '2022-12-09', null, null  );


INSERT INTO user_visa ( user_id, visa, created_at, expired_at ) VALUES ( '1', 'E-9', '2023-11-01', '2028-10-05' );
INSERT INTO user_visa ( user_id, visa, created_at, expired_at ) VALUES ( '2', 'E-9', '2023-10-25', '2028-09-28' );
INSERT INTO user_visa ( user_id, visa, created_at, expired_at ) VALUES ( '3', 'E-9', '2023-10-18', '2028-09-21' );
INSERT INTO user_visa ( user_id, visa, created_at, expired_at ) VALUES ( '4', 'E-9', '2023-10-11', '2028-09-14' );
INSERT INTO user_visa ( user_id, visa, created_at, expired_at ) VALUES ( '5', 'E-9', '2023-10-04', '2028-09-07' );
INSERT INTO user_visa ( user_id, visa, created_at, expired_at ) VALUES ( '6', 'E-9', '2023-09-27', '2028-08-31' );
INSERT INTO user_visa ( user_id, visa, created_at, expired_at ) VALUES ( '7', 'E-9', '2023-09-20', '2028-08-24' );
INSERT INTO user_visa ( user_id, visa, created_at, expired_at ) VALUES ( '8', 'E-9', '2023-09-13', '2028-08-17' );
INSERT INTO user_visa ( user_id, visa, created_at, expired_at ) VALUES ( '9', 'E-9', '2023-09-06', '2028-08-10' );
INSERT INTO user_visa ( user_id, visa, created_at, expired_at ) VALUES ( '10', 'E-9', '2023-08-30', '2028-08-03' );
INSERT INTO user_visa ( user_id, visa, created_at, expired_at ) VALUES ( '11', 'E-9', '2023-08-23', '2028-07-27' );
INSERT INTO user_visa ( user_id, visa, created_at, expired_at ) VALUES ( '12', 'E-9', '2023-08-16', '2028-07-20' );
INSERT INTO user_visa ( user_id, visa, created_at, expired_at ) VALUES ( '13', 'E-9', '2023-08-09', '2028-07-13' );
INSERT INTO user_visa ( user_id, visa, created_at, expired_at ) VALUES ( '14', 'H-2', '2023-08-02', '2026-07-17' );
INSERT INTO user_visa ( user_id, visa, created_at, expired_at ) VALUES ( '15', 'H-2', '2023-07-26', '2026-07-10' );
INSERT INTO user_visa ( user_id, visa, created_at, expired_at ) VALUES ( '16', 'H-2', '2023-07-19', '2026-07-03' );
INSERT INTO user_visa ( user_id, visa, created_at, expired_at ) VALUES ( '17', 'H-2', '2023-07-12', '2026-06-26' );
INSERT INTO user_visa ( user_id, visa, created_at, expired_at ) VALUES ( '18', 'H-2', '2023-07-05', '2026-06-19' );
INSERT INTO user_visa ( user_id, visa, created_at, expired_at ) VALUES ( '19', 'H-2', '2023-06-28', '2026-06-12' );
INSERT INTO user_visa ( user_id, visa, created_at, expired_at ) VALUES ( '20', 'H-2', '2023-06-21', '2026-06-05' );
INSERT INTO user_visa ( user_id, visa, created_at, expired_at ) VALUES ( '21', 'H-2', '2023-06-14', '2026-05-29' );
INSERT INTO user_visa ( user_id, visa, created_at, expired_at ) VALUES ( '22', 'H-2', '2023-06-07', '2026-05-22' );
INSERT INTO user_visa ( user_id, visa, created_at, expired_at ) VALUES ( '23', 'H-2', '2023-05-31', '2026-05-15' );
INSERT INTO user_visa ( user_id, visa, created_at, expired_at ) VALUES ( '24', 'H-2', '2023-05-24', '2026-05-08' );
INSERT INTO user_visa ( user_id, visa, created_at, expired_at ) VALUES ( '25', 'H-2', '2023-05-17', '2026-05-01' );
INSERT INTO user_visa ( user_id, visa, created_at, expired_at ) VALUES ( '26', 'H-2', '2023-05-10', '2026-04-24' );
INSERT INTO user_visa ( user_id, visa, created_at, expired_at ) VALUES ( '27', 'H-2', '2023-05-03', '2026-04-17' );
INSERT INTO user_visa ( user_id, visa, created_at, expired_at ) VALUES ( '28', 'H-2', '2023-04-26', '2026-04-10' );
INSERT INTO user_visa ( user_id, visa, created_at, expired_at ) VALUES ( '29', 'H-2', '2023-04-19', '2026-04-03' );
INSERT INTO user_visa ( user_id, visa, created_at, expired_at ) VALUES ( '30', 'D-2', '2023-04-12', '2025-09-28' );
INSERT INTO user_visa ( user_id, visa, created_at, expired_at ) VALUES ( '31', 'D-2', '2023-04-05', '2025-09-21' );
INSERT INTO user_visa ( user_id, visa, created_at, expired_at ) VALUES ( '32', 'D-2', '2023-03-29', '2025-09-14' );
INSERT INTO user_visa ( user_id, visa, created_at, expired_at ) VALUES ( '33', 'D-2', '2023-03-22', '2025-09-07' );
INSERT INTO user_visa ( user_id, visa, created_at, expired_at ) VALUES ( '34', 'D-2', '2023-03-15', '2025-08-31' );
INSERT INTO user_visa ( user_id, visa, created_at, expired_at ) VALUES ( '35', 'D-2', '2023-03-08', '2025-08-24' );
INSERT INTO user_visa ( user_id, visa, created_at, expired_at ) VALUES ( '36', 'D-2', '2023-03-01', '2025-08-17' );
INSERT INTO user_visa ( user_id, visa, created_at, expired_at ) VALUES ( '37', 'D-2', '2023-02-22', '2025-08-10' );
INSERT INTO user_visa ( user_id, visa, created_at, expired_at ) VALUES ( '38', 'D-2', '2023-02-15', '2025-08-03' );
INSERT INTO user_visa ( user_id, visa, created_at, expired_at ) VALUES ( '39', 'D-2', '2023-02-08', '2025-07-27' );
INSERT INTO user_visa ( user_id, visa, created_at, expired_at ) VALUES ( '40', 'D-2', '2023-02-01', '2025-07-20' );
INSERT INTO user_visa ( user_id, visa, created_at, expired_at ) VALUES ( '41', 'D-2', '2023-01-25', '2025-07-13' );
INSERT INTO user_visa ( user_id, visa, created_at, expired_at ) VALUES ( '42', 'D-2', '2023-01-18', '2025-07-06' );
INSERT INTO user_visa ( user_id, visa, created_at, expired_at ) VALUES ( '43', 'D-2', '2023-01-11', '2025-06-29' );
INSERT INTO user_visa ( user_id, visa, created_at, expired_at ) VALUES ( '44', 'D-2', '2023-01-04', '2025-06-22' );
INSERT INTO user_visa ( user_id, visa, created_at, expired_at ) VALUES ( '45', 'D-2', '2022-12-28', '2025-06-15' );
INSERT INTO user_visa ( user_id, visa, created_at, expired_at ) VALUES ( '46', 'D-2', '2022-12-21', '2025-06-08' );
INSERT INTO user_visa ( user_id, visa, created_at, expired_at ) VALUES ( '47', 'D-2', '2022-12-14', '2025-06-01' );
INSERT INTO user_visa ( user_id, visa, created_at, expired_at ) VALUES ( '48', 'D-2', '2022-12-07', '2025-05-25' );
INSERT INTO user_visa ( user_id, visa, created_at, expired_at ) VALUES ( '49', 'D-2', '2022-11-30', '2025-05-18' );
INSERT INTO user_visa ( user_id, visa, created_at, expired_at ) VALUES ( '50', 'D-2', '2022-11-23', '2025-05-11' );


INSERT INTO visa_filter ( job_code, visa  ) VALUES ( '01', 'E-9'  );
INSERT INTO visa_filter ( job_code, visa  ) VALUES ( '03', 'E-9'  );
INSERT INTO visa_filter ( job_code, visa  ) VALUES ( '07', 'E-9'  );
INSERT INTO visa_filter ( job_code, visa  ) VALUES ( '10', 'E-9'  );
INSERT INTO visa_filter ( job_code, visa  ) VALUES ( '11', 'E-9'  );
INSERT INTO visa_filter ( job_code, visa  ) VALUES ( '12', 'E-9'  );
INSERT INTO visa_filter ( job_code, visa  ) VALUES ( '13', 'E-9'  );
INSERT INTO visa_filter ( job_code, visa  ) VALUES ( '14', 'E-9'  );
INSERT INTO visa_filter ( job_code, visa  ) VALUES ( '15', 'E-9'  );
INSERT INTO visa_filter ( job_code, visa  ) VALUES ( '16', 'E-9'  );
INSERT INTO visa_filter ( job_code, visa  ) VALUES ( '17', 'E-9'  );
INSERT INTO visa_filter ( job_code, visa  ) VALUES ( '18', 'E-9'  );
INSERT INTO visa_filter ( job_code, visa  ) VALUES ( '19', 'E-9'  );
INSERT INTO visa_filter ( job_code, visa  ) VALUES ( '20', 'E-9'  );
INSERT INTO visa_filter ( job_code, visa  ) VALUES ( '21', 'E-9'  );
INSERT INTO visa_filter ( job_code, visa  ) VALUES ( '22', 'E-9'  );
INSERT INTO visa_filter ( job_code, visa  ) VALUES ( '23', 'E-9'  );
INSERT INTO visa_filter ( job_code, visa  ) VALUES ( '24', 'E-9'  );
INSERT INTO visa_filter ( job_code, visa  ) VALUES ( '25', 'E-9'  );
INSERT INTO visa_filter ( job_code, visa  ) VALUES ( '26', 'E-9'  );
INSERT INTO visa_filter ( job_code, visa  ) VALUES ( '27', 'E-9'  );
INSERT INTO visa_filter ( job_code, visa  ) VALUES ( '28', 'E-9'  );
INSERT INTO visa_filter ( job_code, visa  ) VALUES ( '29', 'E-9'  );
INSERT INTO visa_filter ( job_code, visa  ) VALUES ( '30', 'E-9'  );
INSERT INTO visa_filter ( job_code, visa  ) VALUES ( '31', 'E-9'  );
INSERT INTO visa_filter ( job_code, visa  ) VALUES ( '32', 'E-9'  );
INSERT INTO visa_filter ( job_code, visa  ) VALUES ( '33', 'E-9'  );
INSERT INTO visa_filter ( job_code, visa  ) VALUES ( '34', 'E-9'  );
INSERT INTO visa_filter ( job_code, visa  ) VALUES ( '38', 'E-9'  );
INSERT INTO visa_filter ( job_code, visa  ) VALUES ( '41', 'E-9'  );
INSERT INTO visa_filter ( job_code, visa  ) VALUES ( '46', 'E-9'  );
INSERT INTO visa_filter ( job_code, visa  ) VALUES ( '49', 'E-9'  );
INSERT INTO visa_filter ( job_code, visa  ) VALUES ( '52', 'E-9'  );
INSERT INTO visa_filter ( job_code, visa  ) VALUES ( '58', 'E-9'  );
INSERT INTO visa_filter ( job_code, visa  ) VALUES ( '59', 'E-9'  );
INSERT INTO visa_filter ( job_code, visa  ) VALUES ( '01', 'H-2'  );
INSERT INTO visa_filter ( job_code, visa  ) VALUES ( '03', 'H-2'  );
INSERT INTO visa_filter ( job_code, visa  ) VALUES ( '07', 'H-2'  );
INSERT INTO visa_filter ( job_code, visa  ) VALUES ( '10', 'H-2'  );
INSERT INTO visa_filter ( job_code, visa  ) VALUES ( '11', 'H-2'  );
INSERT INTO visa_filter ( job_code, visa  ) VALUES ( '12', 'H-2'  );
INSERT INTO visa_filter ( job_code, visa  ) VALUES ( '13', 'H-2'  );
INSERT INTO visa_filter ( job_code, visa  ) VALUES ( '14', 'H-2'  );
INSERT INTO visa_filter ( job_code, visa  ) VALUES ( '15', 'H-2'  );
INSERT INTO visa_filter ( job_code, visa  ) VALUES ( '16', 'H-2'  );
INSERT INTO visa_filter ( job_code, visa  ) VALUES ( '17', 'H-2'  );
INSERT INTO visa_filter ( job_code, visa  ) VALUES ( '18', 'H-2'  );
INSERT INTO visa_filter ( job_code, visa  ) VALUES ( '19', 'H-2'  );
INSERT INTO visa_filter ( job_code, visa  ) VALUES ( '20', 'H-2'  );
INSERT INTO visa_filter ( job_code, visa  ) VALUES ( '21', 'H-2'  );
INSERT INTO visa_filter ( job_code, visa  ) VALUES ( '22', 'H-2'  );
INSERT INTO visa_filter ( job_code, visa  ) VALUES ( '23', 'H-2'  );
INSERT INTO visa_filter ( job_code, visa  ) VALUES ( '24', 'H-2'  );
INSERT INTO visa_filter ( job_code, visa  ) VALUES ( '25', 'H-2'  );
INSERT INTO visa_filter ( job_code, visa  ) VALUES ( '26', 'H-2'  );
INSERT INTO visa_filter ( job_code, visa  ) VALUES ( '27', 'H-2'  );
INSERT INTO visa_filter ( job_code, visa  ) VALUES ( '28', 'H-2'  );
INSERT INTO visa_filter ( job_code, visa  ) VALUES ( '29', 'H-2'  );
INSERT INTO visa_filter ( job_code, visa  ) VALUES ( '30', 'H-2'  );
INSERT INTO visa_filter ( job_code, visa  ) VALUES ( '31', 'H-2'  );
INSERT INTO visa_filter ( job_code, visa  ) VALUES ( '32', 'H-2'  );
INSERT INTO visa_filter ( job_code, visa  ) VALUES ( '33', 'H-2'  );
INSERT INTO visa_filter ( job_code, visa  ) VALUES ( '34', 'H-2'  );
INSERT INTO visa_filter ( job_code, visa  ) VALUES ( '37', 'H-2'  );
INSERT INTO visa_filter ( job_code, visa  ) VALUES ( '38', 'H-2'  );
INSERT INTO visa_filter ( job_code, visa  ) VALUES ( '41', 'H-2'  );
INSERT INTO visa_filter ( job_code, visa  ) VALUES ( '42', 'H-2'  );
INSERT INTO visa_filter ( job_code, visa  ) VALUES ( '46', 'H-2'  );
INSERT INTO visa_filter ( job_code, visa  ) VALUES ( '47', 'H-2'  );
INSERT INTO visa_filter ( job_code, visa  ) VALUES ( '49', 'H-2'  );
INSERT INTO visa_filter ( job_code, visa  ) VALUES ( '52', 'H-2'  );
INSERT INTO visa_filter ( job_code, visa  ) VALUES ( '55', 'H-2'  );
INSERT INTO visa_filter ( job_code, visa  ) VALUES ( '56', 'H-2'  );
INSERT INTO visa_filter ( job_code, visa  ) VALUES ( '58', 'H-2'  );
INSERT INTO visa_filter ( job_code, visa  ) VALUES ( '59', 'H-2'  );
INSERT INTO visa_filter ( job_code, visa  ) VALUES ( '74', 'H-2'  );
INSERT INTO visa_filter ( job_code, visa  ) VALUES ( '75', 'H-2'  );
INSERT INTO visa_filter ( job_code, visa  ) VALUES ( '87', 'H-2'  );
INSERT INTO visa_filter ( job_code, visa  ) VALUES ( '95', 'H-2'  );
INSERT INTO visa_filter ( job_code, visa  ) VALUES ( '96', 'H-2'  );
INSERT INTO visa_filter ( job_code, visa  ) VALUES ( '97', 'H-2'  );

INSERT INTO recruit_tag ( tag_id, name ) VALUES ( '1', '태그1');
INSERT INTO recruit_tag ( tag_id, name ) VALUES ( '2', '태그2');
INSERT INTO recruit_tag ( tag_id, name ) VALUES ( '3', '태그3');
INSERT INTO recruit_tag ( tag_id, name ) VALUES ( '4', '태그4');
INSERT INTO recruit_tag ( tag_id, name ) VALUES ( '5', '태그5');
INSERT INTO recruit_tag ( tag_id, name ) VALUES ( '6', '태그6');
INSERT INTO recruit_tag ( tag_id, name ) VALUES ( '7', '태그7');
INSERT INTO recruit_tag ( tag_id, name ) VALUES ( '8', '태그8');
INSERT INTO recruit_tag ( tag_id, name ) VALUES ( '9', '태그9');
INSERT INTO recruit_tag ( tag_id, name ) VALUES ( '10', '태그10');

INSERT INTO recruit_tag_map ( id, recruit_id, tag_id ) VALUES ( '1', '1', '1');
INSERT INTO recruit_tag_map ( id, recruit_id, tag_id ) VALUES ( '2', '1', '2');
INSERT INTO recruit_tag_map ( id, recruit_id, tag_id ) VALUES ( '3', '1', '3');
INSERT INTO recruit_tag_map ( id, recruit_id, tag_id ) VALUES ( '4', '2', '2');
INSERT INTO recruit_tag_map ( id, recruit_id, tag_id ) VALUES ( '5', '2', '3');
INSERT INTO recruit_tag_map ( id, recruit_id, tag_id ) VALUES ( '6', '2', '4');
INSERT INTO recruit_tag_map ( id, recruit_id, tag_id ) VALUES ( '7', '2', '5');
INSERT INTO recruit_tag_map ( id, recruit_id, tag_id ) VALUES ( '8', '3', '1');
INSERT INTO recruit_tag_map ( id, recruit_id, tag_id ) VALUES ( '9', '3', '6');
INSERT INTO recruit_tag_map ( id, recruit_id, tag_id ) VALUES ( '10', '3', '10');
INSERT INTO recruit_tag_map ( id, recruit_id, tag_id ) VALUES ( '11', '4', '9');
INSERT INTO recruit_tag_map ( id, recruit_id, tag_id ) VALUES ( '12', '4', '1');
INSERT INTO recruit_tag_map ( id, recruit_id, tag_id ) VALUES ( '13', '5', '3');
INSERT INTO recruit_tag_map ( id, recruit_id, tag_id ) VALUES ( '14', '6', '4');
INSERT INTO recruit_tag_map ( id, recruit_id, tag_id ) VALUES ( '15', '7', '7');
INSERT INTO recruit_tag_map ( id, recruit_id, tag_id ) VALUES ( '16', '8', '3');
INSERT INTO recruit_tag_map ( id, recruit_id, tag_id ) VALUES ( '17', '9', '1');
INSERT INTO recruit_tag_map ( id, recruit_id, tag_id ) VALUES ( '18', '10', '1');
INSERT INTO recruit_tag_map ( id, recruit_id, tag_id ) VALUES ( '19', '11', '1');
INSERT INTO recruit_tag_map ( id, recruit_id, tag_id ) VALUES ( '20', '12', '1');